Comunidades y Ciudades Autónomas de destino;País de residencia;Periodo;Total
Andalucía;Total;2025T2;443,24
Andalucía;Total;2025T1;500,83
Andalucía;Total;2024T4;451,81
Andalucía;Total;2024T3;483,88
Andalucía;Total;2024T2;433,29
Andalucía;Total;2024T1;492,00
Andalucía;Total;2023T4;441,29
Andalucía;Total;2023T3;458,45
Andalucía;Total;2023T2;437,08
Andalucía;Total;2023T1;439,40
Andalucía;Total;2022T4;432,22
Andalucía;Total;2022T3;455,29
Andalucía;Total;2022T2;408,53
Andalucía;Total;2022T1;463,00
Andalucía;Total;2021T4;437,77
Andalucía;Total;2021T3;421,85
Andalucía;Total;2021T2;350,90
Andalucía;Total;2021T1;381,40
Andalucía;Total;2020T4;357,56
Andalucía;Total;2020T3;340,63
Andalucía;Total;2020T2;.
Andalucía;Total;2020T1;381,57
Andalucía;Total;2019T4;352,11
Andalucía;Total;2019T3;372,15
Andalucía;Total;2019T2;351,80
Andalucía;Total;2019T1;421,11
Andalucía;Total;2018T4;384,88
Andalucía;Total;2018T3;376,91
Andalucía;Total;2018T2;335,44
Andalucía;Total;2018T1;412,07
Andalucía;Alemania;2025T2;468,22
Andalucía;Alemania;2025T1;553,53
Andalucía;Alemania;2024T4;485,47
Andalucía;Alemania;2024T3;489,88
Andalucía;Alemania;2024T2;470,79
Andalucía;Alemania;2024T1;559,42
Andalucía;Alemania;2023T4;492,04
Andalucía;Alemania;2023T3;486,55
Andalucía;Alemania;2023T2;492,51
Andalucía;Alemania;2023T1;506,68
Andalucía;Alemania;2022T4;481,72
Andalucía;Alemania;2022T3;491,56
Andalucía;Alemania;2022T2;476,37
Andalucía;Alemania;2022T1;516,17
Andalucía;Alemania;2021T4;500,50
Andalucía;Alemania;2021T3;469,63
Andalucía;Alemania;2021T2;406,64
Andalucía;Alemania;2021T1;444,42
Andalucía;Alemania;2020T4;422,58
Andalucía;Alemania;2020T3;407,31
Andalucía;Alemania;2020T2;.
Andalucía;Alemania;2020T1;501,53
Andalucía;Alemania;2019T4;455,48
Andalucía;Alemania;2019T3;466,48
Andalucía;Alemania;2019T2;455,17
Andalucía;Alemania;2019T1;541,75
Andalucía;Alemania;2018T4;483,44
Andalucía;Alemania;2018T3;460,92
Andalucía;Alemania;2018T2;425,37
Andalucía;Alemania;2018T1;519,62
Andalucía;Andorra;2025T2;.
Andalucía;Andorra;2025T1;.
Andalucía;Andorra;2024T4;.
Andalucía;Andorra;2024T3;.
Andalucía;Andorra;2024T2;.
Andalucía;Andorra;2024T1;.
Andalucía;Andorra;2023T4;.
Andalucía;Andorra;2023T3;.
Andalucía;Andorra;2023T2;.
Andalucía;Andorra;2023T1;.
Andalucía;Andorra;2022T4;588,92
Andalucía;Andorra;2022T3;566,49
Andalucía;Andorra;2022T2;537,77
Andalucía;Andorra;2022T1;643,51
Andalucía;Andorra;2021T4;557,22
Andalucía;Andorra;2021T3;488,78
Andalucía;Andorra;2021T2;449,34
Andalucía;Andorra;2021T1;512,54
Andalucía;Andorra;2020T4;437,43
Andalucía;Andorra;2020T3;371,41
Andalucía;Andorra;2020T2;.
Andalucía;Andorra;2020T1;575,24
Andalucía;Andorra;2019T4;476,10
Andalucía;Andorra;2019T3;443,16
Andalucía;Andorra;2019T2;470,53
Andalucía;Andorra;2019T1;597,09
Andalucía;Andorra;2018T4;483,21
Andalucía;Andorra;2018T3;426,52
Andalucía;Andorra;2018T2;447,94
Andalucía;Andorra;2018T1;464,85
Andalucía;Austria;2025T2;459,88
Andalucía;Austria;2025T1;537,43
Andalucía;Austria;2024T4;503,74
Andalucía;Austria;2024T3;480,52
Andalucía;Austria;2024T2;467,81
Andalucía;Austria;2024T1;539,85
Andalucía;Austria;2023T4;503,93
Andalucía;Austria;2023T3;462,24
Andalucía;Austria;2023T2;496,23
Andalucía;Austria;2023T1;511,40
Andalucía;Austria;2022T4;505,39
Andalucía;Austria;2022T3;472,74
Andalucía;Austria;2022T2;474,77
Andalucía;Austria;2022T1;525,62
Andalucía;Austria;2021T4;499,41
Andalucía;Austria;2021T3;441,42
Andalucía;Austria;2021T2;399,11
Andalucía;Austria;2021T1;454,91
Andalucía;Austria;2020T4;441,55
Andalucía;Austria;2020T3;383,60
Andalucía;Austria;2020T2;.
Andalucía;Austria;2020T1;485,70
Andalucía;Austria;2019T4;458,08
Andalucía;Austria;2019T3;441,78
Andalucía;Austria;2019T2;449,76
Andalucía;Austria;2019T1;545,18
Andalucía;Austria;2018T4;489,66
Andalucía;Austria;2018T3;446,74
Andalucía;Austria;2018T2;428,39
Andalucía;Austria;2018T1;557,07
Andalucía;Bélgica;2025T2;539,22
Andalucía;Bélgica;2025T1;596,52
Andalucía;Bélgica;2024T4;545,31
Andalucía;Bélgica;2024T3;531,45
Andalucía;Bélgica;2024T2;513,75
Andalucía;Bélgica;2024T1;575,16
Andalucía;Bélgica;2023T4;529,51
Andalucía;Bélgica;2023T3;501,97
Andalucía;Bélgica;2023T2;523,54
Andalucía;Bélgica;2023T1;510,15
Andalucía;Bélgica;2022T4;508,01
Andalucía;Bélgica;2022T3;486,80
Andalucía;Bélgica;2022T2;478,26
Andalucía;Bélgica;2022T1;517,26
Andalucía;Bélgica;2021T4;491,01
Andalucía;Bélgica;2021T3;434,60
Andalucía;Bélgica;2021T2;404,67
Andalucía;Bélgica;2021T1;398,40
Andalucía;Bélgica;2020T4;394,45
Andalucía;Bélgica;2020T3;358,83
Andalucía;Bélgica;2020T2;.
Andalucía;Bélgica;2020T1;418,38
Andalucía;Bélgica;2019T4;397,63
Andalucía;Bélgica;2019T3;381,86
Andalucía;Bélgica;2019T2;381,29
Andalucía;Bélgica;2019T1;450,85
Andalucía;Bélgica;2018T4;411,29
Andalucía;Bélgica;2018T3;364,13
Andalucía;Bélgica;2018T2;353,18
Andalucía;Bélgica;2018T1;425,73
Andalucía;Dinamarca;2025T2;480,33
Andalucía;Dinamarca;2025T1;520,79
Andalucía;Dinamarca;2024T4;463,19
Andalucía;Dinamarca;2024T3;470,04
Andalucía;Dinamarca;2024T2;438,85
Andalucía;Dinamarca;2024T1;510,28
Andalucía;Dinamarca;2023T4;436,06
Andalucía;Dinamarca;2023T3;439,21
Andalucía;Dinamarca;2023T2;437,84
Andalucía;Dinamarca;2023T1;425,66
Andalucía;Dinamarca;2022T4;410,42
Andalucía;Dinamarca;2022T3;437,50
Andalucía;Dinamarca;2022T2;420,31
Andalucía;Dinamarca;2022T1;465,34
Andalucía;Dinamarca;2021T4;420,35
Andalucía;Dinamarca;2021T3;403,86
Andalucía;Dinamarca;2021T2;355,50
Andalucía;Dinamarca;2021T1;353,62
Andalucía;Dinamarca;2020T4;313,17
Andalucía;Dinamarca;2020T3;326,02
Andalucía;Dinamarca;2020T2;.
Andalucía;Dinamarca;2020T1;334,31
Andalucía;Dinamarca;2019T4;313,29
Andalucía;Dinamarca;2019T3;312,22
Andalucía;Dinamarca;2019T2;301,19
Andalucía;Dinamarca;2019T1;354,05
Andalucía;Dinamarca;2018T4;310,77
Andalucía;Dinamarca;2018T3;294,12
Andalucía;Dinamarca;2018T2;267,59
Andalucía;Dinamarca;2018T1;333,12
Andalucía;Finlandia;2025T2;345,01
Andalucía;Finlandia;2025T1;422,68
Andalucía;Finlandia;2024T4;374,50
Andalucía;Finlandia;2024T3;333,16
Andalucía;Finlandia;2024T2;318,97
Andalucía;Finlandia;2024T1;396,82
Andalucía;Finlandia;2023T4;355,97
Andalucía;Finlandia;2023T3;323,32
Andalucía;Finlandia;2023T2;324,78
Andalucía;Finlandia;2023T1;353,80
Andalucía;Finlandia;2022T4;345,19
Andalucía;Finlandia;2022T3;314,54
Andalucía;Finlandia;2022T2;300,60
Andalucía;Finlandia;2022T1;365,49
Andalucía;Finlandia;2021T4;344,93
Andalucía;Finlandia;2021T3;289,36
Andalucía;Finlandia;2021T2;280,30
Andalucía;Finlandia;2021T1;278,23
Andalucía;Finlandia;2020T4;264,63
Andalucía;Finlandia;2020T3;245,74
Andalucía;Finlandia;2020T2;.
Andalucía;Finlandia;2020T1;302,62
Andalucía;Finlandia;2019T4;277,96
Andalucía;Finlandia;2019T3;244,70
Andalucía;Finlandia;2019T2;246,74
Andalucía;Finlandia;2019T1;327,75
Andalucía;Finlandia;2018T4;285,72
Andalucía;Finlandia;2018T3;245,37
Andalucía;Finlandia;2018T2;233,37
Andalucía;Finlandia;2018T1;313,84
Andalucía;Francia;2025T2;408,74
Andalucía;Francia;2025T1;478,98
Andalucía;Francia;2024T4;435,48
Andalucía;Francia;2024T3;449,94
Andalucía;Francia;2024T2;398,37
Andalucía;Francia;2024T1;464,08
Andalucía;Francia;2023T4;421,21
Andalucía;Francia;2023T3;416,57
Andalucía;Francia;2023T2;397,56
Andalucía;Francia;2023T1;410,89
Andalucía;Francia;2022T4;404,40
Andalucía;Francia;2022T3;414,42
Andalucía;Francia;2022T2;356,57
Andalucía;Francia;2022T1;401,93
Andalucía;Francia;2021T4;385,95
Andalucía;Francia;2021T3;358,35
Andalucía;Francia;2021T2;289,44
Andalucía;Francia;2021T1;314,67
Andalucía;Francia;2020T4;285,56
Andalucía;Francia;2020T3;287,13
Andalucía;Francia;2020T2;.
Andalucía;Francia;2020T1;323,20
Andalucía;Francia;2019T4;295,38
Andalucía;Francia;2019T3;299,50
Andalucía;Francia;2019T2;275,87
Andalucía;Francia;2019T1;339,81
Andalucía;Francia;2018T4;311,78
Andalucía;Francia;2018T3;288,36
Andalucía;Francia;2018T2;251,98
Andalucía;Francia;2018T1;324,32
Andalucía;Irlanda;2025T2;445,25
Andalucía;Irlanda;2025T1;494,60
Andalucía;Irlanda;2024T4;451,30
Andalucía;Irlanda;2024T3;443,65
Andalucía;Irlanda;2024T2;423,57
Andalucía;Irlanda;2024T1;508,46
Andalucía;Irlanda;2023T4;433,31
Andalucía;Irlanda;2023T3;411,49
Andalucía;Irlanda;2023T2;426,66
Andalucía;Irlanda;2023T1;424,55
Andalucía;Irlanda;2022T4;416,28
Andalucía;Irlanda;2022T3;403,80
Andalucía;Irlanda;2022T2;403,31
Andalucía;Irlanda;2022T1;449,91
Andalucía;Irlanda;2021T4;433,96
Andalucía;Irlanda;2021T3;389,34
Andalucía;Irlanda;2021T2;282,40
Andalucía;Irlanda;2021T1;323,41
Andalucía;Irlanda;2020T4;315,33
Andalucía;Irlanda;2020T3;307,51
Andalucía;Irlanda;2020T2;.
Andalucía;Irlanda;2020T1;411,31
Andalucía;Irlanda;2019T4;396,59
Andalucía;Irlanda;2019T3;426,95
Andalucía;Irlanda;2019T2;427,55
Andalucía;Irlanda;2019T1;488,34
Andalucía;Irlanda;2018T4;460,03
Andalucía;Irlanda;2018T3;462,91
Andalucía;Irlanda;2018T2;430,51
Andalucía;Irlanda;2018T1;508,54
Andalucía;Italia;2025T2;304,54
Andalucía;Italia;2025T1;325,85
Andalucía;Italia;2024T4;298,96
Andalucía;Italia;2024T3;314,74
Andalucía;Italia;2024T2;305,55
Andalucía;Italia;2024T1;335,15
Andalucía;Italia;2023T4;295,75
Andalucía;Italia;2023T3;305,28
Andalucía;Italia;2023T2;304,86
Andalucía;Italia;2023T1;296,19
Andalucía;Italia;2022T4;283,64
Andalucía;Italia;2022T3;311,74
Andalucía;Italia;2022T2;272,82
Andalucía;Italia;2022T1;303,58
Andalucía;Italia;2021T4;283,56
Andalucía;Italia;2021T3;279,35
Andalucía;Italia;2021T2;207,54
Andalucía;Italia;2021T1;248,69
Andalucía;Italia;2020T4;254,11
Andalucía;Italia;2020T3;272,61
Andalucía;Italia;2020T2;.
Andalucía;Italia;2020T1;294,70
Andalucía;Italia;2019T4;272,45
Andalucía;Italia;2019T3;297,69
Andalucía;Italia;2019T2;287,05
Andalucía;Italia;2019T1;334,94
Andalucía;Italia;2018T4;320,30
Andalucía;Italia;2018T3;312,36
Andalucía;Italia;2018T2;285,58
Andalucía;Italia;2018T1;344,31
Andalucía;Noruega;2025T2;494,44
Andalucía;Noruega;2025T1;534,04
Andalucía;Noruega;2024T4;476,62
Andalucía;Noruega;2024T3;486,43
Andalucía;Noruega;2024T2;459,50
Andalucía;Noruega;2024T1;525,25
Andalucía;Noruega;2023T4;464,61
Andalucía;Noruega;2023T3;465,45
Andalucía;Noruega;2023T2;458,54
Andalucía;Noruega;2023T1;459,33
Andalucía;Noruega;2022T4;454,74
Andalucía;Noruega;2022T3;457,15
Andalucía;Noruega;2022T2;444,62
Andalucía;Noruega;2022T1;508,04
Andalucía;Noruega;2021T4;480,75
Andalucía;Noruega;2021T3;488,34
Andalucía;Noruega;2021T2;401,65
Andalucía;Noruega;2021T1;403,96
Andalucía;Noruega;2020T4;402,88
Andalucía;Noruega;2020T3;379,29
Andalucía;Noruega;2020T2;.
Andalucía;Noruega;2020T1;385,07
Andalucía;Noruega;2019T4;355,75
Andalucía;Noruega;2019T3;347,55
Andalucía;Noruega;2019T2;346,74
Andalucía;Noruega;2019T1;423,93
Andalucía;Noruega;2018T4;375,49
Andalucía;Noruega;2018T3;342,38
Andalucía;Noruega;2018T2;320,02
Andalucía;Noruega;2018T1;400,50
Andalucía;Países Bajos;2025T2;437,58
Andalucía;Países Bajos;2025T1;479,49
Andalucía;Países Bajos;2024T4;434,62
Andalucía;Países Bajos;2024T3;440,11
Andalucía;Países Bajos;2024T2;413,64
Andalucía;Países Bajos;2024T1;454,82
Andalucía;Países Bajos;2023T4;414,76
Andalucía;Países Bajos;2023T3;412,77
Andalucía;Países Bajos;2023T2;409,62
Andalucía;Países Bajos;2023T1;397,35
Andalucía;Países Bajos;2022T4;394,60
Andalucía;Países Bajos;2022T3;396,26
Andalucía;Países Bajos;2022T2;371,46
Andalucía;Países Bajos;2022T1;403,20
Andalucía;Países Bajos;2021T4;380,01
Andalucía;Países Bajos;2021T3;373,33
Andalucía;Países Bajos;2021T2;353,71
Andalucía;Países Bajos;2021T1;358,24
Andalucía;Países Bajos;2020T4;329,08
Andalucía;Países Bajos;2020T3;304,01
Andalucía;Países Bajos;2020T2;.
Andalucía;Países Bajos;2020T1;325,54
Andalucía;Países Bajos;2019T4;301,47
Andalucía;Países Bajos;2019T3;311,73
Andalucía;Países Bajos;2019T2;308,27
Andalucía;Países Bajos;2019T1;361,05
Andalucía;Países Bajos;2018T4;333,76
Andalucía;Países Bajos;2018T3;316,93
Andalucía;Países Bajos;2018T2;297,29
Andalucía;Países Bajos;2018T1;350,07
Andalucía;Polonia;2025T2;329,67
Andalucía;Polonia;2025T1;374,91
Andalucía;Polonia;2024T4;335,17
Andalucía;Polonia;2024T3;343,29
Andalucía;Polonia;2024T2;327,39
Andalucía;Polonia;2024T1;340,07
Andalucía;Polonia;2023T4;304,71
Andalucía;Polonia;2023T3;320,56
Andalucía;Polonia;2023T2;315,93
Andalucía;Polonia;2023T1;313,56
Andalucía;Polonia;2022T4;300,21
Andalucía;Polonia;2022T3;299,18
Andalucía;Polonia;2022T2;288,15
Andalucía;Polonia;2022T1;319,25
Andalucía;Polonia;2021T4;285,12
Andalucía;Polonia;2021T3;262,00
Andalucía;Polonia;2021T2;236,00
Andalucía;Polonia;2021T1;270,85
Andalucía;Polonia;2020T4;252,89
Andalucía;Polonia;2020T3;234,40
Andalucía;Polonia;2020T2;.
Andalucía;Polonia;2020T1;232,75
Andalucía;Polonia;2019T4;200,14
Andalucía;Polonia;2019T3;227,50
Andalucía;Polonia;2019T2;231,31
Andalucía;Polonia;2019T1;270,10
Andalucía;Polonia;2018T4;236,42
Andalucía;Polonia;2018T3;252,27
Andalucía;Polonia;2018T2;222,71
Andalucía;Polonia;2018T1;268,63
Andalucía;Portugal;2025T2;476,10
Andalucía;Portugal;2025T1;576,47
Andalucía;Portugal;2024T4;493,77
Andalucía;Portugal;2024T3;517,31
Andalucía;Portugal;2024T2;456,69
Andalucía;Portugal;2024T1;543,17
Andalucía;Portugal;2023T4;486,63
Andalucía;Portugal;2023T3;489,53
Andalucía;Portugal;2023T2;453,90
Andalucía;Portugal;2023T1;481,13
Andalucía;Portugal;2022T4;471,65
Andalucía;Portugal;2022T3;486,43
Andalucía;Portugal;2022T2;432,86
Andalucía;Portugal;2022T1;494,24
Andalucía;Portugal;2021T4;432,28
Andalucía;Portugal;2021T3;396,59
Andalucía;Portugal;2021T2;303,44
Andalucía;Portugal;2021T1;325,16
Andalucía;Portugal;2020T4;311,95
Andalucía;Portugal;2020T3;305,50
Andalucía;Portugal;2020T2;.
Andalucía;Portugal;2020T1;347,09
Andalucía;Portugal;2019T4;321,73
Andalucía;Portugal;2019T3;339,67
Andalucía;Portugal;2019T2;308,20
Andalucía;Portugal;2019T1;370,35
Andalucía;Portugal;2018T4;320,85
Andalucía;Portugal;2018T3;317,21
Andalucía;Portugal;2018T2;262,40
Andalucía;Portugal;2018T1;332,83
Andalucía;Reino Unido;2025T2;449,55
Andalucía;Reino Unido;2025T1;507,67
Andalucía;Reino Unido;2024T4;457,38
Andalucía;Reino Unido;2024T3;472,05
Andalucía;Reino Unido;2024T2;439,36
Andalucía;Reino Unido;2024T1;494,97
Andalucía;Reino Unido;2023T4;446,28
Andalucía;Reino Unido;2023T3;445,72
Andalucía;Reino Unido;2023T2;445,78
Andalucía;Reino Unido;2023T1;444,49
Andalucía;Reino Unido;2022T4;438,45
Andalucía;Reino Unido;2022T3;447,84
Andalucía;Reino Unido;2022T2;422,61
Andalucía;Reino Unido;2022T1;474,79
Andalucía;Reino Unido;2021T4;450,21
Andalucía;Reino Unido;2021T3;445,13
Andalucía;Reino Unido;2021T2;362,83
Andalucía;Reino Unido;2021T1;377,05
Andalucía;Reino Unido;2020T4;357,00
Andalucía;Reino Unido;2020T3;338,17
Andalucía;Reino Unido;2020T2;.
Andalucía;Reino Unido;2020T1;403,69
Andalucía;Reino Unido;2019T4;374,19
Andalucía;Reino Unido;2019T3;386,50
Andalucía;Reino Unido;2019T2;379,47
Andalucía;Reino Unido;2019T1;451,92
Andalucía;Reino Unido;2018T4;417,69
Andalucía;Reino Unido;2018T3;415,04
Andalucía;Reino Unido;2018T2;383,16
Andalucía;Reino Unido;2018T1;467,22
Andalucía;Rumanía;2025T2;359,02
Andalucía;Rumanía;2025T1;442,43
Andalucía;Rumanía;2024T4;383,38
Andalucía;Rumanía;2024T3;402,57
Andalucía;Rumanía;2024T2;366,47
Andalucía;Rumanía;2024T1;409,70
Andalucía;Rumanía;2023T4;374,07
Andalucía;Rumanía;2023T3;412,15
Andalucía;Rumanía;2023T2;366,93
Andalucía;Rumanía;2023T1;386,84
Andalucía;Rumanía;2022T4;384,27
Andalucía;Rumanía;2022T3;435,73
Andalucía;Rumanía;2022T2;372,06
Andalucía;Rumanía;2022T1;437,03
Andalucía;Rumanía;2021T4;406,26
Andalucía;Rumanía;2021T3;372,49
Andalucía;Rumanía;2021T2;329,70
Andalucía;Rumanía;2021T1;355,49
Andalucía;Rumanía;2020T4;352,44
Andalucía;Rumanía;2020T3;330,28
Andalucía;Rumanía;2020T2;.
Andalucía;Rumanía;2020T1;372,02
Andalucía;Rumanía;2019T4;347,64
Andalucía;Rumanía;2019T3;355,12
Andalucía;Rumanía;2019T2;399,77
Andalucía;Rumanía;2019T1;423,33
Andalucía;Rumanía;2018T4;370,00
Andalucía;Rumanía;2018T3;381,08
Andalucía;Rumanía;2018T2;349,08
Andalucía;Rumanía;2018T1;390,08
Andalucía;Rusia;2025T2;.
Andalucía;Rusia;2025T1;.
Andalucía;Rusia;2024T4;.
Andalucía;Rusia;2024T3;.
Andalucía;Rusia;2024T2;.
Andalucía;Rusia;2024T1;.
Andalucía;Rusia;2023T4;.
Andalucía;Rusia;2023T3;.
Andalucía;Rusia;2023T2;.
Andalucía;Rusia;2023T1;.
Andalucía;Rusia;2022T4;.
Andalucía;Rusia;2022T3;.
Andalucía;Rusia;2022T2;.
Andalucía;Rusia;2022T1;1.085,16
Andalucía;Rusia;2021T4;633,58
Andalucía;Rusia;2021T3;607,09
Andalucía;Rusia;2021T2;494,77
Andalucía;Rusia;2021T1;533,15
Andalucía;Rusia;2020T4;490,85
Andalucía;Rusia;2020T3;481,23
Andalucía;Rusia;2020T2;.
Andalucía;Rusia;2020T1;521,36
Andalucía;Rusia;2019T4;439,61
Andalucía;Rusia;2019T3;451,98
Andalucía;Rusia;2019T2;444,10
Andalucía;Rusia;2019T1;572,06
Andalucía;Rusia;2018T4;471,56
Andalucía;Rusia;2018T3;470,55
Andalucía;Rusia;2018T2;419,10
Andalucía;Rusia;2018T1;559,24
Andalucía;Suecia;2025T2;453,47
Andalucía;Suecia;2025T1;519,82
Andalucía;Suecia;2024T4;460,93
Andalucía;Suecia;2024T3;444,25
Andalucía;Suecia;2024T2;418,37
Andalucía;Suecia;2024T1;498,07
Andalucía;Suecia;2023T4;435,32
Andalucía;Suecia;2023T3;420,41
Andalucía;Suecia;2023T2;428,32
Andalucía;Suecia;2023T1;446,14
Andalucía;Suecia;2022T4;429,41
Andalucía;Suecia;2022T3;423,40
Andalucía;Suecia;2022T2;412,31
Andalucía;Suecia;2022T1;474,38
Andalucía;Suecia;2021T4;435,09
Andalucía;Suecia;2021T3;402,77
Andalucía;Suecia;2021T2;345,64
Andalucía;Suecia;2021T1;347,01
Andalucía;Suecia;2020T4;314,65
Andalucía;Suecia;2020T3;318,62
Andalucía;Suecia;2020T2;.
Andalucía;Suecia;2020T1;342,37
Andalucía;Suecia;2019T4;310,62
Andalucía;Suecia;2019T3;304,50
Andalucía;Suecia;2019T2;296,36
Andalucía;Suecia;2019T1;358,04
Andalucía;Suecia;2018T4;311,04
Andalucía;Suecia;2018T3;286,04
Andalucía;Suecia;2018T2;267,86
Andalucía;Suecia;2018T1;335,29
Andalucía;Suiza;2025T2;662,90
Andalucía;Suiza;2025T1;790,74
Andalucía;Suiza;2024T4;693,54
Andalucía;Suiza;2024T3;716,96
Andalucía;Suiza;2024T2;669,78
Andalucía;Suiza;2024T1;797,08
Andalucía;Suiza;2023T4;696,25
Andalucía;Suiza;2023T3;696,44
Andalucía;Suiza;2023T2;695,47
Andalucía;Suiza;2023T1;735,73
Andalucía;Suiza;2022T4;707,92
Andalucía;Suiza;2022T3;724,71
Andalucía;Suiza;2022T2;682,85
Andalucía;Suiza;2022T1;776,81
Andalucía;Suiza;2021T4;718,21
Andalucía;Suiza;2021T3;658,51
Andalucía;Suiza;2021T2;617,93
Andalucía;Suiza;2021T1;753,08
Andalucía;Suiza;2020T4;752,95
Andalucía;Suiza;2020T3;634,63
Andalucía;Suiza;2020T2;.
Andalucía;Suiza;2020T1;721,59
Andalucía;Suiza;2019T4;634,52
Andalucía;Suiza;2019T3;656,38
Andalucía;Suiza;2019T2;625,50
Andalucía;Suiza;2019T1;799,29
Andalucía;Suiza;2018T4;673,67
Andalucía;Suiza;2018T3;625,80
Andalucía;Suiza;2018T2;570,87
Andalucía;Suiza;2018T1;754,26
Andalucía;Otros Países Europeos;2025T2;409,47
Andalucía;Otros Países Europeos;2025T1;466,35
Andalucía;Otros Países Europeos;2024T4;426,59
Andalucía;Otros Países Europeos;2024T3;440,93
Andalucía;Otros Países Europeos;2024T2;399,29
Andalucía;Otros Países Europeos;2024T1;463,61
Andalucía;Otros Países Europeos;2023T4;425,83
Andalucía;Otros Países Europeos;2023T3;429,40
Andalucía;Otros Países Europeos;2023T2;411,56
Andalucía;Otros Países Europeos;2023T1;429,63
Andalucía;Otros Países Europeos;2022T4;422,93
Andalucía;Otros Países Europeos;2022T3;424,08
Andalucía;Otros Países Europeos;2022T2;377,95
Andalucía;Otros Países Europeos;2022T1;425,73
Andalucía;Otros Países Europeos;2021T4;411,80
Andalucía;Otros Países Europeos;2021T3;371,21
Andalucía;Otros Países Europeos;2021T2;334,39
Andalucía;Otros Países Europeos;2021T1;374,87
Andalucía;Otros Países Europeos;2020T4;364,12
Andalucía;Otros Países Europeos;2020T3;344,75
Andalucía;Otros Países Europeos;2020T2;.
Andalucía;Otros Países Europeos;2020T1;346,75
Andalucía;Otros Países Europeos;2019T4;312,55
Andalucía;Otros Países Europeos;2019T3;330,20
Andalucía;Otros Países Europeos;2019T2;320,21
Andalucía;Otros Países Europeos;2019T1;400,09
Andalucía;Otros Países Europeos;2018T4;358,16
Andalucía;Otros Países Europeos;2018T3;347,11
Andalucía;Otros Países Europeos;2018T2;309,97
Andalucía;Otros Países Europeos;2018T1;402,64
Andalucía;Argentina;2025T2;383,61
Andalucía;Argentina;2025T1;428,74
Andalucía;Argentina;2024T4;360,55
Andalucía;Argentina;2024T3;388,06
Andalucía;Argentina;2024T2;338,84
Andalucía;Argentina;2024T1;362,88
Andalucía;Argentina;2023T4;297,59
Andalucía;Argentina;2023T3;315,97
Andalucía;Argentina;2023T2;301,27
Andalucía;Argentina;2023T1;290,02
Andalucía;Argentina;2022T4;287,70
Andalucía;Argentina;2022T3;318,41
Andalucía;Argentina;2022T2;272,90
Andalucía;Argentina;2022T1;318,46
Andalucía;Argentina;2021T4;306,13
Andalucía;Argentina;2021T3;304,00
Andalucía;Argentina;2021T2;254,15
Andalucía;Argentina;2021T1;243,60
Andalucía;Argentina;2020T4;235,94
Andalucía;Argentina;2020T3;236,30
Andalucía;Argentina;2020T2;.
Andalucía;Argentina;2020T1;209,04
Andalucía;Argentina;2019T4;208,28
Andalucía;Argentina;2019T3;223,95
Andalucía;Argentina;2019T2;209,12
Andalucía;Argentina;2019T1;241,74
Andalucía;Argentina;2018T4;219,81
Andalucía;Argentina;2018T3;226,15
Andalucía;Argentina;2018T2;205,19
Andalucía;Argentina;2018T1;255,39
Andalucía;Brasil;2025T2;291,83
Andalucía;Brasil;2025T1;353,02
Andalucía;Brasil;2024T4;292,07
Andalucía;Brasil;2024T3;321,63
Andalucía;Brasil;2024T2;304,52
Andalucía;Brasil;2024T1;370,91
Andalucía;Brasil;2023T4;301,29
Andalucía;Brasil;2023T3;329,92
Andalucía;Brasil;2023T2;315,83
Andalucía;Brasil;2023T1;327,27
Andalucía;Brasil;2022T4;329,03
Andalucía;Brasil;2022T3;347,53
Andalucía;Brasil;2022T2;339,39
Andalucía;Brasil;2022T1;404,19
Andalucía;Brasil;2021T4;404,44
Andalucía;Brasil;2021T3;392,08
Andalucía;Brasil;2021T2;308,44
Andalucía;Brasil;2021T1;342,80
Andalucía;Brasil;2020T4;313,93
Andalucía;Brasil;2020T3;323,29
Andalucía;Brasil;2020T2;.
Andalucía;Brasil;2020T1;342,35
Andalucía;Brasil;2019T4;302,17
Andalucía;Brasil;2019T3;315,03
Andalucía;Brasil;2019T2;302,25
Andalucía;Brasil;2019T1;384,19
Andalucía;Brasil;2018T4;371,27
Andalucía;Brasil;2018T3;324,15
Andalucía;Brasil;2018T2;283,46
Andalucía;Brasil;2018T1;346,82
Andalucía;Canadá;2025T2;405,65
Andalucía;Canadá;2025T1;534,54
Andalucía;Canadá;2024T4;437,23
Andalucía;Canadá;2024T3;470,70
Andalucía;Canadá;2024T2;404,59
Andalucía;Canadá;2024T1;500,00
Andalucía;Canadá;2023T4;419,15
Andalucía;Canadá;2023T3;438,07
Andalucía;Canadá;2023T2;390,94
Andalucía;Canadá;2023T1;447,87
Andalucía;Canadá;2022T4;417,35
Andalucía;Canadá;2022T3;422,22
Andalucía;Canadá;2022T2;370,30
Andalucía;Canadá;2022T1;473,83
Andalucía;Canadá;2021T4;483,46
Andalucía;Canadá;2021T3;497,32
Andalucía;Canadá;2021T2;452,49
Andalucía;Canadá;2021T1;516,27
Andalucía;Canadá;2020T4;444,02
Andalucía;Canadá;2020T3;392,93
Andalucía;Canadá;2020T2;.
Andalucía;Canadá;2020T1;349,38
Andalucía;Canadá;2019T4;302,26
Andalucía;Canadá;2019T3;312,90
Andalucía;Canadá;2019T2;286,15
Andalucía;Canadá;2019T1;374,79
Andalucía;Canadá;2018T4;341,40
Andalucía;Canadá;2018T3;313,24
Andalucía;Canadá;2018T2;272,47
Andalucía;Canadá;2018T1;360,70
Andalucía;Chile;2025T2;356,90
Andalucía;Chile;2025T1;376,79
Andalucía;Chile;2024T4;337,57
Andalucía;Chile;2024T3;403,24
Andalucía;Chile;2024T2;374,76
Andalucía;Chile;2024T1;385,12
Andalucía;Chile;2023T4;355,05
Andalucía;Chile;2023T3;398,87
Andalucía;Chile;2023T2;368,91
Andalucía;Chile;2023T1;349,97
Andalucía;Chile;2022T4;336,13
Andalucía;Chile;2022T3;368,75
Andalucía;Chile;2022T2;343,70
Andalucía;Chile;2022T1;367,43
Andalucía;Chile;2021T4;383,63
Andalucía;Chile;2021T3;395,54
Andalucía;Chile;2021T2;355,53
Andalucía;Chile;2021T1;436,74
Andalucía;Chile;2020T4;396,76
Andalucía;Chile;2020T3;344,52
Andalucía;Chile;2020T2;.
Andalucía;Chile;2020T1;292,40
Andalucía;Chile;2019T4;297,33
Andalucía;Chile;2019T3;336,37
Andalucía;Chile;2019T2;323,98
Andalucía;Chile;2019T1;376,60
Andalucía;Chile;2018T4;361,82
Andalucía;Chile;2018T3;359,27
Andalucía;Chile;2018T2;324,43
Andalucía;Chile;2018T1;406,55
Andalucía;Colombia;2025T2;371,57
Andalucía;Colombia;2025T1;442,69
Andalucía;Colombia;2024T4;404,99
Andalucía;Colombia;2024T3;421,49
Andalucía;Colombia;2024T2;390,57
Andalucía;Colombia;2024T1;451,66
Andalucía;Colombia;2023T4;406,92
Andalucía;Colombia;2023T3;421,12
Andalucía;Colombia;2023T2;408,88
Andalucía;Colombia;2023T1;389,35
Andalucía;Colombia;2022T4;398,31
Andalucía;Colombia;2022T3;404,36
Andalucía;Colombia;2022T2;374,20
Andalucía;Colombia;2022T1;410,13
Andalucía;Colombia;2021T4;437,36
Andalucía;Colombia;2021T3;454,30
Andalucía;Colombia;2021T2;345,25
Andalucía;Colombia;2021T1;423,45
Andalucía;Colombia;2020T4;434,80
Andalucía;Colombia;2020T3;391,88
Andalucía;Colombia;2020T2;.
Andalucía;Colombia;2020T1;437,15
Andalucía;Colombia;2019T4;407,62
Andalucía;Colombia;2019T3;426,09
Andalucía;Colombia;2019T2;403,11
Andalucía;Colombia;2019T1;467,39
Andalucía;Colombia;2018T4;447,16
Andalucía;Colombia;2018T3;415,34
Andalucía;Colombia;2018T2;359,18
Andalucía;Colombia;2018T1;511,64
Andalucía;Estados Unidos de América;2025T2;468,57
Andalucía;Estados Unidos de América;2025T1;533,08
Andalucía;Estados Unidos de América;2024T4;482,54
Andalucía;Estados Unidos de América;2024T3;571,87
Andalucía;Estados Unidos de América;2024T2;467,17
Andalucía;Estados Unidos de América;2024T1;524,56
Andalucía;Estados Unidos de América;2023T4;471,83
Andalucía;Estados Unidos de América;2023T3;520,64
Andalucía;Estados Unidos de América;2023T2;450,50
Andalucía;Estados Unidos de América;2023T1;447,01
Andalucía;Estados Unidos de América;2022T4;447,63
Andalucía;Estados Unidos de América;2022T3;480,03
Andalucía;Estados Unidos de América;2022T2;402,87
Andalucía;Estados Unidos de América;2022T1;460,77
Andalucía;Estados Unidos de América;2021T4;447,99
Andalucía;Estados Unidos de América;2021T3;445,95
Andalucía;Estados Unidos de América;2021T2;365,13
Andalucía;Estados Unidos de América;2021T1;427,67
Andalucía;Estados Unidos de América;2020T4;408,87
Andalucía;Estados Unidos de América;2020T3;413,26
Andalucía;Estados Unidos de América;2020T2;.
Andalucía;Estados Unidos de América;2020T1;362,86
Andalucía;Estados Unidos de América;2019T4;339,04
Andalucía;Estados Unidos de América;2019T3;370,33
Andalucía;Estados Unidos de América;2019T2;340,90
Andalucía;Estados Unidos de América;2019T1;421,26
Andalucía;Estados Unidos de América;2018T4;403,41
Andalucía;Estados Unidos de América;2018T3;409,91
Andalucía;Estados Unidos de América;2018T2;335,62
Andalucía;Estados Unidos de América;2018T1;403,52
Andalucía;México;2025T2;423,14
Andalucía;México;2025T1;451,38
Andalucía;México;2024T4;416,29
Andalucía;México;2024T3;474,69
Andalucía;México;2024T2;405,67
Andalucía;México;2024T1;438,41
Andalucía;México;2023T4;404,48
Andalucía;México;2023T3;434,48
Andalucía;México;2023T2;409,92
Andalucía;México;2023T1;375,37
Andalucía;México;2022T4;374,54
Andalucía;México;2022T3;411,65
Andalucía;México;2022T2;361,31
Andalucía;México;2022T1;387,64
Andalucía;México;2021T4;410,68
Andalucía;México;2021T3;456,16
Andalucía;México;2021T2;329,96
Andalucía;México;2021T1;357,18
Andalucía;México;2020T4;364,85
Andalucía;México;2020T3;299,15
Andalucía;México;2020T2;.
Andalucía;México;2020T1;315,60
Andalucía;México;2019T4;299,89
Andalucía;México;2019T3;351,79
Andalucía;México;2019T2;313,60
Andalucía;México;2019T1;359,93
Andalucía;México;2018T4;353,15
Andalucía;México;2018T3;341,78
Andalucía;México;2018T2;265,93
Andalucía;México;2018T1;324,83
Andalucía;Resto de América;2025T2;427,72
Andalucía;Resto de América;2025T1;493,24
Andalucía;Resto de América;2024T4;447,17
Andalucía;Resto de América;2024T3;499,41
Andalucía;Resto de América;2024T2;434,71
Andalucía;Resto de América;2024T1;486,76
Andalucía;Resto de América;2023T4;454,20
Andalucía;Resto de América;2023T3;469,59
Andalucía;Resto de América;2023T2;459,54
Andalucía;Resto de América;2023T1;465,22
Andalucía;Resto de América;2022T4;465,68
Andalucía;Resto de América;2022T3;462,77
Andalucía;Resto de América;2022T2;412,50
Andalucía;Resto de América;2022T1;476,67
Andalucía;Resto de América;2021T4;460,55
Andalucía;Resto de América;2021T3;454,91
Andalucía;Resto de América;2021T2;388,32
Andalucía;Resto de América;2021T1;422,53
Andalucía;Resto de América;2020T4;416,05
Andalucía;Resto de América;2020T3;379,29
Andalucía;Resto de América;2020T2;.
Andalucía;Resto de América;2020T1;394,41
Andalucía;Resto de América;2019T4;369,78
Andalucía;Resto de América;2019T3;387,38
Andalucía;Resto de América;2019T2;366,09
Andalucía;Resto de América;2019T1;464,62
Andalucía;Resto de América;2018T4;411,76
Andalucía;Resto de América;2018T3;426,04
Andalucía;Resto de América;2018T2;341,28
Andalucía;Resto de América;2018T1;434,36
Andalucía;Australia;2025T2;344,32
Andalucía;Australia;2025T1;399,26
Andalucía;Australia;2024T4;345,56
Andalucía;Australia;2024T3;352,88
Andalucía;Australia;2024T2;337,77
Andalucía;Australia;2024T1;385,43
Andalucía;Australia;2023T4;328,87
Andalucía;Australia;2023T3;317,99
Andalucía;Australia;2023T2;339,90
Andalucía;Australia;2023T1;334,54
Andalucía;Australia;2022T4;321,09
Andalucía;Australia;2022T3;329,61
Andalucía;Australia;2022T2;335,64
Andalucía;Australia;2022T1;414,24
Andalucía;Australia;2021T4;438,56
Andalucía;Australia;2021T3;444,65
Andalucía;Australia;2021T2;328,71
Andalucía;Australia;2021T1;387,78
Andalucía;Australia;2020T4;320,20
Andalucía;Australia;2020T3;326,77
Andalucía;Australia;2020T2;.
Andalucía;Australia;2020T1;326,42
Andalucía;Australia;2019T4;299,21
Andalucía;Australia;2019T3;322,62
Andalucía;Australia;2019T2;341,99
Andalucía;Australia;2019T1;402,00
Andalucía;Australia;2018T4;364,74
Andalucía;Australia;2018T3;362,18
Andalucía;Australia;2018T2;343,54
Andalucía;Australia;2018T1;413,95
Andalucía;China;2025T2;430,66
Andalucía;China;2025T1;491,43
Andalucía;China;2024T4;462,26
Andalucía;China;2024T3;490,65
Andalucía;China;2024T2;458,84
Andalucía;China;2024T1;541,04
Andalucía;China;2023T4;472,17
Andalucía;China;2023T3;535,73
Andalucía;China;2023T2;550,87
Andalucía;China;2023T1;655,20
Andalucía;China;2022T4;729,69
Andalucía;China;2022T3;642,41
Andalucía;China;2022T2;512,60
Andalucía;China;2022T1;723,44
Andalucía;China;2021T4;698,39
Andalucía;China;2021T3;692,38
Andalucía;China;2021T2;628,97
Andalucía;China;2021T1;1.069,96
Andalucía;China;2020T4;946,24
Andalucía;China;2020T3;729,73
Andalucía;China;2020T2;.
Andalucía;China;2020T1;517,95
Andalucía;China;2019T4;533,49
Andalucía;China;2019T3;541,84
Andalucía;China;2019T2;502,27
Andalucía;China;2019T1;724,54
Andalucía;China;2018T4;525,44
Andalucía;China;2018T3;561,87
Andalucía;China;2018T2;430,00
Andalucía;China;2018T1;644,69
Andalucía;Corea;2025T2;257,77
Andalucía;Corea;2025T1;295,92
Andalucía;Corea;2024T4;264,18
Andalucía;Corea;2024T3;250,94
Andalucía;Corea;2024T2;241,83
Andalucía;Corea;2024T1;276,98
Andalucía;Corea;2023T4;260,03
Andalucía;Corea;2023T3;251,85
Andalucía;Corea;2023T2;243,29
Andalucía;Corea;2023T1;246,98
Andalucía;Corea;2022T4;246,42
Andalucía;Corea;2022T3;232,99
Andalucía;Corea;2022T2;233,31
Andalucía;Corea;2022T1;242,36
Andalucía;Corea;2021T4;312,65
Andalucía;Corea;2021T3;287,21
Andalucía;Corea;2021T2;386,75
Andalucía;Corea;2021T1;313,47
Andalucía;Corea;2020T4;292,54
Andalucía;Corea;2020T3;210,48
Andalucía;Corea;2020T2;.
Andalucía;Corea;2020T1;255,86
Andalucía;Corea;2019T4;270,90
Andalucía;Corea;2019T3;256,98
Andalucía;Corea;2019T2;267,41
Andalucía;Corea;2019T1;297,55
Andalucía;Corea;2018T4;304,85
Andalucía;Corea;2018T3;265,38
Andalucía;Corea;2018T2;259,11
Andalucía;Corea;2018T1;281,89
Andalucía;Emiratos Árabes Unidos;2025T2;892,00
Andalucía;Emiratos Árabes Unidos;2025T1;1.119,98
Andalucía;Emiratos Árabes Unidos;2024T4;968,17
Andalucía;Emiratos Árabes Unidos;2024T3;1.079,97
Andalucía;Emiratos Árabes Unidos;2024T2;939,69
Andalucía;Emiratos Árabes Unidos;2024T1;1.133,77
Andalucía;Emiratos Árabes Unidos;2023T4;1.008,83
Andalucía;Emiratos Árabes Unidos;2023T3;1.039,47
Andalucía;Emiratos Árabes Unidos;2023T2;1.028,01
Andalucía;Emiratos Árabes Unidos;2023T1;1.002,91
Andalucía;Emiratos Árabes Unidos;2022T4;985,64
Andalucía;Emiratos Árabes Unidos;2022T3;1.065,23
Andalucía;Emiratos Árabes Unidos;2022T2;881,12
Andalucía;Emiratos Árabes Unidos;2022T1;1.029,41
Andalucía;Emiratos Árabes Unidos;2021T4;998,66
Andalucía;Emiratos Árabes Unidos;2021T3;893,55
Andalucía;Emiratos Árabes Unidos;2021T2;775,00
Andalucía;Emiratos Árabes Unidos;2021T1;852,50
Andalucía;Emiratos Árabes Unidos;2020T4;702,63
Andalucía;Emiratos Árabes Unidos;2020T3;737,71
Andalucía;Emiratos Árabes Unidos;2020T2;.
Andalucía;Emiratos Árabes Unidos;2020T1;807,72
Andalucía;Emiratos Árabes Unidos;2019T4;813,23
Andalucía;Emiratos Árabes Unidos;2019T3;906,20
Andalucía;Emiratos Árabes Unidos;2019T2;737,77
Andalucía;Emiratos Árabes Unidos;2019T1;858,96
Andalucía;Emiratos Árabes Unidos;2018T4;913,95
Andalucía;Emiratos Árabes Unidos;2018T3;853,56
Andalucía;Emiratos Árabes Unidos;2018T2;765,99
Andalucía;Emiratos Árabes Unidos;2018T1;919,31
Andalucía;Japón;2025T2;291,00
Andalucía;Japón;2025T1;318,73
Andalucía;Japón;2024T4;317,56
Andalucía;Japón;2024T3;318,46
Andalucía;Japón;2024T2;289,55
Andalucía;Japón;2024T1;334,70
Andalucía;Japón;2023T4;298,72
Andalucía;Japón;2023T3;328,40
Andalucía;Japón;2023T2;303,91
Andalucía;Japón;2023T1;297,67
Andalucía;Japón;2022T4;.
Andalucía;Japón;2022T3;.
Andalucía;Japón;2022T2;.
Andalucía;Japón;2022T1;329,46
Andalucía;Japón;2021T4;356,07
Andalucía;Japón;2021T3;358,98
Andalucía;Japón;2021T2;251,75
Andalucía;Japón;2021T1;370,45
Andalucía;Japón;2020T4;373,61
Andalucía;Japón;2020T3;372,44
Andalucía;Japón;2020T2;.
Andalucía;Japón;2020T1;312,32
Andalucía;Japón;2019T4;298,52
Andalucía;Japón;2019T3;304,18
Andalucía;Japón;2019T2;294,96
Andalucía;Japón;2019T1;329,01
Andalucía;Japón;2018T4;324,67
Andalucía;Japón;2018T3;308,33
Andalucía;Japón;2018T2;303,42
Andalucía;Japón;2018T1;324,87
Andalucía;Turquía;2025T2;412,87
Andalucía;Turquía;2025T1;491,84
Andalucía;Turquía;2024T4;493,66
Andalucía;Turquía;2024T3;508,12
Andalucía;Turquía;2024T2;505,79
Andalucía;Turquía;2024T1;550,06
Andalucía;Turquía;2023T4;508,98
Andalucía;Turquía;2023T3;532,18
Andalucía;Turquía;2023T2;629,06
Andalucía;Turquía;2023T1;719,33
Andalucía;Turquía;2022T4;692,25
Andalucía;Turquía;2022T3;474,94
Andalucía;Turquía;2022T2;491,97
Andalucía;Turquía;2022T1;479,09
Andalucía;Turquía;2021T4;461,88
Andalucía;Turquía;2021T3;472,66
Andalucía;Turquía;2021T2;374,44
Andalucía;Turquía;2021T1;420,69
Andalucía;Turquía;2020T4;356,59
Andalucía;Turquía;2020T3;538,76
Andalucía;Turquía;2020T2;.
Andalucía;Turquía;2020T1;350,21
Andalucía;Turquía;2019T4;331,45
Andalucía;Turquía;2019T3;353,64
Andalucía;Turquía;2019T2;362,52
Andalucía;Turquía;2019T1;482,26
Andalucía;Turquía;2018T4;376,96
Andalucía;Turquía;2018T3;392,77
Andalucía;Turquía;2018T2;407,90
Andalucía;Turquía;2018T1;405,99
Andalucía;Resto del mundo;2025T2;651,40
Andalucía;Resto del mundo;2025T1;743,17
Andalucía;Resto del mundo;2024T4;626,00
Andalucía;Resto del mundo;2024T3;878,67
Andalucía;Resto del mundo;2024T2;682,72
Andalucía;Resto del mundo;2024T1;772,73
Andalucía;Resto del mundo;2023T4;631,66
Andalucía;Resto del mundo;2023T3;839,99
Andalucía;Resto del mundo;2023T2;655,16
Andalucía;Resto del mundo;2023T1;674,87
Andalucía;Resto del mundo;2022T4;607,90
Andalucía;Resto del mundo;2022T3;888,00
Andalucía;Resto del mundo;2022T2;608,94
Andalucía;Resto del mundo;2022T1;674,14
Andalucía;Resto del mundo;2021T4;611,96
Andalucía;Resto del mundo;2021T3;860,26
Andalucía;Resto del mundo;2021T2;590,44
Andalucía;Resto del mundo;2021T1;682,50
Andalucía;Resto del mundo;2020T4;637,07
Andalucía;Resto del mundo;2020T3;689,06
Andalucía;Resto del mundo;2020T2;.
Andalucía;Resto del mundo;2020T1;661,12
Andalucía;Resto del mundo;2019T4;550,24
Andalucía;Resto del mundo;2019T3;772,53
Andalucía;Resto del mundo;2019T2;624,60
Andalucía;Resto del mundo;2019T1;719,22
Andalucía;Resto del mundo;2018T4;632,42
Andalucía;Resto del mundo;2018T3;766,38
Andalucía;Resto del mundo;2018T2;580,52
Andalucía;Resto del mundo;2018T1;718,86
Aragón;Total;2025T2;399,11
Aragón;Total;2025T1;394,80
Aragón;Total;2024T4;450,88
Aragón;Total;2024T3;342,22
Aragón;Total;2024T2;368,98
Aragón;Total;2024T1;357,37
Aragón;Total;2023T4;522,54
Aragón;Total;2023T3;332,79
Aragón;Total;2023T2;333,04
Aragón;Total;2023T1;343,59
Aragón;Total;2022T4;298,51
Aragón;Total;2022T3;263,58
Aragón;Total;2022T2;306,52
Aragón;Total;2022T1;297,68
Aragón;Total;2021T4;345,69
Aragón;Total;2021T3;247,83
Aragón;Total;2021T2;343,12
Aragón;Total;2021T1;331,66
Aragón;Total;2020T4;289,47
Aragón;Total;2020T3;194,73
Aragón;Total;2020T2;.
Aragón;Total;2020T1;251,14
Aragón;Total;2019T4;299,87
Aragón;Total;2019T3;219,65
Aragón;Total;2019T2;287,52
Aragón;Total;2019T1;296,55
Aragón;Total;2018T4;373,21
Aragón;Total;2018T3;214,04
Aragón;Total;2018T2;291,19
Aragón;Total;2018T1;304,77
Aragón;Alemania;2025T2;444,68
Aragón;Alemania;2025T1;423,97
Aragón;Alemania;2024T4;460,49
Aragón;Alemania;2024T3;377,05
Aragón;Alemania;2024T2;426,05
Aragón;Alemania;2024T1;382,66
Aragón;Alemania;2023T4;544,32
Aragón;Alemania;2023T3;367,68
Aragón;Alemania;2023T2;369,20
Aragón;Alemania;2023T1;355,16
Aragón;Alemania;2022T4;300,64
Aragón;Alemania;2022T3;301,20
Aragón;Alemania;2022T2;354,93
Aragón;Alemania;2022T1;318,79
Aragón;Alemania;2021T4;377,86
Aragón;Alemania;2021T3;299,71
Aragón;Alemania;2021T2;405,06
Aragón;Alemania;2021T1;372,25
Aragón;Alemania;2020T4;373,85
Aragón;Alemania;2020T3;219,90
Aragón;Alemania;2020T2;.
Aragón;Alemania;2020T1;297,70
Aragón;Alemania;2019T4;362,88
Aragón;Alemania;2019T3;289,87
Aragón;Alemania;2019T2;372,87
Aragón;Alemania;2019T1;373,03
Aragón;Alemania;2018T4;432,64
Aragón;Alemania;2018T3;274,79
Aragón;Alemania;2018T2;361,85
Aragón;Alemania;2018T1;353,43
Aragón;Andorra;2025T2;406,24
Aragón;Andorra;2025T1;414,40
Aragón;Andorra;2024T4;494,87
Aragón;Andorra;2024T3;320,89
Aragón;Andorra;2024T2;373,36
Aragón;Andorra;2024T1;383,55
Aragón;Andorra;2023T4;582,30
Aragón;Andorra;2023T3;305,78
Aragón;Andorra;2023T2;319,97
Aragón;Andorra;2023T1;360,67
Aragón;Andorra;2022T4;333,26
Aragón;Andorra;2022T3;248,63
Aragón;Andorra;2022T2;307,74
Aragón;Andorra;2022T1;322,74
Aragón;Andorra;2021T4;366,26
Aragón;Andorra;2021T3;228,95
Aragón;Andorra;2021T2;344,69
Aragón;Andorra;2021T1;359,22
Aragón;Andorra;2020T4;303,43
Aragón;Andorra;2020T3;176,54
Aragón;Andorra;2020T2;.
Aragón;Andorra;2020T1;230,18
Aragón;Andorra;2019T4;286,17
Aragón;Andorra;2019T3;181,99
Aragón;Andorra;2019T2;271,97
Aragón;Andorra;2019T1;284,67
Aragón;Andorra;2018T4;348,12
Aragón;Andorra;2018T3;180,19
Aragón;Andorra;2018T2;250,19
Aragón;Andorra;2018T1;255,65
Aragón;Austria;2025T2;437,81
Aragón;Austria;2025T1;375,37
Aragón;Austria;2024T4;489,72
Aragón;Austria;2024T3;333,92
Aragón;Austria;2024T2;395,93
Aragón;Austria;2024T1;342,93
Aragón;Austria;2023T4;573,65
Aragón;Austria;2023T3;348,41
Aragón;Austria;2023T2;368,50
Aragón;Austria;2023T1;312,86
Aragón;Austria;2022T4;288,09
Aragón;Austria;2022T3;274,18
Aragón;Austria;2022T2;332,46
Aragón;Austria;2022T1;302,18
Aragón;Austria;2021T4;361,60
Aragón;Austria;2021T3;271,69
Aragón;Austria;2021T2;482,61
Aragón;Austria;2021T1;455,96
Aragón;Austria;2020T4;368,69
Aragón;Austria;2020T3;228,05
Aragón;Austria;2020T2;.
Aragón;Austria;2020T1;281,24
Aragón;Austria;2019T4;359,10
Aragón;Austria;2019T3;257,19
Aragón;Austria;2019T2;414,92
Aragón;Austria;2019T1;386,12
Aragón;Austria;2018T4;446,39
Aragón;Austria;2018T3;287,15
Aragón;Austria;2018T2;334,72
Aragón;Austria;2018T1;307,53
Aragón;Bélgica;2025T2;460,10
Aragón;Bélgica;2025T1;424,53
Aragón;Bélgica;2024T4;515,17
Aragón;Bélgica;2024T3;359,73
Aragón;Bélgica;2024T2;407,21
Aragón;Bélgica;2024T1;381,64
Aragón;Bélgica;2023T4;586,26
Aragón;Bélgica;2023T3;368,15
Aragón;Bélgica;2023T2;364,56
Aragón;Bélgica;2023T1;338,67
Aragón;Bélgica;2022T4;312,33
Aragón;Bélgica;2022T3;291,16
Aragón;Bélgica;2022T2;345,46
Aragón;Bélgica;2022T1;298,81
Aragón;Bélgica;2021T4;341,30
Aragón;Bélgica;2021T3;261,65
Aragón;Bélgica;2021T2;389,29
Aragón;Bélgica;2021T1;340,57
Aragón;Bélgica;2020T4;321,31
Aragón;Bélgica;2020T3;195,38
Aragón;Bélgica;2020T2;.
Aragón;Bélgica;2020T1;249,98
Aragón;Bélgica;2019T4;304,35
Aragón;Bélgica;2019T3;252,63
Aragón;Bélgica;2019T2;313,72
Aragón;Bélgica;2019T1;281,87
Aragón;Bélgica;2018T4;334,77
Aragón;Bélgica;2018T3;237,35
Aragón;Bélgica;2018T2;300,05
Aragón;Bélgica;2018T1;305,09
Aragón;Dinamarca;2025T2;364,30
Aragón;Dinamarca;2025T1;354,12
Aragón;Dinamarca;2024T4;409,15
Aragón;Dinamarca;2024T3;302,52
Aragón;Dinamarca;2024T2;330,59
Aragón;Dinamarca;2024T1;335,54
Aragón;Dinamarca;2023T4;471,33
Aragón;Dinamarca;2023T3;311,06
Aragón;Dinamarca;2023T2;297,30
Aragón;Dinamarca;2023T1;284,31
Aragón;Dinamarca;2022T4;267,66
Aragón;Dinamarca;2022T3;251,20
Aragón;Dinamarca;2022T2;269,06
Aragón;Dinamarca;2022T1;268,68
Aragón;Dinamarca;2021T4;299,20
Aragón;Dinamarca;2021T3;240,30
Aragón;Dinamarca;2021T2;338,79
Aragón;Dinamarca;2021T1;244,59
Aragón;Dinamarca;2020T4;217,23
Aragón;Dinamarca;2020T3;161,58
Aragón;Dinamarca;2020T2;.
Aragón;Dinamarca;2020T1;231,07
Aragón;Dinamarca;2019T4;252,39
Aragón;Dinamarca;2019T3;209,61
Aragón;Dinamarca;2019T2;213,59
Aragón;Dinamarca;2019T1;262,89
Aragón;Dinamarca;2018T4;282,41
Aragón;Dinamarca;2018T3;174,79
Aragón;Dinamarca;2018T2;232,42
Aragón;Dinamarca;2018T1;267,95
Aragón;Finlandia;2025T2;321,91
Aragón;Finlandia;2025T1;339,47
Aragón;Finlandia;2024T4;334,72
Aragón;Finlandia;2024T3;288,88
Aragón;Finlandia;2024T2;295,09
Aragón;Finlandia;2024T1;283,63
Aragón;Finlandia;2023T4;523,21
Aragón;Finlandia;2023T3;246,39
Aragón;Finlandia;2023T2;264,77
Aragón;Finlandia;2023T1;288,70
Aragón;Finlandia;2022T4;211,28
Aragón;Finlandia;2022T3;205,26
Aragón;Finlandia;2022T2;288,44
Aragón;Finlandia;2022T1;250,97
Aragón;Finlandia;2021T4;316,13
Aragón;Finlandia;2021T3;186,46
Aragón;Finlandia;2021T2;403,52
Aragón;Finlandia;2021T1;249,21
Aragón;Finlandia;2020T4;250,25
Aragón;Finlandia;2020T3;141,75
Aragón;Finlandia;2020T2;.
Aragón;Finlandia;2020T1;211,17
Aragón;Finlandia;2019T4;247,99
Aragón;Finlandia;2019T3;206,56
Aragón;Finlandia;2019T2;222,97
Aragón;Finlandia;2019T1;245,95
Aragón;Finlandia;2018T4;399,30
Aragón;Finlandia;2018T3;213,44
Aragón;Finlandia;2018T2;239,13
Aragón;Finlandia;2018T1;320,73
Aragón;Francia;2025T2;490,88
Aragón;Francia;2025T1;519,43
Aragón;Francia;2024T4;542,06
Aragón;Francia;2024T3;397,11
Aragón;Francia;2024T2;436,72
Aragón;Francia;2024T1;426,97
Aragón;Francia;2023T4;598,75
Aragón;Francia;2023T3;378,59
Aragón;Francia;2023T2;381,13
Aragón;Francia;2023T1;403,38
Aragón;Francia;2022T4;338,73
Aragón;Francia;2022T3;282,45
Aragón;Francia;2022T2;338,10
Aragón;Francia;2022T1;331,89
Aragón;Francia;2021T4;361,12
Aragón;Francia;2021T3;253,15
Aragón;Francia;2021T2;349,56
Aragón;Francia;2021T1;327,96
Aragón;Francia;2020T4;262,34
Aragón;Francia;2020T3;204,82
Aragón;Francia;2020T2;.
Aragón;Francia;2020T1;272,06
Aragón;Francia;2019T4;309,10
Aragón;Francia;2019T3;209,86
Aragón;Francia;2019T2;280,67
Aragón;Francia;2019T1;296,58
Aragón;Francia;2018T4;356,01
Aragón;Francia;2018T3;195,89
Aragón;Francia;2018T2;267,89
Aragón;Francia;2018T1;277,02
Aragón;Irlanda;2025T2;394,16
Aragón;Irlanda;2025T1;381,71
Aragón;Irlanda;2024T4;442,59
Aragón;Irlanda;2024T3;308,36
Aragón;Irlanda;2024T2;333,87
Aragón;Irlanda;2024T1;316,68
Aragón;Irlanda;2023T4;442,42
Aragón;Irlanda;2023T3;271,21
Aragón;Irlanda;2023T2;250,02
Aragón;Irlanda;2023T1;278,29
Aragón;Irlanda;2022T4;235,84
Aragón;Irlanda;2022T3;194,76
Aragón;Irlanda;2022T2;220,90
Aragón;Irlanda;2022T1;193,98
Aragón;Irlanda;2021T4;266,14
Aragón;Irlanda;2021T3;183,69
Aragón;Irlanda;2021T2;245,33
Aragón;Irlanda;2021T1;222,15
Aragón;Irlanda;2020T4;197,17
Aragón;Irlanda;2020T3;134,76
Aragón;Irlanda;2020T2;.
Aragón;Irlanda;2020T1;170,02
Aragón;Irlanda;2019T4;240,00
Aragón;Irlanda;2019T3;211,53
Aragón;Irlanda;2019T2;246,50
Aragón;Irlanda;2019T1;218,51
Aragón;Irlanda;2018T4;313,77
Aragón;Irlanda;2018T3;202,31
Aragón;Irlanda;2018T2;256,21
Aragón;Irlanda;2018T1;281,52
Aragón;Italia;2025T2;277,05
Aragón;Italia;2025T1;274,12
Aragón;Italia;2024T4;310,98
Aragón;Italia;2024T3;257,00
Aragón;Italia;2024T2;249,18
Aragón;Italia;2024T1;247,68
Aragón;Italia;2023T4;356,10
Aragón;Italia;2023T3;248,85
Aragón;Italia;2023T2;223,39
Aragón;Italia;2023T1;232,79
Aragón;Italia;2022T4;210,76
Aragón;Italia;2022T3;208,62
Aragón;Italia;2022T2;215,34
Aragón;Italia;2022T1;190,91
Aragón;Italia;2021T4;247,21
Aragón;Italia;2021T3;216,08
Aragón;Italia;2021T2;274,01
Aragón;Italia;2021T1;307,19
Aragón;Italia;2020T4;321,01
Aragón;Italia;2020T3;213,89
Aragón;Italia;2020T2;.
Aragón;Italia;2020T1;200,76
Aragón;Italia;2019T4;258,70
Aragón;Italia;2019T3;205,92
Aragón;Italia;2019T2;267,85
Aragón;Italia;2019T1;259,22
Aragón;Italia;2018T4;322,78
Aragón;Italia;2018T3;219,89
Aragón;Italia;2018T2;303,79
Aragón;Italia;2018T1;290,46
Aragón;Noruega;2025T2;359,75
Aragón;Noruega;2025T1;365,43
Aragón;Noruega;2024T4;522,73
Aragón;Noruega;2024T3;370,57
Aragón;Noruega;2024T2;385,07
Aragón;Noruega;2024T1;309,73
Aragón;Noruega;2023T4;471,60
Aragón;Noruega;2023T3;351,67
Aragón;Noruega;2023T2;393,53
Aragón;Noruega;2023T1;325,51
Aragón;Noruega;2022T4;286,65
Aragón;Noruega;2022T3;259,71
Aragón;Noruega;2022T2;292,49
Aragón;Noruega;2022T1;271,43
Aragón;Noruega;2021T4;326,45
Aragón;Noruega;2021T3;259,03
Aragón;Noruega;2021T2;358,46
Aragón;Noruega;2021T1;419,28
Aragón;Noruega;2020T4;326,83
Aragón;Noruega;2020T3;238,13
Aragón;Noruega;2020T2;.
Aragón;Noruega;2020T1;248,41
Aragón;Noruega;2019T4;300,68
Aragón;Noruega;2019T3;205,94
Aragón;Noruega;2019T2;294,09
Aragón;Noruega;2019T1;246,15
Aragón;Noruega;2018T4;362,51
Aragón;Noruega;2018T3;202,08
Aragón;Noruega;2018T2;278,37
Aragón;Noruega;2018T1;258,40
Aragón;Países Bajos;2025T2;410,38
Aragón;Países Bajos;2025T1;402,75
Aragón;Países Bajos;2024T4;442,80
Aragón;Países Bajos;2024T3;334,61
Aragón;Países Bajos;2024T2;372,29
Aragón;Países Bajos;2024T1;343,96
Aragón;Países Bajos;2023T4;489,90
Aragón;Países Bajos;2023T3;319,80
Aragón;Países Bajos;2023T2;322,64
Aragón;Países Bajos;2023T1;328,87
Aragón;Países Bajos;2022T4;264,54
Aragón;Países Bajos;2022T3;255,59
Aragón;Países Bajos;2022T2;295,62
Aragón;Países Bajos;2022T1;271,75
Aragón;Países Bajos;2021T4;322,90
Aragón;Países Bajos;2021T3;239,07
Aragón;Países Bajos;2021T2;332,41
Aragón;Países Bajos;2021T1;333,72
Aragón;Países Bajos;2020T4;281,94
Aragón;Países Bajos;2020T3;176,15
Aragón;Países Bajos;2020T2;.
Aragón;Países Bajos;2020T1;208,35
Aragón;Países Bajos;2019T4;264,14
Aragón;Países Bajos;2019T3;226,87
Aragón;Países Bajos;2019T2;266,50
Aragón;Países Bajos;2019T1;232,09
Aragón;Países Bajos;2018T4;303,63
Aragón;Países Bajos;2018T3;223,29
Aragón;Países Bajos;2018T2;272,70
Aragón;Países Bajos;2018T1;277,70
Aragón;Polonia;2025T2;235,24
Aragón;Polonia;2025T1;241,46
Aragón;Polonia;2024T4;305,72
Aragón;Polonia;2024T3;204,80
Aragón;Polonia;2024T2;207,83
Aragón;Polonia;2024T1;226,92
Aragón;Polonia;2023T4;314,85
Aragón;Polonia;2023T3;179,37
Aragón;Polonia;2023T2;176,50
Aragón;Polonia;2023T1;191,98
Aragón;Polonia;2022T4;173,85
Aragón;Polonia;2022T3;152,82
Aragón;Polonia;2022T2;178,34
Aragón;Polonia;2022T1;178,49
Aragón;Polonia;2021T4;233,15
Aragón;Polonia;2021T3;195,58
Aragón;Polonia;2021T2;228,96
Aragón;Polonia;2021T1;218,41
Aragón;Polonia;2020T4;179,29
Aragón;Polonia;2020T3;113,52
Aragón;Polonia;2020T2;.
Aragón;Polonia;2020T1;145,49
Aragón;Polonia;2019T4;175,03
Aragón;Polonia;2019T3;140,36
Aragón;Polonia;2019T2;183,13
Aragón;Polonia;2019T1;212,72
Aragón;Polonia;2018T4;288,71
Aragón;Polonia;2018T3;142,09
Aragón;Polonia;2018T2;208,21
Aragón;Polonia;2018T1;193,50
Aragón;Portugal;2025T2;300,10
Aragón;Portugal;2025T1;329,47
Aragón;Portugal;2024T4;365,36
Aragón;Portugal;2024T3;260,58
Aragón;Portugal;2024T2;289,66
Aragón;Portugal;2024T1;300,80
Aragón;Portugal;2023T4;432,37
Aragón;Portugal;2023T3;258,70
Aragón;Portugal;2023T2;261,85
Aragón;Portugal;2023T1;287,44
Aragón;Portugal;2022T4;245,01
Aragón;Portugal;2022T3;210,58
Aragón;Portugal;2022T2;252,74
Aragón;Portugal;2022T1;269,69
Aragón;Portugal;2021T4;315,14
Aragón;Portugal;2021T3;193,06
Aragón;Portugal;2021T2;249,30
Aragón;Portugal;2021T1;251,85
Aragón;Portugal;2020T4;214,76
Aragón;Portugal;2020T3;147,65
Aragón;Portugal;2020T2;.
Aragón;Portugal;2020T1;228,85
Aragón;Portugal;2019T4;258,45
Aragón;Portugal;2019T3;193,00
Aragón;Portugal;2019T2;250,67
Aragón;Portugal;2019T1;257,47
Aragón;Portugal;2018T4;334,78
Aragón;Portugal;2018T3;186,12
Aragón;Portugal;2018T2;255,17
Aragón;Portugal;2018T1;291,42
Aragón;Reino Unido;2025T2;356,13
Aragón;Reino Unido;2025T1;361,30
Aragón;Reino Unido;2024T4;418,19
Aragón;Reino Unido;2024T3;304,91
Aragón;Reino Unido;2024T2;321,31
Aragón;Reino Unido;2024T1;314,04
Aragón;Reino Unido;2023T4;461,90
Aragón;Reino Unido;2023T3;298,97
Aragón;Reino Unido;2023T2;295,37
Aragón;Reino Unido;2023T1;313,05
Aragón;Reino Unido;2022T4;265,98
Aragón;Reino Unido;2022T3;228,31
Aragón;Reino Unido;2022T2;261,31
Aragón;Reino Unido;2022T1;241,15
Aragón;Reino Unido;2021T4;292,10
Aragón;Reino Unido;2021T3;213,68
Aragón;Reino Unido;2021T2;285,90
Aragón;Reino Unido;2021T1;274,42
Aragón;Reino Unido;2020T4;233,45
Aragón;Reino Unido;2020T3;146,87
Aragón;Reino Unido;2020T2;.
Aragón;Reino Unido;2020T1;206,34
Aragón;Reino Unido;2019T4;248,97
Aragón;Reino Unido;2019T3;207,99
Aragón;Reino Unido;2019T2;260,43
Aragón;Reino Unido;2019T1;269,30
Aragón;Reino Unido;2018T4;366,22
Aragón;Reino Unido;2018T3;236,57
Aragón;Reino Unido;2018T2;301,91
Aragón;Reino Unido;2018T1;319,75
Aragón;Rumanía;2025T2;341,69
Aragón;Rumanía;2025T1;344,37
Aragón;Rumanía;2024T4;431,63
Aragón;Rumanía;2024T3;267,94
Aragón;Rumanía;2024T2;310,73
Aragón;Rumanía;2024T1;324,90
Aragón;Rumanía;2023T4;498,21
Aragón;Rumanía;2023T3;283,30
Aragón;Rumanía;2023T2;306,43
Aragón;Rumanía;2023T1;329,08
Aragón;Rumanía;2022T4;316,00
Aragón;Rumanía;2022T3;243,16
Aragón;Rumanía;2022T2;300,70
Aragón;Rumanía;2022T1;340,86
Aragón;Rumanía;2021T4;369,70
Aragón;Rumanía;2021T3;244,43
Aragón;Rumanía;2021T2;359,39
Aragón;Rumanía;2021T1;372,61
Aragón;Rumanía;2020T4;323,93
Aragón;Rumanía;2020T3;179,07
Aragón;Rumanía;2020T2;.
Aragón;Rumanía;2020T1;274,66
Aragón;Rumanía;2019T4;334,09
Aragón;Rumanía;2019T3;255,68
Aragón;Rumanía;2019T2;355,62
Aragón;Rumanía;2019T1;329,17
Aragón;Rumanía;2018T4;438,84
Aragón;Rumanía;2018T3;244,45
Aragón;Rumanía;2018T2;350,48
Aragón;Rumanía;2018T1;353,24
Aragón;Rusia;2025T2;.
Aragón;Rusia;2025T1;.
Aragón;Rusia;2024T4;.
Aragón;Rusia;2024T3;.
Aragón;Rusia;2024T2;.
Aragón;Rusia;2024T1;.
Aragón;Rusia;2023T4;.
Aragón;Rusia;2023T3;.
Aragón;Rusia;2023T2;.
Aragón;Rusia;2023T1;.
Aragón;Rusia;2022T4;.
Aragón;Rusia;2022T3;.
Aragón;Rusia;2022T2;.
Aragón;Rusia;2022T1;370,79
Aragón;Rusia;2021T4;382,93
Aragón;Rusia;2021T3;242,15
Aragón;Rusia;2021T2;248,81
Aragón;Rusia;2021T1;257,90
Aragón;Rusia;2020T4;392,17
Aragón;Rusia;2020T3;146,44
Aragón;Rusia;2020T2;.
Aragón;Rusia;2020T1;196,20
Aragón;Rusia;2019T4;251,33
Aragón;Rusia;2019T3;150,92
Aragón;Rusia;2019T2;224,79
Aragón;Rusia;2019T1;273,33
Aragón;Rusia;2018T4;281,11
Aragón;Rusia;2018T3;153,31
Aragón;Rusia;2018T2;224,32
Aragón;Rusia;2018T1;227,85
Aragón;Suecia;2025T2;441,64
Aragón;Suecia;2025T1;441,19
Aragón;Suecia;2024T4;484,12
Aragón;Suecia;2024T3;331,60
Aragón;Suecia;2024T2;391,58
Aragón;Suecia;2024T1;381,76
Aragón;Suecia;2023T4;616,93
Aragón;Suecia;2023T3;309,64
Aragón;Suecia;2023T2;348,37
Aragón;Suecia;2023T1;340,15
Aragón;Suecia;2022T4;294,81
Aragón;Suecia;2022T3;231,57
Aragón;Suecia;2022T2;303,93
Aragón;Suecia;2022T1;299,42
Aragón;Suecia;2021T4;340,95
Aragón;Suecia;2021T3;224,84
Aragón;Suecia;2021T2;324,76
Aragón;Suecia;2021T1;300,30
Aragón;Suecia;2020T4;309,20
Aragón;Suecia;2020T3;186,56
Aragón;Suecia;2020T2;.
Aragón;Suecia;2020T1;237,93
Aragón;Suecia;2019T4;311,78
Aragón;Suecia;2019T3;217,49
Aragón;Suecia;2019T2;298,27
Aragón;Suecia;2019T1;313,98
Aragón;Suecia;2018T4;400,61
Aragón;Suecia;2018T3;233,44
Aragón;Suecia;2018T2;289,27
Aragón;Suecia;2018T1;246,97
Aragón;Suiza;2025T2;523,76
Aragón;Suiza;2025T1;501,02
Aragón;Suiza;2024T4;621,73
Aragón;Suiza;2024T3;405,85
Aragón;Suiza;2024T2;472,74
Aragón;Suiza;2024T1;494,78
Aragón;Suiza;2023T4;760,30
Aragón;Suiza;2023T3;422,88
Aragón;Suiza;2023T2;479,91
Aragón;Suiza;2023T1;530,41
Aragón;Suiza;2022T4;436,19
Aragón;Suiza;2022T3;343,69
Aragón;Suiza;2022T2;456,12
Aragón;Suiza;2022T1;484,85
Aragón;Suiza;2021T4;542,29
Aragón;Suiza;2021T3;322,98
Aragón;Suiza;2021T2;553,69
Aragón;Suiza;2021T1;531,39
Aragón;Suiza;2020T4;580,67
Aragón;Suiza;2020T3;303,87
Aragón;Suiza;2020T2;.
Aragón;Suiza;2020T1;387,99
Aragón;Suiza;2019T4;490,85
Aragón;Suiza;2019T3;308,93
Aragón;Suiza;2019T2;449,92
Aragón;Suiza;2019T1;442,23
Aragón;Suiza;2018T4;545,75
Aragón;Suiza;2018T3;297,49
Aragón;Suiza;2018T2;419,65
Aragón;Suiza;2018T1;503,92
Aragón;Otros Países Europeos;2025T2;313,81
Aragón;Otros Países Europeos;2025T1;313,19
Aragón;Otros Países Europeos;2024T4;363,53
Aragón;Otros Países Europeos;2024T3;257,06
Aragón;Otros Países Europeos;2024T2;285,12
Aragón;Otros Países Europeos;2024T1;290,11
Aragón;Otros Países Europeos;2023T4;428,95
Aragón;Otros Países Europeos;2023T3;246,83
Aragón;Otros Países Europeos;2023T2;261,95
Aragón;Otros Países Europeos;2023T1;277,57
Aragón;Otros Países Europeos;2022T4;260,92
Aragón;Otros Países Europeos;2022T3;209,02
Aragón;Otros Países Europeos;2022T2;265,92
Aragón;Otros Países Europeos;2022T1;243,61
Aragón;Otros Países Europeos;2021T4;296,03
Aragón;Otros Países Europeos;2021T3;191,81
Aragón;Otros Países Europeos;2021T2;286,77
Aragón;Otros Países Europeos;2021T1;267,66
Aragón;Otros Países Europeos;2020T4;279,83
Aragón;Otros Países Europeos;2020T3;150,51
Aragón;Otros Países Europeos;2020T2;.
Aragón;Otros Países Europeos;2020T1;192,34
Aragón;Otros Países Europeos;2019T4;238,86
Aragón;Otros Países Europeos;2019T3;171,71
Aragón;Otros Países Europeos;2019T2;242,90
Aragón;Otros Países Europeos;2019T1;242,83
Aragón;Otros Países Europeos;2018T4;327,86
Aragón;Otros Países Europeos;2018T3;188,56
Aragón;Otros Países Europeos;2018T2;247,86
Aragón;Otros Países Europeos;2018T1;253,34
Aragón;Argentina;2025T2;342,28
Aragón;Argentina;2025T1;336,69
Aragón;Argentina;2024T4;411,39
Aragón;Argentina;2024T3;314,56
Aragón;Argentina;2024T2;376,02
Aragón;Argentina;2024T1;289,42
Aragón;Argentina;2023T4;391,67
Aragón;Argentina;2023T3;250,11
Aragón;Argentina;2023T2;288,81
Aragón;Argentina;2023T1;290,95
Aragón;Argentina;2022T4;244,14
Aragón;Argentina;2022T3;266,28
Aragón;Argentina;2022T2;272,23
Aragón;Argentina;2022T1;263,64
Aragón;Argentina;2021T4;335,48
Aragón;Argentina;2021T3;211,51
Aragón;Argentina;2021T2;249,42
Aragón;Argentina;2021T1;197,25
Aragón;Argentina;2020T4;230,72
Aragón;Argentina;2020T3;127,07
Aragón;Argentina;2020T2;.
Aragón;Argentina;2020T1;145,11
Aragón;Argentina;2019T4;189,88
Aragón;Argentina;2019T3;156,87
Aragón;Argentina;2019T2;191,45
Aragón;Argentina;2019T1;186,40
Aragón;Argentina;2018T4;238,85
Aragón;Argentina;2018T3;151,88
Aragón;Argentina;2018T2;225,91
Aragón;Argentina;2018T1;252,00
Aragón;Brasil;2025T2;277,30
Aragón;Brasil;2025T1;256,46
Aragón;Brasil;2024T4;321,91
Aragón;Brasil;2024T3;232,98
Aragón;Brasil;2024T2;283,31
Aragón;Brasil;2024T1;309,22
Aragón;Brasil;2023T4;427,25
Aragón;Brasil;2023T3;239,70
Aragón;Brasil;2023T2;273,61
Aragón;Brasil;2023T1;295,34
Aragón;Brasil;2022T4;262,11
Aragón;Brasil;2022T3;239,32
Aragón;Brasil;2022T2;334,81
Aragón;Brasil;2022T1;314,36
Aragón;Brasil;2021T4;391,26
Aragón;Brasil;2021T3;259,46
Aragón;Brasil;2021T2;377,39
Aragón;Brasil;2021T1;351,66
Aragón;Brasil;2020T4;287,40
Aragón;Brasil;2020T3;219,38
Aragón;Brasil;2020T2;.
Aragón;Brasil;2020T1;235,35
Aragón;Brasil;2019T4;278,65
Aragón;Brasil;2019T3;210,35
Aragón;Brasil;2019T2;301,43
Aragón;Brasil;2019T1;283,31
Aragón;Brasil;2018T4;343,78
Aragón;Brasil;2018T3;171,14
Aragón;Brasil;2018T2;268,95
Aragón;Brasil;2018T1;267,33
Aragón;Canadá;2025T2;359,95
Aragón;Canadá;2025T1;339,33
Aragón;Canadá;2024T4;463,77
Aragón;Canadá;2024T3;323,33
Aragón;Canadá;2024T2;353,57
Aragón;Canadá;2024T1;323,85
Aragón;Canadá;2023T4;517,73
Aragón;Canadá;2023T3;332,26
Aragón;Canadá;2023T2;336,20
Aragón;Canadá;2023T1;364,72
Aragón;Canadá;2022T4;289,80
Aragón;Canadá;2022T3;257,50
Aragón;Canadá;2022T2;291,30
Aragón;Canadá;2022T1;294,56
Aragón;Canadá;2021T4;377,57
Aragón;Canadá;2021T3;397,73
Aragón;Canadá;2021T2;441,87
Aragón;Canadá;2021T1;449,22
Aragón;Canadá;2020T4;391,33
Aragón;Canadá;2020T3;189,06
Aragón;Canadá;2020T2;.
Aragón;Canadá;2020T1;257,30
Aragón;Canadá;2019T4;311,88
Aragón;Canadá;2019T3;212,76
Aragón;Canadá;2019T2;252,12
Aragón;Canadá;2019T1;320,08
Aragón;Canadá;2018T4;363,98
Aragón;Canadá;2018T3;203,81
Aragón;Canadá;2018T2;257,38
Aragón;Canadá;2018T1;339,17
Aragón;Chile;2025T2;343,71
Aragón;Chile;2025T1;312,24
Aragón;Chile;2024T4;377,96
Aragón;Chile;2024T3;276,54
Aragón;Chile;2024T2;351,43
Aragón;Chile;2024T1;309,48
Aragón;Chile;2023T4;496,49
Aragón;Chile;2023T3;324,31
Aragón;Chile;2023T2;357,27
Aragón;Chile;2023T1;335,50
Aragón;Chile;2022T4;261,76
Aragón;Chile;2022T3;250,32
Aragón;Chile;2022T2;286,58
Aragón;Chile;2022T1;308,39
Aragón;Chile;2021T4;397,06
Aragón;Chile;2021T3;297,32
Aragón;Chile;2021T2;449,64
Aragón;Chile;2021T1;630,34
Aragón;Chile;2020T4;513,38
Aragón;Chile;2020T3;286,43
Aragón;Chile;2020T2;.
Aragón;Chile;2020T1;265,67
Aragón;Chile;2019T4;305,66
Aragón;Chile;2019T3;244,42
Aragón;Chile;2019T2;297,79
Aragón;Chile;2019T1;317,50
Aragón;Chile;2018T4;551,35
Aragón;Chile;2018T3;271,60
Aragón;Chile;2018T2;435,62
Aragón;Chile;2018T1;410,13
Aragón;Colombia;2025T2;322,05
Aragón;Colombia;2025T1;339,98
Aragón;Colombia;2024T4;397,48
Aragón;Colombia;2024T3;277,29
Aragón;Colombia;2024T2;318,58
Aragón;Colombia;2024T1;339,07
Aragón;Colombia;2023T4;529,97
Aragón;Colombia;2023T3;304,62
Aragón;Colombia;2023T2;302,67
Aragón;Colombia;2023T1;342,72
Aragón;Colombia;2022T4;294,21
Aragón;Colombia;2022T3;251,17
Aragón;Colombia;2022T2;296,73
Aragón;Colombia;2022T1;331,87
Aragón;Colombia;2021T4;418,57
Aragón;Colombia;2021T3;298,25
Aragón;Colombia;2021T2;543,34
Aragón;Colombia;2021T1;477,98
Aragón;Colombia;2020T4;542,31
Aragón;Colombia;2020T3;244,37
Aragón;Colombia;2020T2;.
Aragón;Colombia;2020T1;355,78
Aragón;Colombia;2019T4;476,97
Aragón;Colombia;2019T3;297,46
Aragón;Colombia;2019T2;410,15
Aragón;Colombia;2019T1;493,76
Aragón;Colombia;2018T4;564,58
Aragón;Colombia;2018T3;266,57
Aragón;Colombia;2018T2;391,97
Aragón;Colombia;2018T1;402,61
Aragón;Estados Unidos de América;2025T2;431,44
Aragón;Estados Unidos de América;2025T1;416,76
Aragón;Estados Unidos de América;2024T4;518,88
Aragón;Estados Unidos de América;2024T3;377,11
Aragón;Estados Unidos de América;2024T2;399,99
Aragón;Estados Unidos de América;2024T1;412,26
Aragón;Estados Unidos de América;2023T4;604,39
Aragón;Estados Unidos de América;2023T3;353,53
Aragón;Estados Unidos de América;2023T2;370,12
Aragón;Estados Unidos de América;2023T1;394,06
Aragón;Estados Unidos de América;2022T4;333,16
Aragón;Estados Unidos de América;2022T3;287,65
Aragón;Estados Unidos de América;2022T2;335,23
Aragón;Estados Unidos de América;2022T1;337,34
Aragón;Estados Unidos de América;2021T4;406,89
Aragón;Estados Unidos de América;2021T3;276,01
Aragón;Estados Unidos de América;2021T2;455,87
Aragón;Estados Unidos de América;2021T1;514,31
Aragón;Estados Unidos de América;2020T4;442,98
Aragón;Estados Unidos de América;2020T3;258,78
Aragón;Estados Unidos de América;2020T2;.
Aragón;Estados Unidos de América;2020T1;301,99
Aragón;Estados Unidos de América;2019T4;338,45
Aragón;Estados Unidos de América;2019T3;232,47
Aragón;Estados Unidos de América;2019T2;309,82
Aragón;Estados Unidos de América;2019T1;371,39
Aragón;Estados Unidos de América;2018T4;474,49
Aragón;Estados Unidos de América;2018T3;240,80
Aragón;Estados Unidos de América;2018T2;314,71
Aragón;Estados Unidos de América;2018T1;350,89
Aragón;México;2025T2;351,23
Aragón;México;2025T1;317,55
Aragón;México;2024T4;378,59
Aragón;México;2024T3;274,36
Aragón;México;2024T2;299,81
Aragón;México;2024T1;297,16
Aragón;México;2023T4;450,15
Aragón;México;2023T3;303,51
Aragón;México;2023T2;308,04
Aragón;México;2023T1;314,66
Aragón;México;2022T4;273,75
Aragón;México;2022T3;258,89
Aragón;México;2022T2;303,20
Aragón;México;2022T1;311,50
Aragón;México;2021T4;405,86
Aragón;México;2021T3;300,96
Aragón;México;2021T2;487,19
Aragón;México;2021T1;515,82
Aragón;México;2020T4;485,66
Aragón;México;2020T3;216,46
Aragón;México;2020T2;.
Aragón;México;2020T1;287,22
Aragón;México;2019T4;326,46
Aragón;México;2019T3;249,21
Aragón;México;2019T2;297,63
Aragón;México;2019T1;361,46
Aragón;México;2018T4;424,36
Aragón;México;2018T3;228,52
Aragón;México;2018T2;286,36
Aragón;México;2018T1;291,58
Aragón;Resto de América;2025T2;357,27
Aragón;Resto de América;2025T1;369,51
Aragón;Resto de América;2024T4;442,77
Aragón;Resto de América;2024T3;319,07
Aragón;Resto de América;2024T2;338,89
Aragón;Resto de América;2024T1;352,55
Aragón;Resto de América;2023T4;583,72
Aragón;Resto de América;2023T3;332,38
Aragón;Resto de América;2023T2;358,24
Aragón;Resto de América;2023T1;381,49
Aragón;Resto de América;2022T4;332,86
Aragón;Resto de América;2022T3;275,64
Aragón;Resto de América;2022T2;343,31
Aragón;Resto de América;2022T1;329,21
Aragón;Resto de América;2021T4;403,05
Aragón;Resto de América;2021T3;293,37
Aragón;Resto de América;2021T2;440,59
Aragón;Resto de América;2021T1;368,42
Aragón;Resto de América;2020T4;412,32
Aragón;Resto de América;2020T3;224,10
Aragón;Resto de América;2020T2;.
Aragón;Resto de América;2020T1;276,00
Aragón;Resto de América;2019T4;333,47
Aragón;Resto de América;2019T3;260,72
Aragón;Resto de América;2019T2;332,72
Aragón;Resto de América;2019T1;334,13
Aragón;Resto de América;2018T4;440,60
Aragón;Resto de América;2018T3;251,54
Aragón;Resto de América;2018T2;493,71
Aragón;Resto de América;2018T1;544,02
Aragón;Australia;2025T2;321,92
Aragón;Australia;2025T1;306,17
Aragón;Australia;2024T4;334,16
Aragón;Australia;2024T3;269,94
Aragón;Australia;2024T2;276,94
Aragón;Australia;2024T1;219,28
Aragón;Australia;2023T4;337,97
Aragón;Australia;2023T3;250,43
Aragón;Australia;2023T2;253,30
Aragón;Australia;2023T1;250,45
Aragón;Australia;2022T4;203,37
Aragón;Australia;2022T3;206,75
Aragón;Australia;2022T2;269,54
Aragón;Australia;2022T1;255,53
Aragón;Australia;2021T4;315,33
Aragón;Australia;2021T3;201,62
Aragón;Australia;2021T2;174,73
Aragón;Australia;2021T1;266,35
Aragón;Australia;2020T4;170,97
Aragón;Australia;2020T3;147,29
Aragón;Australia;2020T2;.
Aragón;Australia;2020T1;211,91
Aragón;Australia;2019T4;288,08
Aragón;Australia;2019T3;200,08
Aragón;Australia;2019T2;276,55
Aragón;Australia;2019T1;321,04
Aragón;Australia;2018T4;285,33
Aragón;Australia;2018T3;197,02
Aragón;Australia;2018T2;315,72
Aragón;Australia;2018T1;281,18
Aragón;China;2025T2;407,81
Aragón;China;2025T1;429,61
Aragón;China;2024T4;515,60
Aragón;China;2024T3;434,40
Aragón;China;2024T2;400,46
Aragón;China;2024T1;495,97
Aragón;China;2023T4;657,79
Aragón;China;2023T3;326,19
Aragón;China;2023T2;327,63
Aragón;China;2023T1;394,31
Aragón;China;2022T4;256,93
Aragón;China;2022T3;229,95
Aragón;China;2022T2;299,19
Aragón;China;2022T1;433,59
Aragón;China;2021T4;435,18
Aragón;China;2021T3;371,61
Aragón;China;2021T2;504,19
Aragón;China;2021T1;337,63
Aragón;China;2020T4;360,37
Aragón;China;2020T3;250,87
Aragón;China;2020T2;.
Aragón;China;2020T1;361,90
Aragón;China;2019T4;445,12
Aragón;China;2019T3;426,98
Aragón;China;2019T2;394,52
Aragón;China;2019T1;388,44
Aragón;China;2018T4;513,36
Aragón;China;2018T3;334,21
Aragón;China;2018T2;432,96
Aragón;China;2018T1;519,56
Aragón;Corea;2025T2;255,52
Aragón;Corea;2025T1;241,25
Aragón;Corea;2024T4;261,58
Aragón;Corea;2024T3;241,17
Aragón;Corea;2024T2;249,39
Aragón;Corea;2024T1;254,90
Aragón;Corea;2023T4;.
Aragón;Corea;2023T3;239,27
Aragón;Corea;2023T2;.
Aragón;Corea;2023T1;272,44
Aragón;Corea;2022T4;.
Aragón;Corea;2022T3;.
Aragón;Corea;2022T2;.
Aragón;Corea;2022T1;282,79
Aragón;Corea;2021T4;.
Aragón;Corea;2021T3;335,04
Aragón;Corea;2021T2;157,20
Aragón;Corea;2021T1;.
Aragón;Corea;2020T4;.
Aragón;Corea;2020T3;77,70
Aragón;Corea;2020T2;.
Aragón;Corea;2020T1;167,27
Aragón;Corea;2019T4;220,18
Aragón;Corea;2019T3;195,83
Aragón;Corea;2019T2;278,26
Aragón;Corea;2019T1;265,27
Aragón;Corea;2018T4;297,82
Aragón;Corea;2018T3;132,41
Aragón;Corea;2018T2;233,07
Aragón;Corea;2018T1;225,47
Aragón;Emiratos Árabes Unidos;2025T2;526,44
Aragón;Emiratos Árabes Unidos;2025T1;476,27
Aragón;Emiratos Árabes Unidos;2024T4;618,14
Aragón;Emiratos Árabes Unidos;2024T3;388,92
Aragón;Emiratos Árabes Unidos;2024T2;426,49
Aragón;Emiratos Árabes Unidos;2024T1;528,73
Aragón;Emiratos Árabes Unidos;2023T4;.
Aragón;Emiratos Árabes Unidos;2023T3;398,90
Aragón;Emiratos Árabes Unidos;2023T2;394,66
Aragón;Emiratos Árabes Unidos;2023T1;.
Aragón;Emiratos Árabes Unidos;2022T4;411,42
Aragón;Emiratos Árabes Unidos;2022T3;289,90
Aragón;Emiratos Árabes Unidos;2022T2;348,93
Aragón;Emiratos Árabes Unidos;2022T1;345,03
Aragón;Emiratos Árabes Unidos;2021T4;307,90
Aragón;Emiratos Árabes Unidos;2021T3;236,08
Aragón;Emiratos Árabes Unidos;2021T2;348,06
Aragón;Emiratos Árabes Unidos;2021T1;360,64
Aragón;Emiratos Árabes Unidos;2020T4;383,80
Aragón;Emiratos Árabes Unidos;2020T3;219,68
Aragón;Emiratos Árabes Unidos;2020T2;.
Aragón;Emiratos Árabes Unidos;2020T1;377,26
Aragón;Emiratos Árabes Unidos;2019T4;434,88
Aragón;Emiratos Árabes Unidos;2019T3;270,93
Aragón;Emiratos Árabes Unidos;2019T2;385,46
Aragón;Emiratos Árabes Unidos;2019T1;518,16
Aragón;Emiratos Árabes Unidos;2018T4;485,95
Aragón;Emiratos Árabes Unidos;2018T3;359,44
Aragón;Emiratos Árabes Unidos;2018T2;278,26
Aragón;Emiratos Árabes Unidos;2018T1;324,53
Aragón;Japón;2025T2;.
Aragón;Japón;2025T1;.
Aragón;Japón;2024T4;.
Aragón;Japón;2024T3;.
Aragón;Japón;2024T2;.
Aragón;Japón;2024T1;.
Aragón;Japón;2023T4;.
Aragón;Japón;2023T3;.
Aragón;Japón;2023T2;240,50
Aragón;Japón;2023T1;228,02
Aragón;Japón;2022T4;254,93
Aragón;Japón;2022T3;231,74
Aragón;Japón;2022T2;393,46
Aragón;Japón;2022T1;401,02
Aragón;Japón;2021T4;.
Aragón;Japón;2021T3;355,20
Aragón;Japón;2021T2;442,92
Aragón;Japón;2021T1;.
Aragón;Japón;2020T4;.
Aragón;Japón;2020T3;642,62
Aragón;Japón;2020T2;.
Aragón;Japón;2020T1;308,86
Aragón;Japón;2019T4;323,74
Aragón;Japón;2019T3;257,31
Aragón;Japón;2019T2;319,74
Aragón;Japón;2019T1;244,57
Aragón;Japón;2018T4;376,83
Aragón;Japón;2018T3;274,96
Aragón;Japón;2018T2;298,29
Aragón;Japón;2018T1;270,24
Aragón;Turquía;2025T2;397,09
Aragón;Turquía;2025T1;378,96
Aragón;Turquía;2024T4;426,77
Aragón;Turquía;2024T3;274,54
Aragón;Turquía;2024T2;347,35
Aragón;Turquía;2024T1;426,54
Aragón;Turquía;2023T4;574,59
Aragón;Turquía;2023T3;359,84
Aragón;Turquía;2023T2;509,47
Aragón;Turquía;2023T1;641,03
Aragón;Turquía;2022T4;585,81
Aragón;Turquía;2022T3;318,77
Aragón;Turquía;2022T2;404,65
Aragón;Turquía;2022T1;321,40
Aragón;Turquía;2021T4;423,09
Aragón;Turquía;2021T3;289,40
Aragón;Turquía;2021T2;524,10
Aragón;Turquía;2021T1;504,47
Aragón;Turquía;2020T4;433,38
Aragón;Turquía;2020T3;358,02
Aragón;Turquía;2020T2;.
Aragón;Turquía;2020T1;360,84
Aragón;Turquía;2019T4;464,12
Aragón;Turquía;2019T3;282,59
Aragón;Turquía;2019T2;385,15
Aragón;Turquía;2019T1;405,03
Aragón;Turquía;2018T4;398,60
Aragón;Turquía;2018T3;219,19
Aragón;Turquía;2018T2;334,52
Aragón;Turquía;2018T1;243,79
Aragón;Resto del mundo;2025T2;455,89
Aragón;Resto del mundo;2025T1;482,03
Aragón;Resto del mundo;2024T4;571,79
Aragón;Resto del mundo;2024T3;420,42
Aragón;Resto del mundo;2024T2;448,22
Aragón;Resto del mundo;2024T1;456,26
Aragón;Resto del mundo;2023T4;749,82
Aragón;Resto del mundo;2023T3;435,65
Aragón;Resto del mundo;2023T2;467,07
Aragón;Resto del mundo;2023T1;501,59
Aragón;Resto del mundo;2022T4;451,19
Aragón;Resto del mundo;2022T3;397,36
Aragón;Resto del mundo;2022T2;460,04
Aragón;Resto del mundo;2022T1;523,35
Aragón;Resto del mundo;2021T4;616,49
Aragón;Resto del mundo;2021T3;488,42
Aragón;Resto del mundo;2021T2;761,42
Aragón;Resto del mundo;2021T1;748,89
Aragón;Resto del mundo;2020T4;696,14
Aragón;Resto del mundo;2020T3;422,50
Aragón;Resto del mundo;2020T2;.
Aragón;Resto del mundo;2020T1;394,65
Aragón;Resto del mundo;2019T4;519,04
Aragón;Resto del mundo;2019T3;368,15
Aragón;Resto del mundo;2019T2;567,15
Aragón;Resto del mundo;2019T1;611,92
Aragón;Resto del mundo;2018T4;491,92
Aragón;Resto del mundo;2018T3;309,16
Aragón;Resto del mundo;2018T2;381,41
Aragón;Resto del mundo;2018T1;353,19
Asturias, Principado de;Total;2025T2;589,05
Asturias, Principado de;Total;2025T1;749,76
Asturias, Principado de;Total;2024T4;543,45
Asturias, Principado de;Total;2024T3;572,01
Asturias, Principado de;Total;2024T2;598,66
Asturias, Principado de;Total;2024T1;704,48
Asturias, Principado de;Total;2023T4;591,54
Asturias, Principado de;Total;2023T3;544,55
Asturias, Principado de;Total;2023T2;543,77
Asturias, Principado de;Total;2023T1;752,88
Asturias, Principado de;Total;2022T4;519,93
Asturias, Principado de;Total;2022T3;578,53
Asturias, Principado de;Total;2022T2;545,29
Asturias, Principado de;Total;2022T1;727,60
Asturias, Principado de;Total;2021T4;766,45
Asturias, Principado de;Total;2021T3;577,25
Asturias, Principado de;Total;2021T2;625,09
Asturias, Principado de;Total;2021T1;687,77
Asturias, Principado de;Total;2020T4;688,01
Asturias, Principado de;Total;2020T3;618,35
Asturias, Principado de;Total;2020T2;.
Asturias, Principado de;Total;2020T1;338,33
Asturias, Principado de;Total;2019T4;653,37
Asturias, Principado de;Total;2019T3;486,44
Asturias, Principado de;Total;2019T2;365,31
Asturias, Principado de;Total;2019T1;434,71
Asturias, Principado de;Total;2018T4;642,92
Asturias, Principado de;Total;2018T3;517,63
Asturias, Principado de;Total;2018T2;457,29
Asturias, Principado de;Total;2018T1;650,25
Asturias, Principado de;Alemania;2025T2;598,46
Asturias, Principado de;Alemania;2025T1;742,88
Asturias, Principado de;Alemania;2024T4;489,88
Asturias, Principado de;Alemania;2024T3;596,27
Asturias, Principado de;Alemania;2024T2;624,42
Asturias, Principado de;Alemania;2024T1;694,07
Asturias, Principado de;Alemania;2023T4;570,02
Asturias, Principado de;Alemania;2023T3;588,65
Asturias, Principado de;Alemania;2023T2;578,10
Asturias, Principado de;Alemania;2023T1;719,03
Asturias, Principado de;Alemania;2022T4;463,05
Asturias, Principado de;Alemania;2022T3;618,19
Asturias, Principado de;Alemania;2022T2;559,23
Asturias, Principado de;Alemania;2022T1;707,97
Asturias, Principado de;Alemania;2021T4;710,01
Asturias, Principado de;Alemania;2021T3;606,23
Asturias, Principado de;Alemania;2021T2;678,01
Asturias, Principado de;Alemania;2021T1;657,66
Asturias, Principado de;Alemania;2020T4;666,80
Asturias, Principado de;Alemania;2020T3;694,75
Asturias, Principado de;Alemania;2020T2;.
Asturias, Principado de;Alemania;2020T1;399,57
Asturias, Principado de;Alemania;2019T4;744,90
Asturias, Principado de;Alemania;2019T3;584,03
Asturias, Principado de;Alemania;2019T2;437,81
Asturias, Principado de;Alemania;2019T1;489,45
Asturias, Principado de;Alemania;2018T4;626,72
Asturias, Principado de;Alemania;2018T3;627,70
Asturias, Principado de;Alemania;2018T2;560,36
Asturias, Principado de;Alemania;2018T1;665,42
Asturias, Principado de;Andorra;2025T2;706,02
Asturias, Principado de;Andorra;2025T1;882,75
Asturias, Principado de;Andorra;2024T4;742,46
Asturias, Principado de;Andorra;2024T3;687,95
Asturias, Principado de;Andorra;2024T2;770,02
Asturias, Principado de;Andorra;2024T1;966,88
Asturias, Principado de;Andorra;2023T4;698,05
Asturias, Principado de;Andorra;2023T3;576,22
Asturias, Principado de;Andorra;2023T2;531,01
Asturias, Principado de;Andorra;2023T1;952,37
Asturias, Principado de;Andorra;2022T4;540,35
Asturias, Principado de;Andorra;2022T3;630,10
Asturias, Principado de;Andorra;2022T2;760,84
Asturias, Principado de;Andorra;2022T1;1.279,30
Asturias, Principado de;Andorra;2021T4;782,97
Asturias, Principado de;Andorra;2021T3;709,33
Asturias, Principado de;Andorra;2021T2;726,96
Asturias, Principado de;Andorra;2021T1;1.130,28
Asturias, Principado de;Andorra;2020T4;691,53
Asturias, Principado de;Andorra;2020T3;646,52
Asturias, Principado de;Andorra;2020T2;.
Asturias, Principado de;Andorra;2020T1;533,56
Asturias, Principado de;Andorra;2019T4;809,66
Asturias, Principado de;Andorra;2019T3;534,28
Asturias, Principado de;Andorra;2019T2;493,41
Asturias, Principado de;Andorra;2019T1;680,67
Asturias, Principado de;Andorra;2018T4;806,28
Asturias, Principado de;Andorra;2018T3;494,86
Asturias, Principado de;Andorra;2018T2;492,81
Asturias, Principado de;Andorra;2018T1;742,62
Asturias, Principado de;Austria;2025T2;617,77
Asturias, Principado de;Austria;2025T1;692,74
Asturias, Principado de;Austria;2024T4;553,08
Asturias, Principado de;Austria;2024T3;577,54
Asturias, Principado de;Austria;2024T2;602,50
Asturias, Principado de;Austria;2024T1;566,22
Asturias, Principado de;Austria;2023T4;549,11
Asturias, Principado de;Austria;2023T3;554,86
Asturias, Principado de;Austria;2023T2;579,90
Asturias, Principado de;Austria;2023T1;747,82
Asturias, Principado de;Austria;2022T4;495,91
Asturias, Principado de;Austria;2022T3;603,55
Asturias, Principado de;Austria;2022T2;523,91
Asturias, Principado de;Austria;2022T1;602,88
Asturias, Principado de;Austria;2021T4;706,74
Asturias, Principado de;Austria;2021T3;531,14
Asturias, Principado de;Austria;2021T2;599,78
Asturias, Principado de;Austria;2021T1;455,98
Asturias, Principado de;Austria;2020T4;576,28
Asturias, Principado de;Austria;2020T3;598,19
Asturias, Principado de;Austria;2020T2;.
Asturias, Principado de;Austria;2020T1;378,21
Asturias, Principado de;Austria;2019T4;880,95
Asturias, Principado de;Austria;2019T3;565,94
Asturias, Principado de;Austria;2019T2;438,27
Asturias, Principado de;Austria;2019T1;472,46
Asturias, Principado de;Austria;2018T4;724,61
Asturias, Principado de;Austria;2018T3;625,56
Asturias, Principado de;Austria;2018T2;523,52
Asturias, Principado de;Austria;2018T1;632,58
Asturias, Principado de;Bélgica;2025T2;678,82
Asturias, Principado de;Bélgica;2025T1;868,22
Asturias, Principado de;Bélgica;2024T4;641,54
Asturias, Principado de;Bélgica;2024T3;603,85
Asturias, Principado de;Bélgica;2024T2;671,26
Asturias, Principado de;Bélgica;2024T1;829,33
Asturias, Principado de;Bélgica;2023T4;640,56
Asturias, Principado de;Bélgica;2023T3;597,53
Asturias, Principado de;Bélgica;2023T2;628,44
Asturias, Principado de;Bélgica;2023T1;848,01
Asturias, Principado de;Bélgica;2022T4;580,33
Asturias, Principado de;Bélgica;2022T3;608,72
Asturias, Principado de;Bélgica;2022T2;624,30
Asturias, Principado de;Bélgica;2022T1;851,93
Asturias, Principado de;Bélgica;2021T4;848,73
Asturias, Principado de;Bélgica;2021T3;601,00
Asturias, Principado de;Bélgica;2021T2;705,53
Asturias, Principado de;Bélgica;2021T1;774,04
Asturias, Principado de;Bélgica;2020T4;770,61
Asturias, Principado de;Bélgica;2020T3;671,80
Asturias, Principado de;Bélgica;2020T2;.
Asturias, Principado de;Bélgica;2020T1;375,59
Asturias, Principado de;Bélgica;2019T4;720,93
Asturias, Principado de;Bélgica;2019T3;521,10
Asturias, Principado de;Bélgica;2019T2;401,72
Asturias, Principado de;Bélgica;2019T1;497,51
Asturias, Principado de;Bélgica;2018T4;707,81
Asturias, Principado de;Bélgica;2018T3;500,72
Asturias, Principado de;Bélgica;2018T2;462,35
Asturias, Principado de;Bélgica;2018T1;648,92
Asturias, Principado de;Dinamarca;2025T2;488,90
Asturias, Principado de;Dinamarca;2025T1;677,56
Asturias, Principado de;Dinamarca;2024T4;440,73
Asturias, Principado de;Dinamarca;2024T3;496,59
Asturias, Principado de;Dinamarca;2024T2;555,09
Asturias, Principado de;Dinamarca;2024T1;597,94
Asturias, Principado de;Dinamarca;2023T4;493,78
Asturias, Principado de;Dinamarca;2023T3;446,14
Asturias, Principado de;Dinamarca;2023T2;424,76
Asturias, Principado de;Dinamarca;2023T1;674,52
Asturias, Principado de;Dinamarca;2022T4;445,10
Asturias, Principado de;Dinamarca;2022T3;466,08
Asturias, Principado de;Dinamarca;2022T2;469,49
Asturias, Principado de;Dinamarca;2022T1;643,20
Asturias, Principado de;Dinamarca;2021T4;678,94
Asturias, Principado de;Dinamarca;2021T3;475,45
Asturias, Principado de;Dinamarca;2021T2;563,22
Asturias, Principado de;Dinamarca;2021T1;741,69
Asturias, Principado de;Dinamarca;2020T4;741,33
Asturias, Principado de;Dinamarca;2020T3;515,91
Asturias, Principado de;Dinamarca;2020T2;.
Asturias, Principado de;Dinamarca;2020T1;400,63
Asturias, Principado de;Dinamarca;2019T4;596,56
Asturias, Principado de;Dinamarca;2019T3;450,17
Asturias, Principado de;Dinamarca;2019T2;336,43
Asturias, Principado de;Dinamarca;2019T1;340,66
Asturias, Principado de;Dinamarca;2018T4;623,03
Asturias, Principado de;Dinamarca;2018T3;452,75
Asturias, Principado de;Dinamarca;2018T2;388,98
Asturias, Principado de;Dinamarca;2018T1;486,77
Asturias, Principado de;Finlandia;2025T2;446,31
Asturias, Principado de;Finlandia;2025T1;585,24
Asturias, Principado de;Finlandia;2024T4;364,91
Asturias, Principado de;Finlandia;2024T3;411,57
Asturias, Principado de;Finlandia;2024T2;441,26
Asturias, Principado de;Finlandia;2024T1;504,69
Asturias, Principado de;Finlandia;2023T4;406,62
Asturias, Principado de;Finlandia;2023T3;409,24
Asturias, Principado de;Finlandia;2023T2;359,34
Asturias, Principado de;Finlandia;2023T1;503,91
Asturias, Principado de;Finlandia;2022T4;358,26
Asturias, Principado de;Finlandia;2022T3;421,58
Asturias, Principado de;Finlandia;2022T2;383,62
Asturias, Principado de;Finlandia;2022T1;524,50
Asturias, Principado de;Finlandia;2021T4;642,86
Asturias, Principado de;Finlandia;2021T3;349,93
Asturias, Principado de;Finlandia;2021T2;493,78
Asturias, Principado de;Finlandia;2021T1;663,59
Asturias, Principado de;Finlandia;2020T4;375,98
Asturias, Principado de;Finlandia;2020T3;430,29
Asturias, Principado de;Finlandia;2020T2;.
Asturias, Principado de;Finlandia;2020T1;203,07
Asturias, Principado de;Finlandia;2019T4;567,34
Asturias, Principado de;Finlandia;2019T3;483,83
Asturias, Principado de;Finlandia;2019T2;334,26
Asturias, Principado de;Finlandia;2019T1;439,83
Asturias, Principado de;Finlandia;2018T4;466,36
Asturias, Principado de;Finlandia;2018T3;347,33
Asturias, Principado de;Finlandia;2018T2;297,32
Asturias, Principado de;Finlandia;2018T1;355,15
Asturias, Principado de;Francia;2025T2;598,52
Asturias, Principado de;Francia;2025T1;746,31
Asturias, Principado de;Francia;2024T4;521,23
Asturias, Principado de;Francia;2024T3;558,01
Asturias, Principado de;Francia;2024T2;578,46
Asturias, Principado de;Francia;2024T1;696,32
Asturias, Principado de;Francia;2023T4;578,90
Asturias, Principado de;Francia;2023T3;527,07
Asturias, Principado de;Francia;2023T2;520,27
Asturias, Principado de;Francia;2023T1;717,67
Asturias, Principado de;Francia;2022T4;475,00
Asturias, Principado de;Francia;2022T3;559,53
Asturias, Principado de;Francia;2022T2;535,04
Asturias, Principado de;Francia;2022T1;673,06
Asturias, Principado de;Francia;2021T4;723,84
Asturias, Principado de;Francia;2021T3;536,97
Asturias, Principado de;Francia;2021T2;535,58
Asturias, Principado de;Francia;2021T1;565,79
Asturias, Principado de;Francia;2020T4;598,14
Asturias, Principado de;Francia;2020T3;573,18
Asturias, Principado de;Francia;2020T2;.
Asturias, Principado de;Francia;2020T1;296,73
Asturias, Principado de;Francia;2019T4;590,59
Asturias, Principado de;Francia;2019T3;412,15
Asturias, Principado de;Francia;2019T2;316,79
Asturias, Principado de;Francia;2019T1;392,70
Asturias, Principado de;Francia;2018T4;580,71
Asturias, Principado de;Francia;2018T3;426,12
Asturias, Principado de;Francia;2018T2;391,01
Asturias, Principado de;Francia;2018T1;569,89
Asturias, Principado de;Irlanda;2025T2;685,89
Asturias, Principado de;Irlanda;2025T1;838,98
Asturias, Principado de;Irlanda;2024T4;630,90
Asturias, Principado de;Irlanda;2024T3;856,32
Asturias, Principado de;Irlanda;2024T2;729,92
Asturias, Principado de;Irlanda;2024T1;714,67
Asturias, Principado de;Irlanda;2023T4;581,63
Asturias, Principado de;Irlanda;2023T3;560,61
Asturias, Principado de;Irlanda;2023T2;501,85
Asturias, Principado de;Irlanda;2023T1;575,40
Asturias, Principado de;Irlanda;2022T4;419,09
Asturias, Principado de;Irlanda;2022T3;494,23
Asturias, Principado de;Irlanda;2022T2;489,11
Asturias, Principado de;Irlanda;2022T1;574,41
Asturias, Principado de;Irlanda;2021T4;576,29
Asturias, Principado de;Irlanda;2021T3;437,41
Asturias, Principado de;Irlanda;2021T2;455,33
Asturias, Principado de;Irlanda;2021T1;490,81
Asturias, Principado de;Irlanda;2020T4;450,87
Asturias, Principado de;Irlanda;2020T3;488,91
Asturias, Principado de;Irlanda;2020T2;.
Asturias, Principado de;Irlanda;2020T1;254,55
Asturias, Principado de;Irlanda;2019T4;496,60
Asturias, Principado de;Irlanda;2019T3;426,33
Asturias, Principado de;Irlanda;2019T2;283,58
Asturias, Principado de;Irlanda;2019T1;278,68
Asturias, Principado de;Irlanda;2018T4;537,30
Asturias, Principado de;Irlanda;2018T3;529,36
Asturias, Principado de;Irlanda;2018T2;440,76
Asturias, Principado de;Irlanda;2018T1;525,23
Asturias, Principado de;Italia;2025T2;435,38
Asturias, Principado de;Italia;2025T1;511,96
Asturias, Principado de;Italia;2024T4;346,29
Asturias, Principado de;Italia;2024T3;465,74
Asturias, Principado de;Italia;2024T2;434,30
Asturias, Principado de;Italia;2024T1;473,23
Asturias, Principado de;Italia;2023T4;375,31
Asturias, Principado de;Italia;2023T3;461,70
Asturias, Principado de;Italia;2023T2;381,39
Asturias, Principado de;Italia;2023T1;487,15
Asturias, Principado de;Italia;2022T4;315,27
Asturias, Principado de;Italia;2022T3;492,01
Asturias, Principado de;Italia;2022T2;372,79
Asturias, Principado de;Italia;2022T1;393,93
Asturias, Principado de;Italia;2021T4;514,60
Asturias, Principado de;Italia;2021T3;480,12
Asturias, Principado de;Italia;2021T2;459,01
Asturias, Principado de;Italia;2021T1;562,52
Asturias, Principado de;Italia;2020T4;602,18
Asturias, Principado de;Italia;2020T3;566,15
Asturias, Principado de;Italia;2020T2;.
Asturias, Principado de;Italia;2020T1;216,32
Asturias, Principado de;Italia;2019T4;431,81
Asturias, Principado de;Italia;2019T3;426,59
Asturias, Principado de;Italia;2019T2;271,33
Asturias, Principado de;Italia;2019T1;321,44
Asturias, Principado de;Italia;2018T4;468,46
Asturias, Principado de;Italia;2018T3;479,12
Asturias, Principado de;Italia;2018T2;382,14
Asturias, Principado de;Italia;2018T1;524,35
Asturias, Principado de;Noruega;2025T2;600,71
Asturias, Principado de;Noruega;2025T1;659,31
Asturias, Principado de;Noruega;2024T4;518,40
Asturias, Principado de;Noruega;2024T3;517,94
Asturias, Principado de;Noruega;2024T2;628,51
Asturias, Principado de;Noruega;2024T1;739,01
Asturias, Principado de;Noruega;2023T4;609,93
Asturias, Principado de;Noruega;2023T3;512,36
Asturias, Principado de;Noruega;2023T2;574,03
Asturias, Principado de;Noruega;2023T1;931,68
Asturias, Principado de;Noruega;2022T4;547,88
Asturias, Principado de;Noruega;2022T3;582,68
Asturias, Principado de;Noruega;2022T2;684,46
Asturias, Principado de;Noruega;2022T1;1.072,03
Asturias, Principado de;Noruega;2021T4;1.064,78
Asturias, Principado de;Noruega;2021T3;608,68
Asturias, Principado de;Noruega;2021T2;636,84
Asturias, Principado de;Noruega;2021T1;648,21
Asturias, Principado de;Noruega;2020T4;672,24
Asturias, Principado de;Noruega;2020T3;724,49
Asturias, Principado de;Noruega;2020T2;.
Asturias, Principado de;Noruega;2020T1;423,83
Asturias, Principado de;Noruega;2019T4;809,77
Asturias, Principado de;Noruega;2019T3;524,26
Asturias, Principado de;Noruega;2019T2;404,73
Asturias, Principado de;Noruega;2019T1;424,51
Asturias, Principado de;Noruega;2018T4;528,42
Asturias, Principado de;Noruega;2018T3;493,69
Asturias, Principado de;Noruega;2018T2;424,89
Asturias, Principado de;Noruega;2018T1;524,36
Asturias, Principado de;Países Bajos;2025T2;540,51
Asturias, Principado de;Países Bajos;2025T1;698,20
Asturias, Principado de;Países Bajos;2024T4;499,60
Asturias, Principado de;Países Bajos;2024T3;480,20
Asturias, Principado de;Países Bajos;2024T2;555,67
Asturias, Principado de;Países Bajos;2024T1;678,80
Asturias, Principado de;Países Bajos;2023T4;522,58
Asturias, Principado de;Países Bajos;2023T3;449,34
Asturias, Principado de;Países Bajos;2023T2;506,16
Asturias, Principado de;Países Bajos;2023T1;650,21
Asturias, Principado de;Países Bajos;2022T4;455,34
Asturias, Principado de;Países Bajos;2022T3;465,04
Asturias, Principado de;Países Bajos;2022T2;513,06
Asturias, Principado de;Países Bajos;2022T1;702,69
Asturias, Principado de;Países Bajos;2021T4;645,27
Asturias, Principado de;Países Bajos;2021T3;478,74
Asturias, Principado de;Países Bajos;2021T2;566,63
Asturias, Principado de;Países Bajos;2021T1;601,94
Asturias, Principado de;Países Bajos;2020T4;598,84
Asturias, Principado de;Países Bajos;2020T3;505,68
Asturias, Principado de;Países Bajos;2020T2;.
Asturias, Principado de;Países Bajos;2020T1;317,64
Asturias, Principado de;Países Bajos;2019T4;590,11
Asturias, Principado de;Países Bajos;2019T3;438,56
Asturias, Principado de;Países Bajos;2019T2;355,38
Asturias, Principado de;Países Bajos;2019T1;388,82
Asturias, Principado de;Países Bajos;2018T4;574,11
Asturias, Principado de;Países Bajos;2018T3;472,33
Asturias, Principado de;Países Bajos;2018T2;428,16
Asturias, Principado de;Países Bajos;2018T1;579,62
Asturias, Principado de;Polonia;2025T2;468,88
Asturias, Principado de;Polonia;2025T1;586,06
Asturias, Principado de;Polonia;2024T4;417,46
Asturias, Principado de;Polonia;2024T3;348,07
Asturias, Principado de;Polonia;2024T2;395,25
Asturias, Principado de;Polonia;2024T1;421,94
Asturias, Principado de;Polonia;2023T4;332,07
Asturias, Principado de;Polonia;2023T3;336,82
Asturias, Principado de;Polonia;2023T2;326,13
Asturias, Principado de;Polonia;2023T1;402,25
Asturias, Principado de;Polonia;2022T4;285,19
Asturias, Principado de;Polonia;2022T3;332,13
Asturias, Principado de;Polonia;2022T2;270,39
Asturias, Principado de;Polonia;2022T1;445,63
Asturias, Principado de;Polonia;2021T4;338,99
Asturias, Principado de;Polonia;2021T3;321,03
Asturias, Principado de;Polonia;2021T2;376,38
Asturias, Principado de;Polonia;2021T1;337,31
Asturias, Principado de;Polonia;2020T4;417,40
Asturias, Principado de;Polonia;2020T3;375,70
Asturias, Principado de;Polonia;2020T2;.
Asturias, Principado de;Polonia;2020T1;233,56
Asturias, Principado de;Polonia;2019T4;473,36
Asturias, Principado de;Polonia;2019T3;293,66
Asturias, Principado de;Polonia;2019T2;239,60
Asturias, Principado de;Polonia;2019T1;358,48
Asturias, Principado de;Polonia;2018T4;277,34
Asturias, Principado de;Polonia;2018T3;310,70
Asturias, Principado de;Polonia;2018T2;267,21
Asturias, Principado de;Polonia;2018T1;429,87
Asturias, Principado de;Portugal;2025T2;525,18
Asturias, Principado de;Portugal;2025T1;656,50
Asturias, Principado de;Portugal;2024T4;478,35
Asturias, Principado de;Portugal;2024T3;482,24
Asturias, Principado de;Portugal;2024T2;514,98
Asturias, Principado de;Portugal;2024T1;559,80
Asturias, Principado de;Portugal;2023T4;517,53
Asturias, Principado de;Portugal;2023T3;473,43
Asturias, Principado de;Portugal;2023T2;489,52
Asturias, Principado de;Portugal;2023T1;714,28
Asturias, Principado de;Portugal;2022T4;446,85
Asturias, Principado de;Portugal;2022T3;518,79
Asturias, Principado de;Portugal;2022T2;456,87
Asturias, Principado de;Portugal;2022T1;731,78
Asturias, Principado de;Portugal;2021T4;673,68
Asturias, Principado de;Portugal;2021T3;502,15
Asturias, Principado de;Portugal;2021T2;558,30
Asturias, Principado de;Portugal;2021T1;612,92
Asturias, Principado de;Portugal;2020T4;514,93
Asturias, Principado de;Portugal;2020T3;557,02
Asturias, Principado de;Portugal;2020T2;.
Asturias, Principado de;Portugal;2020T1;346,91
Asturias, Principado de;Portugal;2019T4;581,83
Asturias, Principado de;Portugal;2019T3;416,23
Asturias, Principado de;Portugal;2019T2;311,30
Asturias, Principado de;Portugal;2019T1;388,55
Asturias, Principado de;Portugal;2018T4;545,41
Asturias, Principado de;Portugal;2018T3;434,85
Asturias, Principado de;Portugal;2018T2;377,74
Asturias, Principado de;Portugal;2018T1;582,98
Asturias, Principado de;Reino Unido;2025T2;534,38
Asturias, Principado de;Reino Unido;2025T1;660,02
Asturias, Principado de;Reino Unido;2024T4;469,47
Asturias, Principado de;Reino Unido;2024T3;523,89
Asturias, Principado de;Reino Unido;2024T2;544,36
Asturias, Principado de;Reino Unido;2024T1;616,45
Asturias, Principado de;Reino Unido;2023T4;548,24
Asturias, Principado de;Reino Unido;2023T3;482,41
Asturias, Principado de;Reino Unido;2023T2;496,66
Asturias, Principado de;Reino Unido;2023T1;624,24
Asturias, Principado de;Reino Unido;2022T4;472,14
Asturias, Principado de;Reino Unido;2022T3;520,91
Asturias, Principado de;Reino Unido;2022T2;502,13
Asturias, Principado de;Reino Unido;2022T1;663,80
Asturias, Principado de;Reino Unido;2021T4;650,17
Asturias, Principado de;Reino Unido;2021T3;494,01
Asturias, Principado de;Reino Unido;2021T2;506,28
Asturias, Principado de;Reino Unido;2021T1;563,15
Asturias, Principado de;Reino Unido;2020T4;555,42
Asturias, Principado de;Reino Unido;2020T3;500,76
Asturias, Principado de;Reino Unido;2020T2;.
Asturias, Principado de;Reino Unido;2020T1;271,33
Asturias, Principado de;Reino Unido;2019T4;563,09
Asturias, Principado de;Reino Unido;2019T3;433,21
Asturias, Principado de;Reino Unido;2019T2;329,82
Asturias, Principado de;Reino Unido;2019T1;328,98
Asturias, Principado de;Reino Unido;2018T4;537,75
Asturias, Principado de;Reino Unido;2018T3;523,34
Asturias, Principado de;Reino Unido;2018T2;433,13
Asturias, Principado de;Reino Unido;2018T1;593,44
Asturias, Principado de;Rumanía;2025T2;505,06
Asturias, Principado de;Rumanía;2025T1;622,76
Asturias, Principado de;Rumanía;2024T4;513,26
Asturias, Principado de;Rumanía;2024T3;503,66
Asturias, Principado de;Rumanía;2024T2;508,35
Asturias, Principado de;Rumanía;2024T1;508,63
Asturias, Principado de;Rumanía;2023T4;442,21
Asturias, Principado de;Rumanía;2023T3;410,91
Asturias, Principado de;Rumanía;2023T2;364,48
Asturias, Principado de;Rumanía;2023T1;616,20
Asturias, Principado de;Rumanía;2022T4;415,81
Asturias, Principado de;Rumanía;2022T3;434,87
Asturias, Principado de;Rumanía;2022T2;397,95
Asturias, Principado de;Rumanía;2022T1;568,87
Asturias, Principado de;Rumanía;2021T4;644,99
Asturias, Principado de;Rumanía;2021T3;435,57
Asturias, Principado de;Rumanía;2021T2;502,20
Asturias, Principado de;Rumanía;2021T1;881,22
Asturias, Principado de;Rumanía;2020T4;823,18
Asturias, Principado de;Rumanía;2020T3;635,45
Asturias, Principado de;Rumanía;2020T2;.
Asturias, Principado de;Rumanía;2020T1;227,11
Asturias, Principado de;Rumanía;2019T4;523,88
Asturias, Principado de;Rumanía;2019T3;379,30
Asturias, Principado de;Rumanía;2019T2;248,49
Asturias, Principado de;Rumanía;2019T1;311,43
Asturias, Principado de;Rumanía;2018T4;434,41
Asturias, Principado de;Rumanía;2018T3;351,01
Asturias, Principado de;Rumanía;2018T2;268,28
Asturias, Principado de;Rumanía;2018T1;489,24
Asturias, Principado de;Rusia;2025T2;.
Asturias, Principado de;Rusia;2025T1;.
Asturias, Principado de;Rusia;2024T4;.
Asturias, Principado de;Rusia;2024T3;.
Asturias, Principado de;Rusia;2024T2;.
Asturias, Principado de;Rusia;2024T1;.
Asturias, Principado de;Rusia;2023T4;.
Asturias, Principado de;Rusia;2023T3;.
Asturias, Principado de;Rusia;2023T2;.
Asturias, Principado de;Rusia;2023T1;.
Asturias, Principado de;Rusia;2022T4;.
Asturias, Principado de;Rusia;2022T3;.
Asturias, Principado de;Rusia;2022T2;.
Asturias, Principado de;Rusia;2022T1;775,62
Asturias, Principado de;Rusia;2021T4;541,37
Asturias, Principado de;Rusia;2021T3;362,22
Asturias, Principado de;Rusia;2021T2;490,00
Asturias, Principado de;Rusia;2021T1;533,27
Asturias, Principado de;Rusia;2020T4;433,85
Asturias, Principado de;Rusia;2020T3;519,23
Asturias, Principado de;Rusia;2020T2;.
Asturias, Principado de;Rusia;2020T1;230,83
Asturias, Principado de;Rusia;2019T4;427,33
Asturias, Principado de;Rusia;2019T3;364,21
Asturias, Principado de;Rusia;2019T2;254,95
Asturias, Principado de;Rusia;2019T1;296,11
Asturias, Principado de;Rusia;2018T4;493,13
Asturias, Principado de;Rusia;2018T3;366,93
Asturias, Principado de;Rusia;2018T2;356,16
Asturias, Principado de;Rusia;2018T1;469,87
Asturias, Principado de;Suecia;2025T2;550,85
Asturias, Principado de;Suecia;2025T1;711,88
Asturias, Principado de;Suecia;2024T4;504,25
Asturias, Principado de;Suecia;2024T3;448,94
Asturias, Principado de;Suecia;2024T2;541,00
Asturias, Principado de;Suecia;2024T1;656,06
Asturias, Principado de;Suecia;2023T4;500,41
Asturias, Principado de;Suecia;2023T3;449,03
Asturias, Principado de;Suecia;2023T2;476,50
Asturias, Principado de;Suecia;2023T1;667,57
Asturias, Principado de;Suecia;2022T4;477,40
Asturias, Principado de;Suecia;2022T3;460,41
Asturias, Principado de;Suecia;2022T2;442,29
Asturias, Principado de;Suecia;2022T1;707,43
Asturias, Principado de;Suecia;2021T4;607,72
Asturias, Principado de;Suecia;2021T3;504,03
Asturias, Principado de;Suecia;2021T2;476,71
Asturias, Principado de;Suecia;2021T1;543,90
Asturias, Principado de;Suecia;2020T4;551,76
Asturias, Principado de;Suecia;2020T3;552,19
Asturias, Principado de;Suecia;2020T2;.
Asturias, Principado de;Suecia;2020T1;368,37
Asturias, Principado de;Suecia;2019T4;612,02
Asturias, Principado de;Suecia;2019T3;448,34
Asturias, Principado de;Suecia;2019T2;318,07
Asturias, Principado de;Suecia;2019T1;405,40
Asturias, Principado de;Suecia;2018T4;593,30
Asturias, Principado de;Suecia;2018T3;429,58
Asturias, Principado de;Suecia;2018T2;372,17
Asturias, Principado de;Suecia;2018T1;491,15
Asturias, Principado de;Suiza;2025T2;834,49
Asturias, Principado de;Suiza;2025T1;1.125,12
Asturias, Principado de;Suiza;2024T4;897,25
Asturias, Principado de;Suiza;2024T3;767,71
Asturias, Principado de;Suiza;2024T2;859,43
Asturias, Principado de;Suiza;2024T1;1.257,12
Asturias, Principado de;Suiza;2023T4;935,25
Asturias, Principado de;Suiza;2023T3;757,55
Asturias, Principado de;Suiza;2023T2;797,60
Asturias, Principado de;Suiza;2023T1;1.237,32
Asturias, Principado de;Suiza;2022T4;798,13
Asturias, Principado de;Suiza;2022T3;798,07
Asturias, Principado de;Suiza;2022T2;861,81
Asturias, Principado de;Suiza;2022T1;1.352,62
Asturias, Principado de;Suiza;2021T4;1.224,07
Asturias, Principado de;Suiza;2021T3;830,92
Asturias, Principado de;Suiza;2021T2;1.042,10
Asturias, Principado de;Suiza;2021T1;1.426,08
Asturias, Principado de;Suiza;2020T4;1.435,77
Asturias, Principado de;Suiza;2020T3;1.011,01
Asturias, Principado de;Suiza;2020T2;.
Asturias, Principado de;Suiza;2020T1;793,99
Asturias, Principado de;Suiza;2019T4;1.295,38
Asturias, Principado de;Suiza;2019T3;782,21
Asturias, Principado de;Suiza;2019T2;616,14
Asturias, Principado de;Suiza;2019T1;909,31
Asturias, Principado de;Suiza;2018T4;1.168,78
Asturias, Principado de;Suiza;2018T3;755,04
Asturias, Principado de;Suiza;2018T2;802,45
Asturias, Principado de;Suiza;2018T1;1.137,10
Asturias, Principado de;Otros Países Europeos;2025T2;463,88
Asturias, Principado de;Otros Países Europeos;2025T1;606,14
Asturias, Principado de;Otros Países Europeos;2024T4;470,80
Asturias, Principado de;Otros Países Europeos;2024T3;413,89
Asturias, Principado de;Otros Países Europeos;2024T2;412,12
Asturias, Principado de;Otros Países Europeos;2024T1;508,73
Asturias, Principado de;Otros Países Europeos;2023T4;455,82
Asturias, Principado de;Otros Países Europeos;2023T3;403,11
Asturias, Principado de;Otros Países Europeos;2023T2;394,95
Asturias, Principado de;Otros Países Europeos;2023T1;587,22
Asturias, Principado de;Otros Países Europeos;2022T4;377,53
Asturias, Principado de;Otros Países Europeos;2022T3;410,26
Asturias, Principado de;Otros Países Europeos;2022T2;370,50
Asturias, Principado de;Otros Países Europeos;2022T1;475,70
Asturias, Principado de;Otros Países Europeos;2021T4;585,60
Asturias, Principado de;Otros Países Europeos;2021T3;416,03
Asturias, Principado de;Otros Países Europeos;2021T2;406,19
Asturias, Principado de;Otros Países Europeos;2021T1;458,29
Asturias, Principado de;Otros Países Europeos;2020T4;504,14
Asturias, Principado de;Otros Países Europeos;2020T3;563,45
Asturias, Principado de;Otros Países Europeos;2020T2;.
Asturias, Principado de;Otros Países Europeos;2020T1;237,67
Asturias, Principado de;Otros Países Europeos;2019T4;544,09
Asturias, Principado de;Otros Países Europeos;2019T3;372,91
Asturias, Principado de;Otros Países Europeos;2019T2;252,31
Asturias, Principado de;Otros Países Europeos;2019T1;323,76
Asturias, Principado de;Otros Países Europeos;2018T4;538,36
Asturias, Principado de;Otros Países Europeos;2018T3;363,24
Asturias, Principado de;Otros Países Europeos;2018T2;336,66
Asturias, Principado de;Otros Países Europeos;2018T1;516,49
Asturias, Principado de;Argentina;2025T2;580,11
Asturias, Principado de;Argentina;2025T1;715,73
Asturias, Principado de;Argentina;2024T4;501,61
Asturias, Principado de;Argentina;2024T3;523,12
Asturias, Principado de;Argentina;2024T2;547,71
Asturias, Principado de;Argentina;2024T1;546,12
Asturias, Principado de;Argentina;2023T4;428,18
Asturias, Principado de;Argentina;2023T3;393,07
Asturias, Principado de;Argentina;2023T2;411,81
Asturias, Principado de;Argentina;2023T1;572,86
Asturias, Principado de;Argentina;2022T4;390,57
Asturias, Principado de;Argentina;2022T3;447,36
Asturias, Principado de;Argentina;2022T2;422,01
Asturias, Principado de;Argentina;2022T1;534,85
Asturias, Principado de;Argentina;2021T4;558,02
Asturias, Principado de;Argentina;2021T3;379,03
Asturias, Principado de;Argentina;2021T2;381,13
Asturias, Principado de;Argentina;2021T1;423,69
Asturias, Principado de;Argentina;2020T4;425,91
Asturias, Principado de;Argentina;2020T3;440,14
Asturias, Principado de;Argentina;2020T2;.
Asturias, Principado de;Argentina;2020T1;214,88
Asturias, Principado de;Argentina;2019T4;395,03
Asturias, Principado de;Argentina;2019T3;332,86
Asturias, Principado de;Argentina;2019T2;253,44
Asturias, Principado de;Argentina;2019T1;341,19
Asturias, Principado de;Argentina;2018T4;460,12
Asturias, Principado de;Argentina;2018T3;384,99
Asturias, Principado de;Argentina;2018T2;337,90
Asturias, Principado de;Argentina;2018T1;596,05
Asturias, Principado de;Brasil;2025T2;401,21
Asturias, Principado de;Brasil;2025T1;502,59
Asturias, Principado de;Brasil;2024T4;401,59
Asturias, Principado de;Brasil;2024T3;414,26
Asturias, Principado de;Brasil;2024T2;415,64
Asturias, Principado de;Brasil;2024T1;462,73
Asturias, Principado de;Brasil;2023T4;434,20
Asturias, Principado de;Brasil;2023T3;409,72
Asturias, Principado de;Brasil;2023T2;428,33
Asturias, Principado de;Brasil;2023T1;605,13
Asturias, Principado de;Brasil;2022T4;407,22
Asturias, Principado de;Brasil;2022T3;515,41
Asturias, Principado de;Brasil;2022T2;550,77
Asturias, Principado de;Brasil;2022T1;1.039,50
Asturias, Principado de;Brasil;2021T4;890,60
Asturias, Principado de;Brasil;2021T3;723,79
Asturias, Principado de;Brasil;2021T2;812,71
Asturias, Principado de;Brasil;2021T1;857,52
Asturias, Principado de;Brasil;2020T4;856,32
Asturias, Principado de;Brasil;2020T3;658,50
Asturias, Principado de;Brasil;2020T2;.
Asturias, Principado de;Brasil;2020T1;383,94
Asturias, Principado de;Brasil;2019T4;822,21
Asturias, Principado de;Brasil;2019T3;441,20
Asturias, Principado de;Brasil;2019T2;371,78
Asturias, Principado de;Brasil;2019T1;415,31
Asturias, Principado de;Brasil;2018T4;752,67
Asturias, Principado de;Brasil;2018T3;528,74
Asturias, Principado de;Brasil;2018T2;546,44
Asturias, Principado de;Brasil;2018T1;798,18
Asturias, Principado de;Canadá;2025T2;571,66
Asturias, Principado de;Canadá;2025T1;821,62
Asturias, Principado de;Canadá;2024T4;546,72
Asturias, Principado de;Canadá;2024T3;544,39
Asturias, Principado de;Canadá;2024T2;584,47
Asturias, Principado de;Canadá;2024T1;770,14
Asturias, Principado de;Canadá;2023T4;577,02
Asturias, Principado de;Canadá;2023T3;598,97
Asturias, Principado de;Canadá;2023T2;612,77
Asturias, Principado de;Canadá;2023T1;924,84
Asturias, Principado de;Canadá;2022T4;563,76
Asturias, Principado de;Canadá;2022T3;645,88
Asturias, Principado de;Canadá;2022T2;545,48
Asturias, Principado de;Canadá;2022T1;733,93
Asturias, Principado de;Canadá;2021T4;870,50
Asturias, Principado de;Canadá;2021T3;620,15
Asturias, Principado de;Canadá;2021T2;578,57
Asturias, Principado de;Canadá;2021T1;591,19
Asturias, Principado de;Canadá;2020T4;726,85
Asturias, Principado de;Canadá;2020T3;768,89
Asturias, Principado de;Canadá;2020T2;.
Asturias, Principado de;Canadá;2020T1;399,47
Asturias, Principado de;Canadá;2019T4;634,77
Asturias, Principado de;Canadá;2019T3;512,87
Asturias, Principado de;Canadá;2019T2;403,25
Asturias, Principado de;Canadá;2019T1;592,14
Asturias, Principado de;Canadá;2018T4;586,80
Asturias, Principado de;Canadá;2018T3;586,37
Asturias, Principado de;Canadá;2018T2;455,80
Asturias, Principado de;Canadá;2018T1;684,98
Asturias, Principado de;Chile;2025T2;536,38
Asturias, Principado de;Chile;2025T1;701,03
Asturias, Principado de;Chile;2024T4;494,67
Asturias, Principado de;Chile;2024T3;573,36
Asturias, Principado de;Chile;2024T2;638,86
Asturias, Principado de;Chile;2024T1;638,24
Asturias, Principado de;Chile;2023T4;576,82
Asturias, Principado de;Chile;2023T3;597,75
Asturias, Principado de;Chile;2023T2;680,34
Asturias, Principado de;Chile;2023T1;748,11
Asturias, Principado de;Chile;2022T4;558,15
Asturias, Principado de;Chile;2022T3;632,44
Asturias, Principado de;Chile;2022T2;701,18
Asturias, Principado de;Chile;2022T1;879,85
Asturias, Principado de;Chile;2021T4;1.039,17
Asturias, Principado de;Chile;2021T3;752,78
Asturias, Principado de;Chile;2021T2;827,60
Asturias, Principado de;Chile;2021T1;961,47
Asturias, Principado de;Chile;2020T4;1.037,35
Asturias, Principado de;Chile;2020T3;743,07
Asturias, Principado de;Chile;2020T2;.
Asturias, Principado de;Chile;2020T1;313,95
Asturias, Principado de;Chile;2019T4;583,90
Asturias, Principado de;Chile;2019T3;495,04
Asturias, Principado de;Chile;2019T2;376,81
Asturias, Principado de;Chile;2019T1;511,99
Asturias, Principado de;Chile;2018T4;654,35
Asturias, Principado de;Chile;2018T3;595,83
Asturias, Principado de;Chile;2018T2;537,34
Asturias, Principado de;Chile;2018T1;700,46
Asturias, Principado de;Colombia;2025T2;590,96
Asturias, Principado de;Colombia;2025T1;697,66
Asturias, Principado de;Colombia;2024T4;598,44
Asturias, Principado de;Colombia;2024T3;576,79
Asturias, Principado de;Colombia;2024T2;622,67
Asturias, Principado de;Colombia;2024T1;733,88
Asturias, Principado de;Colombia;2023T4;576,06
Asturias, Principado de;Colombia;2023T3;581,37
Asturias, Principado de;Colombia;2023T2;607,22
Asturias, Principado de;Colombia;2023T1;800,82
Asturias, Principado de;Colombia;2022T4;673,57
Asturias, Principado de;Colombia;2022T3;609,80
Asturias, Principado de;Colombia;2022T2;661,00
Asturias, Principado de;Colombia;2022T1;688,20
Asturias, Principado de;Colombia;2021T4;883,26
Asturias, Principado de;Colombia;2021T3;642,40
Asturias, Principado de;Colombia;2021T2;970,85
Asturias, Principado de;Colombia;2021T1;1.216,51
Asturias, Principado de;Colombia;2020T4;1.096,32
Asturias, Principado de;Colombia;2020T3;625,98
Asturias, Principado de;Colombia;2020T2;.
Asturias, Principado de;Colombia;2020T1;497,98
Asturias, Principado de;Colombia;2019T4;784,48
Asturias, Principado de;Colombia;2019T3;601,36
Asturias, Principado de;Colombia;2019T2;449,16
Asturias, Principado de;Colombia;2019T1;686,69
Asturias, Principado de;Colombia;2018T4;985,39
Asturias, Principado de;Colombia;2018T3;628,09
Asturias, Principado de;Colombia;2018T2;775,68
Asturias, Principado de;Colombia;2018T1;966,15
Asturias, Principado de;Estados Unidos de América;2025T2;690,66
Asturias, Principado de;Estados Unidos de América;2025T1;952,39
Asturias, Principado de;Estados Unidos de América;2024T4;672,27
Asturias, Principado de;Estados Unidos de América;2024T3;675,83
Asturias, Principado de;Estados Unidos de América;2024T2;733,06
Asturias, Principado de;Estados Unidos de América;2024T1;927,54
Asturias, Principado de;Estados Unidos de América;2023T4;759,43
Asturias, Principado de;Estados Unidos de América;2023T3;647,31
Asturias, Principado de;Estados Unidos de América;2023T2;651,96
Asturias, Principado de;Estados Unidos de América;2023T1;997,82
Asturias, Principado de;Estados Unidos de América;2022T4;667,91
Asturias, Principado de;Estados Unidos de América;2022T3;700,99
Asturias, Principado de;Estados Unidos de América;2022T2;651,18
Asturias, Principado de;Estados Unidos de América;2022T1;971,09
Asturias, Principado de;Estados Unidos de América;2021T4;1.050,64
Asturias, Principado de;Estados Unidos de América;2021T3;732,42
Asturias, Principado de;Estados Unidos de América;2021T2;975,71
Asturias, Principado de;Estados Unidos de América;2021T1;1.085,39
Asturias, Principado de;Estados Unidos de América;2020T4;936,44
Asturias, Principado de;Estados Unidos de América;2020T3;867,93
Asturias, Principado de;Estados Unidos de América;2020T2;.
Asturias, Principado de;Estados Unidos de América;2020T1;434,87
Asturias, Principado de;Estados Unidos de América;2019T4;828,53
Asturias, Principado de;Estados Unidos de América;2019T3;567,51
Asturias, Principado de;Estados Unidos de América;2019T2;423,92
Asturias, Principado de;Estados Unidos de América;2019T1;567,79
Asturias, Principado de;Estados Unidos de América;2018T4;807,96
Asturias, Principado de;Estados Unidos de América;2018T3;604,71
Asturias, Principado de;Estados Unidos de América;2018T2;538,38
Asturias, Principado de;Estados Unidos de América;2018T1;802,28
Asturias, Principado de;México;2025T2;737,81
Asturias, Principado de;México;2025T1;953,69
Asturias, Principado de;México;2024T4;712,16
Asturias, Principado de;México;2024T3;794,22
Asturias, Principado de;México;2024T2;755,25
Asturias, Principado de;México;2024T1;907,10
Asturias, Principado de;México;2023T4;843,64
Asturias, Principado de;México;2023T3;816,05
Asturias, Principado de;México;2023T2;707,31
Asturias, Principado de;México;2023T1;1.010,20
Asturias, Principado de;México;2022T4;717,62
Asturias, Principado de;México;2022T3;871,95
Asturias, Principado de;México;2022T2;719,92
Asturias, Principado de;México;2022T1;1.028,02
Asturias, Principado de;México;2021T4;1.056,71
Asturias, Principado de;México;2021T3;917,10
Asturias, Principado de;México;2021T2;947,75
Asturias, Principado de;México;2021T1;953,82
Asturias, Principado de;México;2020T4;1.124,56
Asturias, Principado de;México;2020T3;913,64
Asturias, Principado de;México;2020T2;.
Asturias, Principado de;México;2020T1;448,13
Asturias, Principado de;México;2019T4;898,15
Asturias, Principado de;México;2019T3;754,89
Asturias, Principado de;México;2019T2;513,15
Asturias, Principado de;México;2019T1;672,80
Asturias, Principado de;México;2018T4;1.002,45
Asturias, Principado de;México;2018T3;725,17
Asturias, Principado de;México;2018T2;543,35
Asturias, Principado de;México;2018T1;817,65
Asturias, Principado de;Resto de América;2025T2;750,04
Asturias, Principado de;Resto de América;2025T1;851,66
Asturias, Principado de;Resto de América;2024T4;682,96
Asturias, Principado de;Resto de América;2024T3;736,09
Asturias, Principado de;Resto de América;2024T2;773,85
Asturias, Principado de;Resto de América;2024T1;927,35
Asturias, Principado de;Resto de América;2023T4;810,14
Asturias, Principado de;Resto de América;2023T3;696,76
Asturias, Principado de;Resto de América;2023T2;716,96
Asturias, Principado de;Resto de América;2023T1;1.066,13
Asturias, Principado de;Resto de América;2022T4;707,37
Asturias, Principado de;Resto de América;2022T3;807,47
Asturias, Principado de;Resto de América;2022T2;776,19
Asturias, Principado de;Resto de América;2022T1;966,42
Asturias, Principado de;Resto de América;2021T4;1.121,66
Asturias, Principado de;Resto de América;2021T3;844,93
Asturias, Principado de;Resto de América;2021T2;901,22
Asturias, Principado de;Resto de América;2021T1;1.000,69
Asturias, Principado de;Resto de América;2020T4;981,30
Asturias, Principado de;Resto de América;2020T3;896,61
Asturias, Principado de;Resto de América;2020T2;.
Asturias, Principado de;Resto de América;2020T1;439,03
Asturias, Principado de;Resto de América;2019T4;876,42
Asturias, Principado de;Resto de América;2019T3;624,76
Asturias, Principado de;Resto de América;2019T2;493,75
Asturias, Principado de;Resto de América;2019T1;604,84
Asturias, Principado de;Resto de América;2018T4;855,90
Asturias, Principado de;Resto de América;2018T3;649,45
Asturias, Principado de;Resto de América;2018T2;586,51
Asturias, Principado de;Resto de América;2018T1;843,41
Asturias, Principado de;Australia;2025T2;483,23
Asturias, Principado de;Australia;2025T1;678,86
Asturias, Principado de;Australia;2024T4;380,25
Asturias, Principado de;Australia;2024T3;486,15
Asturias, Principado de;Australia;2024T2;505,13
Asturias, Principado de;Australia;2024T1;582,37
Asturias, Principado de;Australia;2023T4;495,96
Asturias, Principado de;Australia;2023T3;469,05
Asturias, Principado de;Australia;2023T2;508,10
Asturias, Principado de;Australia;2023T1;667,05
Asturias, Principado de;Australia;2022T4;423,02
Asturias, Principado de;Australia;2022T3;543,81
Asturias, Principado de;Australia;2022T2;487,65
Asturias, Principado de;Australia;2022T1;890,38
Asturias, Principado de;Australia;2021T4;832,85
Asturias, Principado de;Australia;2021T3;641,66
Asturias, Principado de;Australia;2021T2;991,01
Asturias, Principado de;Australia;2021T1;988,72
Asturias, Principado de;Australia;2020T4;853,72
Asturias, Principado de;Australia;2020T3;957,54
Asturias, Principado de;Australia;2020T2;.
Asturias, Principado de;Australia;2020T1;515,07
Asturias, Principado de;Australia;2019T4;581,27
Asturias, Principado de;Australia;2019T3;504,05
Asturias, Principado de;Australia;2019T2;435,27
Asturias, Principado de;Australia;2019T1;603,16
Asturias, Principado de;Australia;2018T4;642,51
Asturias, Principado de;Australia;2018T3;608,64
Asturias, Principado de;Australia;2018T2;541,47
Asturias, Principado de;Australia;2018T1;860,40
Asturias, Principado de;China;2025T2;553,68
Asturias, Principado de;China;2025T1;775,98
Asturias, Principado de;China;2024T4;637,51
Asturias, Principado de;China;2024T3;730,83
Asturias, Principado de;China;2024T2;687,98
Asturias, Principado de;China;2024T1;1.105,91
Asturias, Principado de;China;2023T4;627,97
Asturias, Principado de;China;2023T3;803,97
Asturias, Principado de;China;2023T2;501,22
Asturias, Principado de;China;2023T1;793,01
Asturias, Principado de;China;2022T4;498,50
Asturias, Principado de;China;2022T3;658,48
Asturias, Principado de;China;2022T2;1.021,29
Asturias, Principado de;China;2022T1;1.126,74
Asturias, Principado de;China;2021T4;686,07
Asturias, Principado de;China;2021T3;750,10
Asturias, Principado de;China;2021T2;681,90
Asturias, Principado de;China;2021T1;663,50
Asturias, Principado de;China;2020T4;964,90
Asturias, Principado de;China;2020T3;844,80
Asturias, Principado de;China;2020T2;.
Asturias, Principado de;China;2020T1;448,60
Asturias, Principado de;China;2019T4;704,98
Asturias, Principado de;China;2019T3;576,51
Asturias, Principado de;China;2019T2;604,62
Asturias, Principado de;China;2019T1;730,53
Asturias, Principado de;China;2018T4;850,76
Asturias, Principado de;China;2018T3;1.010,60
Asturias, Principado de;China;2018T2;615,58
Asturias, Principado de;China;2018T1;802,48
Asturias, Principado de;Corea;2025T2;372,97
Asturias, Principado de;Corea;2025T1;.
Asturias, Principado de;Corea;2024T4;.
Asturias, Principado de;Corea;2024T3;.
Asturias, Principado de;Corea;2024T2;.
Asturias, Principado de;Corea;2024T1;.
Asturias, Principado de;Corea;2023T4;.
Asturias, Principado de;Corea;2023T3;.
Asturias, Principado de;Corea;2023T2;.
Asturias, Principado de;Corea;2023T1;.
Asturias, Principado de;Corea;2022T4;.
Asturias, Principado de;Corea;2022T3;.
Asturias, Principado de;Corea;2022T2;.
Asturias, Principado de;Corea;2022T1;291,53
Asturias, Principado de;Corea;2021T4;524,20
Asturias, Principado de;Corea;2021T3;304,65
Asturias, Principado de;Corea;2021T2;339,94
Asturias, Principado de;Corea;2021T1;391,43
Asturias, Principado de;Corea;2020T4;.
Asturias, Principado de;Corea;2020T3;.
Asturias, Principado de;Corea;2020T2;.
Asturias, Principado de;Corea;2020T1;271,43
Asturias, Principado de;Corea;2019T4;485,40
Asturias, Principado de;Corea;2019T3;510,98
Asturias, Principado de;Corea;2019T2;321,67
Asturias, Principado de;Corea;2019T1;416,65
Asturias, Principado de;Corea;2018T4;412,10
Asturias, Principado de;Corea;2018T3;428,82
Asturias, Principado de;Corea;2018T2;437,32
Asturias, Principado de;Corea;2018T1;642,88
Asturias, Principado de;Emiratos Árabes Unidos;2025T2;858,31
Asturias, Principado de;Emiratos Árabes Unidos;2025T1;1.102,77
Asturias, Principado de;Emiratos Árabes Unidos;2024T4;904,08
Asturias, Principado de;Emiratos Árabes Unidos;2024T3;784,78
Asturias, Principado de;Emiratos Árabes Unidos;2024T2;850,69
Asturias, Principado de;Emiratos Árabes Unidos;2024T1;1.238,14
Asturias, Principado de;Emiratos Árabes Unidos;2023T4;922,78
Asturias, Principado de;Emiratos Árabes Unidos;2023T3;798,63
Asturias, Principado de;Emiratos Árabes Unidos;2023T2;822,33
Asturias, Principado de;Emiratos Árabes Unidos;2023T1;1.675,09
Asturias, Principado de;Emiratos Árabes Unidos;2022T4;1.399,39
Asturias, Principado de;Emiratos Árabes Unidos;2022T3;698,03
Asturias, Principado de;Emiratos Árabes Unidos;2022T2;1.209,64
Asturias, Principado de;Emiratos Árabes Unidos;2022T1;1.750,78
Asturias, Principado de;Emiratos Árabes Unidos;2021T4;1.136,44
Asturias, Principado de;Emiratos Árabes Unidos;2021T3;949,93
Asturias, Principado de;Emiratos Árabes Unidos;2021T2;1.071,22
Asturias, Principado de;Emiratos Árabes Unidos;2021T1;816,72
Asturias, Principado de;Emiratos Árabes Unidos;2020T4;789,36
Asturias, Principado de;Emiratos Árabes Unidos;2020T3;743,33
Asturias, Principado de;Emiratos Árabes Unidos;2020T2;.
Asturias, Principado de;Emiratos Árabes Unidos;2020T1;740,56
Asturias, Principado de;Emiratos Árabes Unidos;2019T4;1.380,57
Asturias, Principado de;Emiratos Árabes Unidos;2019T3;615,19
Asturias, Principado de;Emiratos Árabes Unidos;2019T2;432,01
Asturias, Principado de;Emiratos Árabes Unidos;2019T1;730,09
Asturias, Principado de;Emiratos Árabes Unidos;2018T4;1.013,37
Asturias, Principado de;Emiratos Árabes Unidos;2018T3;822,04
Asturias, Principado de;Emiratos Árabes Unidos;2018T2;578,64
Asturias, Principado de;Emiratos Árabes Unidos;2018T1;785,95
Asturias, Principado de;Japón;2025T2;.
Asturias, Principado de;Japón;2025T1;721,07
Asturias, Principado de;Japón;2024T4;383,05
Asturias, Principado de;Japón;2024T3;463,15
Asturias, Principado de;Japón;2024T2;444,63
Asturias, Principado de;Japón;2024T1;377,50
Asturias, Principado de;Japón;2023T4;409,11
Asturias, Principado de;Japón;2023T3;420,42
Asturias, Principado de;Japón;2023T2;371,89
Asturias, Principado de;Japón;2023T1;553,03
Asturias, Principado de;Japón;2022T4;334,56
Asturias, Principado de;Japón;2022T3;471,35
Asturias, Principado de;Japón;2022T2;350,93
Asturias, Principado de;Japón;2022T1;397,06
Asturias, Principado de;Japón;2021T4;630,74
Asturias, Principado de;Japón;2021T3;517,30
Asturias, Principado de;Japón;2021T2;924,71
Asturias, Principado de;Japón;2021T1;1.304,00
Asturias, Principado de;Japón;2020T4;.
Asturias, Principado de;Japón;2020T3;.
Asturias, Principado de;Japón;2020T2;.
Asturias, Principado de;Japón;2020T1;276,91
Asturias, Principado de;Japón;2019T4;490,15
Asturias, Principado de;Japón;2019T3;357,56
Asturias, Principado de;Japón;2019T2;348,86
Asturias, Principado de;Japón;2019T1;437,57
Asturias, Principado de;Japón;2018T4;665,11
Asturias, Principado de;Japón;2018T3;386,71
Asturias, Principado de;Japón;2018T2;507,23
Asturias, Principado de;Japón;2018T1;575,60
Asturias, Principado de;Turquía;2025T2;496,73
Asturias, Principado de;Turquía;2025T1;571,65
Asturias, Principado de;Turquía;2024T4;415,37
Asturias, Principado de;Turquía;2024T3;423,71
Asturias, Principado de;Turquía;2024T2;429,77
Asturias, Principado de;Turquía;2024T1;594,16
Asturias, Principado de;Turquía;2023T4;527,30
Asturias, Principado de;Turquía;2023T3;411,80
Asturias, Principado de;Turquía;2023T2;671,18
Asturias, Principado de;Turquía;2023T1;665,48
Asturias, Principado de;Turquía;2022T4;2.280,73
Asturias, Principado de;Turquía;2022T3;588,24
Asturias, Principado de;Turquía;2022T2;557,66
Asturias, Principado de;Turquía;2022T1;793,56
Asturias, Principado de;Turquía;2021T4;863,61
Asturias, Principado de;Turquía;2021T3;635,49
Asturias, Principado de;Turquía;2021T2;745,58
Asturias, Principado de;Turquía;2021T1;867,29
Asturias, Principado de;Turquía;2020T4;763,25
Asturias, Principado de;Turquía;2020T3;632,80
Asturias, Principado de;Turquía;2020T2;.
Asturias, Principado de;Turquía;2020T1;284,66
Asturias, Principado de;Turquía;2019T4;878,12
Asturias, Principado de;Turquía;2019T3;437,88
Asturias, Principado de;Turquía;2019T2;467,63
Asturias, Principado de;Turquía;2019T1;422,65
Asturias, Principado de;Turquía;2018T4;793,49
Asturias, Principado de;Turquía;2018T3;391,76
Asturias, Principado de;Turquía;2018T2;421,82
Asturias, Principado de;Turquía;2018T1;573,68
Asturias, Principado de;Resto del mundo;2025T2;586,01
Asturias, Principado de;Resto del mundo;2025T1;849,89
Asturias, Principado de;Resto del mundo;2024T4;598,41
Asturias, Principado de;Resto del mundo;2024T3;540,31
Asturias, Principado de;Resto del mundo;2024T2;636,98
Asturias, Principado de;Resto del mundo;2024T1;744,55
Asturias, Principado de;Resto del mundo;2023T4;611,63
Asturias, Principado de;Resto del mundo;2023T3;600,72
Asturias, Principado de;Resto del mundo;2023T2;719,86
Asturias, Principado de;Resto del mundo;2023T1;1.225,01
Asturias, Principado de;Resto del mundo;2022T4;726,88
Asturias, Principado de;Resto del mundo;2022T3;750,62
Asturias, Principado de;Resto del mundo;2022T2;868,44
Asturias, Principado de;Resto del mundo;2022T1;1.409,05
Asturias, Principado de;Resto del mundo;2021T4;1.361,80
Asturias, Principado de;Resto del mundo;2021T3;907,66
Asturias, Principado de;Resto del mundo;2021T2;1.080,03
Asturias, Principado de;Resto del mundo;2021T1;1.611,90
Asturias, Principado de;Resto del mundo;2020T4;1.996,37
Asturias, Principado de;Resto del mundo;2020T3;1.162,31
Asturias, Principado de;Resto del mundo;2020T2;.
Asturias, Principado de;Resto del mundo;2020T1;739,10
Asturias, Principado de;Resto del mundo;2019T4;954,28
Asturias, Principado de;Resto del mundo;2019T3;708,62
Asturias, Principado de;Resto del mundo;2019T2;605,70
Asturias, Principado de;Resto del mundo;2019T1;735,75
Asturias, Principado de;Resto del mundo;2018T4;1.093,10
Asturias, Principado de;Resto del mundo;2018T3;692,03
Asturias, Principado de;Resto del mundo;2018T2;758,40
Asturias, Principado de;Resto del mundo;2018T1;1.090,28
Balears, Illes;Total;2025T2;472,67
Balears, Illes;Total;2025T1;600,68
Balears, Illes;Total;2024T4;506,57
Balears, Illes;Total;2024T3;490,60
Balears, Illes;Total;2024T2;489,71
Balears, Illes;Total;2024T1;610,62
Balears, Illes;Total;2023T4;486,22
Balears, Illes;Total;2023T3;476,78
Balears, Illes;Total;2023T2;470,11
Balears, Illes;Total;2023T1;625,67
Balears, Illes;Total;2022T4;506,64
Balears, Illes;Total;2022T3;442,13
Balears, Illes;Total;2022T2;510,12
Balears, Illes;Total;2022T1;679,96
Balears, Illes;Total;2021T4;576,93
Balears, Illes;Total;2021T3;554,80
Balears, Illes;Total;2021T2;627,31
Balears, Illes;Total;2021T1;713,64
Balears, Illes;Total;2020T4;706,90
Balears, Illes;Total;2020T3;559,49
Balears, Illes;Total;2020T2;.
Balears, Illes;Total;2020T1;465,31
Balears, Illes;Total;2019T4;470,47
Balears, Illes;Total;2019T3;499,85
Balears, Illes;Total;2019T2;415,27
Balears, Illes;Total;2019T1;480,69
Balears, Illes;Total;2018T4;425,15
Balears, Illes;Total;2018T3;463,51
Balears, Illes;Total;2018T2;418,32
Balears, Illes;Total;2018T1;458,95
Balears, Illes;Alemania;2025T2;559,06
Balears, Illes;Alemania;2025T1;664,80
Balears, Illes;Alemania;2024T4;605,40
Balears, Illes;Alemania;2024T3;561,14
Balears, Illes;Alemania;2024T2;610,30
Balears, Illes;Alemania;2024T1;715,36
Balears, Illes;Alemania;2023T4;627,38
Balears, Illes;Alemania;2023T3;588,63
Balears, Illes;Alemania;2023T2;627,16
Balears, Illes;Alemania;2023T1;779,88
Balears, Illes;Alemania;2022T4;666,57
Balears, Illes;Alemania;2022T3;566,54
Balears, Illes;Alemania;2022T2;700,84
Balears, Illes;Alemania;2022T1;834,83
Balears, Illes;Alemania;2021T4;729,28
Balears, Illes;Alemania;2021T3;671,36
Balears, Illes;Alemania;2021T2;718,29
Balears, Illes;Alemania;2021T1;878,28
Balears, Illes;Alemania;2020T4;932,17
Balears, Illes;Alemania;2020T3;684,23
Balears, Illes;Alemania;2020T2;.
Balears, Illes;Alemania;2020T1;566,39
Balears, Illes;Alemania;2019T4;595,18
Balears, Illes;Alemania;2019T3;641,24
Balears, Illes;Alemania;2019T2;546,82
Balears, Illes;Alemania;2019T1;529,36
Balears, Illes;Alemania;2018T4;509,19
Balears, Illes;Alemania;2018T3;568,64
Balears, Illes;Alemania;2018T2;531,56
Balears, Illes;Alemania;2018T1;490,39
Balears, Illes;Andorra;2025T2;603,67
Balears, Illes;Andorra;2025T1;740,16
Balears, Illes;Andorra;2024T4;654,37
Balears, Illes;Andorra;2024T3;703,69
Balears, Illes;Andorra;2024T2;571,03
Balears, Illes;Andorra;2024T1;657,38
Balears, Illes;Andorra;2023T4;609,12
Balears, Illes;Andorra;2023T3;699,57
Balears, Illes;Andorra;2023T2;596,49
Balears, Illes;Andorra;2023T1;655,29
Balears, Illes;Andorra;2022T4;615,04
Balears, Illes;Andorra;2022T3;596,85
Balears, Illes;Andorra;2022T2;588,02
Balears, Illes;Andorra;2022T1;656,83
Balears, Illes;Andorra;2021T4;579,45
Balears, Illes;Andorra;2021T3;683,68
Balears, Illes;Andorra;2021T2;617,65
Balears, Illes;Andorra;2021T1;836,16
Balears, Illes;Andorra;2020T4;734,44
Balears, Illes;Andorra;2020T3;639,79
Balears, Illes;Andorra;2020T2;.
Balears, Illes;Andorra;2020T1;465,14
Balears, Illes;Andorra;2019T4;540,67
Balears, Illes;Andorra;2019T3;596,75
Balears, Illes;Andorra;2019T2;463,54
Balears, Illes;Andorra;2019T1;552,33
Balears, Illes;Andorra;2018T4;539,34
Balears, Illes;Andorra;2018T3;516,59
Balears, Illes;Andorra;2018T2;466,74
Balears, Illes;Andorra;2018T1;543,78
Balears, Illes;Austria;2025T2;585,75
Balears, Illes;Austria;2025T1;642,73
Balears, Illes;Austria;2024T4;632,39
Balears, Illes;Austria;2024T3;606,24
Balears, Illes;Austria;2024T2;633,27
Balears, Illes;Austria;2024T1;670,45
Balears, Illes;Austria;2023T4;646,10
Balears, Illes;Austria;2023T3;591,70
Balears, Illes;Austria;2023T2;648,50
Balears, Illes;Austria;2023T1;734,67
Balears, Illes;Austria;2022T4;660,52
Balears, Illes;Austria;2022T3;560,90
Balears, Illes;Austria;2022T2;690,88
Balears, Illes;Austria;2022T1;768,25
Balears, Illes;Austria;2021T4;720,12
Balears, Illes;Austria;2021T3;642,54
Balears, Illes;Austria;2021T2;741,15
Balears, Illes;Austria;2021T1;787,53
Balears, Illes;Austria;2020T4;917,55
Balears, Illes;Austria;2020T3;696,84
Balears, Illes;Austria;2020T2;.
Balears, Illes;Austria;2020T1;542,18
Balears, Illes;Austria;2019T4;609,67
Balears, Illes;Austria;2019T3;643,36
Balears, Illes;Austria;2019T2;552,34
Balears, Illes;Austria;2019T1;525,21
Balears, Illes;Austria;2018T4;516,29
Balears, Illes;Austria;2018T3;568,05
Balears, Illes;Austria;2018T2;552,72
Balears, Illes;Austria;2018T1;498,15
Balears, Illes;Bélgica;2025T2;532,19
Balears, Illes;Bélgica;2025T1;552,29
Balears, Illes;Bélgica;2024T4;534,63
Balears, Illes;Bélgica;2024T3;524,74
Balears, Illes;Bélgica;2024T2;535,38
Balears, Illes;Bélgica;2024T1;524,27
Balears, Illes;Bélgica;2023T4;506,95
Balears, Illes;Bélgica;2023T3;507,66
Balears, Illes;Bélgica;2023T2;507,25
Balears, Illes;Bélgica;2023T1;533,15
Balears, Illes;Bélgica;2022T4;510,17
Balears, Illes;Bélgica;2022T3;465,85
Balears, Illes;Bélgica;2022T2;551,07
Balears, Illes;Bélgica;2022T1;578,79
Balears, Illes;Bélgica;2021T4;559,40
Balears, Illes;Bélgica;2021T3;550,71
Balears, Illes;Bélgica;2021T2;599,41
Balears, Illes;Bélgica;2021T1;649,74
Balears, Illes;Bélgica;2020T4;680,22
Balears, Illes;Bélgica;2020T3;536,40
Balears, Illes;Bélgica;2020T2;.
Balears, Illes;Bélgica;2020T1;418,74
Balears, Illes;Bélgica;2019T4;471,26
Balears, Illes;Bélgica;2019T3;491,54
Balears, Illes;Bélgica;2019T2;423,07
Balears, Illes;Bélgica;2019T1;477,44
Balears, Illes;Bélgica;2018T4;415,35
Balears, Illes;Bélgica;2018T3;429,70
Balears, Illes;Bélgica;2018T2;407,10
Balears, Illes;Bélgica;2018T1;437,84
Balears, Illes;Dinamarca;2025T2;436,96
Balears, Illes;Dinamarca;2025T1;522,76
Balears, Illes;Dinamarca;2024T4;447,61
Balears, Illes;Dinamarca;2024T3;463,08
Balears, Illes;Dinamarca;2024T2;439,94
Balears, Illes;Dinamarca;2024T1;534,27
Balears, Illes;Dinamarca;2023T4;399,47
Balears, Illes;Dinamarca;2023T3;433,90
Balears, Illes;Dinamarca;2023T2;405,24
Balears, Illes;Dinamarca;2023T1;495,07
Balears, Illes;Dinamarca;2022T4;417,48
Balears, Illes;Dinamarca;2022T3;407,83
Balears, Illes;Dinamarca;2022T2;444,43
Balears, Illes;Dinamarca;2022T1;553,58
Balears, Illes;Dinamarca;2021T4;459,53
Balears, Illes;Dinamarca;2021T3;461,05
Balears, Illes;Dinamarca;2021T2;471,19
Balears, Illes;Dinamarca;2021T1;585,38
Balears, Illes;Dinamarca;2020T4;587,67
Balears, Illes;Dinamarca;2020T3;475,55
Balears, Illes;Dinamarca;2020T2;.
Balears, Illes;Dinamarca;2020T1;363,06
Balears, Illes;Dinamarca;2019T4;343,27
Balears, Illes;Dinamarca;2019T3;398,95
Balears, Illes;Dinamarca;2019T2;317,59
Balears, Illes;Dinamarca;2019T1;314,72
Balears, Illes;Dinamarca;2018T4;294,57
Balears, Illes;Dinamarca;2018T3;346,12
Balears, Illes;Dinamarca;2018T2;304,27
Balears, Illes;Dinamarca;2018T1;327,30
Balears, Illes;Finlandia;2025T2;334,09
Balears, Illes;Finlandia;2025T1;435,83
Balears, Illes;Finlandia;2024T4;360,52
Balears, Illes;Finlandia;2024T3;356,46
Balears, Illes;Finlandia;2024T2;340,82
Balears, Illes;Finlandia;2024T1;403,03
Balears, Illes;Finlandia;2023T4;331,76
Balears, Illes;Finlandia;2023T3;328,17
Balears, Illes;Finlandia;2023T2;325,12
Balears, Illes;Finlandia;2023T1;397,33
Balears, Illes;Finlandia;2022T4;345,65
Balears, Illes;Finlandia;2022T3;310,06
Balears, Illes;Finlandia;2022T2;348,35
Balears, Illes;Finlandia;2022T1;409,88
Balears, Illes;Finlandia;2021T4;410,76
Balears, Illes;Finlandia;2021T3;384,71
Balears, Illes;Finlandia;2021T2;411,01
Balears, Illes;Finlandia;2021T1;361,58
Balears, Illes;Finlandia;2020T4;388,79
Balears, Illes;Finlandia;2020T3;372,34
Balears, Illes;Finlandia;2020T2;.
Balears, Illes;Finlandia;2020T1;240,71
Balears, Illes;Finlandia;2019T4;297,84
Balears, Illes;Finlandia;2019T3;295,32
Balears, Illes;Finlandia;2019T2;242,96
Balears, Illes;Finlandia;2019T1;231,47
Balears, Illes;Finlandia;2018T4;258,57
Balears, Illes;Finlandia;2018T3;268,20
Balears, Illes;Finlandia;2018T2;255,28
Balears, Illes;Finlandia;2018T1;226,74
Balears, Illes;Francia;2025T2;440,28
Balears, Illes;Francia;2025T1;535,42
Balears, Illes;Francia;2024T4;472,58
Balears, Illes;Francia;2024T3;481,49
Balears, Illes;Francia;2024T2;457,00
Balears, Illes;Francia;2024T1;477,03
Balears, Illes;Francia;2023T4;439,62
Balears, Illes;Francia;2023T3;465,00
Balears, Illes;Francia;2023T2;427,98
Balears, Illes;Francia;2023T1;469,99
Balears, Illes;Francia;2022T4;450,19
Balears, Illes;Francia;2022T3;411,28
Balears, Illes;Francia;2022T2;442,21
Balears, Illes;Francia;2022T1;506,13
Balears, Illes;Francia;2021T4;462,93
Balears, Illes;Francia;2021T3;463,25
Balears, Illes;Francia;2021T2;481,05
Balears, Illes;Francia;2021T1;563,10
Balears, Illes;Francia;2020T4;533,48
Balears, Illes;Francia;2020T3;473,29
Balears, Illes;Francia;2020T2;.
Balears, Illes;Francia;2020T1;373,99
Balears, Illes;Francia;2019T4;373,13
Balears, Illes;Francia;2019T3;413,91
Balears, Illes;Francia;2019T2;321,46
Balears, Illes;Francia;2019T1;413,23
Balears, Illes;Francia;2018T4;325,79
Balears, Illes;Francia;2018T3;362,20
Balears, Illes;Francia;2018T2;308,14
Balears, Illes;Francia;2018T1;386,83
Balears, Illes;Irlanda;2025T2;426,27
Balears, Illes;Irlanda;2025T1;683,49
Balears, Illes;Irlanda;2024T4;428,95
Balears, Illes;Irlanda;2024T3;383,03
Balears, Illes;Irlanda;2024T2;401,84
Balears, Illes;Irlanda;2024T1;651,72
Balears, Illes;Irlanda;2023T4;379,71
Balears, Illes;Irlanda;2023T3;342,92
Balears, Illes;Irlanda;2023T2;379,03
Balears, Illes;Irlanda;2023T1;707,89
Balears, Illes;Irlanda;2022T4;384,91
Balears, Illes;Irlanda;2022T3;296,53
Balears, Illes;Irlanda;2022T2;365,68
Balears, Illes;Irlanda;2022T1;501,84
Balears, Illes;Irlanda;2021T4;450,34
Balears, Illes;Irlanda;2021T3;406,92
Balears, Illes;Irlanda;2021T2;370,26
Balears, Illes;Irlanda;2021T1;361,84
Balears, Illes;Irlanda;2020T4;466,85
Balears, Illes;Irlanda;2020T3;386,66
Balears, Illes;Irlanda;2020T2;.
Balears, Illes;Irlanda;2020T1;309,68
Balears, Illes;Irlanda;2019T4;384,24
Balears, Illes;Irlanda;2019T3;465,31
Balears, Illes;Irlanda;2019T2;406,68
Balears, Illes;Irlanda;2019T1;366,46
Balears, Illes;Irlanda;2018T4;377,24
Balears, Illes;Irlanda;2018T3;455,04
Balears, Illes;Irlanda;2018T2;426,33
Balears, Illes;Irlanda;2018T1;464,36
Balears, Illes;Italia;2025T2;452,25
Balears, Illes;Italia;2025T1;452,59
Balears, Illes;Italia;2024T4;430,12
Balears, Illes;Italia;2024T3;477,23
Balears, Illes;Italia;2024T2;474,37
Balears, Illes;Italia;2024T1;441,32
Balears, Illes;Italia;2023T4;405,33
Balears, Illes;Italia;2023T3;476,06
Balears, Illes;Italia;2023T2;465,09
Balears, Illes;Italia;2023T1;444,59
Balears, Illes;Italia;2022T4;424,91
Balears, Illes;Italia;2022T3;443,47
Balears, Illes;Italia;2022T2;498,32
Balears, Illes;Italia;2022T1;501,94
Balears, Illes;Italia;2021T4;483,05
Balears, Illes;Italia;2021T3;551,36
Balears, Illes;Italia;2021T2;560,75
Balears, Illes;Italia;2021T1;510,86
Balears, Illes;Italia;2020T4;564,27
Balears, Illes;Italia;2020T3;551,02
Balears, Illes;Italia;2020T2;.
Balears, Illes;Italia;2020T1;363,40
Balears, Illes;Italia;2019T4;466,53
Balears, Illes;Italia;2019T3;533,65
Balears, Illes;Italia;2019T2;438,32
Balears, Illes;Italia;2019T1;485,42
Balears, Illes;Italia;2018T4;414,10
Balears, Illes;Italia;2018T3;486,03
Balears, Illes;Italia;2018T2;429,29
Balears, Illes;Italia;2018T1;428,72
Balears, Illes;Noruega;2025T2;385,33
Balears, Illes;Noruega;2025T1;560,65
Balears, Illes;Noruega;2024T4;416,43
Balears, Illes;Noruega;2024T3;399,04
Balears, Illes;Noruega;2024T2;395,63
Balears, Illes;Noruega;2024T1;598,72
Balears, Illes;Noruega;2023T4;396,74
Balears, Illes;Noruega;2023T3;371,93
Balears, Illes;Noruega;2023T2;369,52
Balears, Illes;Noruega;2023T1;566,93
Balears, Illes;Noruega;2022T4;422,66
Balears, Illes;Noruega;2022T3;368,51
Balears, Illes;Noruega;2022T2;416,94
Balears, Illes;Noruega;2022T1;654,92
Balears, Illes;Noruega;2021T4;533,88
Balears, Illes;Noruega;2021T3;548,14
Balears, Illes;Noruega;2021T2;521,53
Balears, Illes;Noruega;2021T1;561,10
Balears, Illes;Noruega;2020T4;600,36
Balears, Illes;Noruega;2020T3;502,78
Balears, Illes;Noruega;2020T2;.
Balears, Illes;Noruega;2020T1;371,04
Balears, Illes;Noruega;2019T4;337,14
Balears, Illes;Noruega;2019T3;357,13
Balears, Illes;Noruega;2019T2;301,84
Balears, Illes;Noruega;2019T1;346,38
Balears, Illes;Noruega;2018T4;279,30
Balears, Illes;Noruega;2018T3;313,59
Balears, Illes;Noruega;2018T2;286,54
Balears, Illes;Noruega;2018T1;324,91
Balears, Illes;Países Bajos;2025T2;462,04
Balears, Illes;Países Bajos;2025T1;534,00
Balears, Illes;Países Bajos;2024T4;461,08
Balears, Illes;Países Bajos;2024T3;428,81
Balears, Illes;Países Bajos;2024T2;453,85
Balears, Illes;Países Bajos;2024T1;528,71
Balears, Illes;Países Bajos;2023T4;421,01
Balears, Illes;Países Bajos;2023T3;395,94
Balears, Illes;Países Bajos;2023T2;419,60
Balears, Illes;Países Bajos;2023T1;505,30
Balears, Illes;Países Bajos;2022T4;427,39
Balears, Illes;Países Bajos;2022T3;338,39
Balears, Illes;Países Bajos;2022T2;422,37
Balears, Illes;Países Bajos;2022T1;521,97
Balears, Illes;Países Bajos;2021T4;443,59
Balears, Illes;Países Bajos;2021T3;446,72
Balears, Illes;Países Bajos;2021T2;531,28
Balears, Illes;Países Bajos;2021T1;604,18
Balears, Illes;Países Bajos;2020T4;620,98
Balears, Illes;Países Bajos;2020T3;447,01
Balears, Illes;Países Bajos;2020T2;.
Balears, Illes;Países Bajos;2020T1;355,84
Balears, Illes;Países Bajos;2019T4;352,65
Balears, Illes;Países Bajos;2019T3;369,06
Balears, Illes;Países Bajos;2019T2;305,90
Balears, Illes;Países Bajos;2019T1;333,24
Balears, Illes;Países Bajos;2018T4;304,26
Balears, Illes;Países Bajos;2018T3;336,51
Balears, Illes;Países Bajos;2018T2;306,65
Balears, Illes;Países Bajos;2018T1;331,18
Balears, Illes;Polonia;2025T2;321,68
Balears, Illes;Polonia;2025T1;404,42
Balears, Illes;Polonia;2024T4;316,71
Balears, Illes;Polonia;2024T3;330,20
Balears, Illes;Polonia;2024T2;329,02
Balears, Illes;Polonia;2024T1;397,15
Balears, Illes;Polonia;2023T4;294,17
Balears, Illes;Polonia;2023T3;320,90
Balears, Illes;Polonia;2023T2;300,84
Balears, Illes;Polonia;2023T1;397,80
Balears, Illes;Polonia;2022T4;291,79
Balears, Illes;Polonia;2022T3;286,21
Balears, Illes;Polonia;2022T2;326,30
Balears, Illes;Polonia;2022T1;460,76
Balears, Illes;Polonia;2021T4;340,07
Balears, Illes;Polonia;2021T3;330,50
Balears, Illes;Polonia;2021T2;373,22
Balears, Illes;Polonia;2021T1;469,66
Balears, Illes;Polonia;2020T4;425,73
Balears, Illes;Polonia;2020T3;309,68
Balears, Illes;Polonia;2020T2;.
Balears, Illes;Polonia;2020T1;252,23
Balears, Illes;Polonia;2019T4;237,36
Balears, Illes;Polonia;2019T3;295,59
Balears, Illes;Polonia;2019T2;245,17
Balears, Illes;Polonia;2019T1;221,95
Balears, Illes;Polonia;2018T4;232,07
Balears, Illes;Polonia;2018T3;282,43
Balears, Illes;Polonia;2018T2;265,71
Balears, Illes;Polonia;2018T1;277,63
Balears, Illes;Portugal;2025T2;469,70
Balears, Illes;Portugal;2025T1;443,35
Balears, Illes;Portugal;2024T4;428,10
Balears, Illes;Portugal;2024T3;576,57
Balears, Illes;Portugal;2024T2;484,27
Balears, Illes;Portugal;2024T1;414,40
Balears, Illes;Portugal;2023T4;388,86
Balears, Illes;Portugal;2023T3;546,79
Balears, Illes;Portugal;2023T2;441,75
Balears, Illes;Portugal;2023T1;395,97
Balears, Illes;Portugal;2022T4;405,87
Balears, Illes;Portugal;2022T3;502,50
Balears, Illes;Portugal;2022T2;463,11
Balears, Illes;Portugal;2022T1;473,61
Balears, Illes;Portugal;2021T4;468,62
Balears, Illes;Portugal;2021T3;586,84
Balears, Illes;Portugal;2021T2;617,18
Balears, Illes;Portugal;2021T1;514,09
Balears, Illes;Portugal;2020T4;535,49
Balears, Illes;Portugal;2020T3;591,67
Balears, Illes;Portugal;2020T2;.
Balears, Illes;Portugal;2020T1;358,79
Balears, Illes;Portugal;2019T4;563,35
Balears, Illes;Portugal;2019T3;540,74
Balears, Illes;Portugal;2019T2;431,04
Balears, Illes;Portugal;2019T1;582,91
Balears, Illes;Portugal;2018T4;409,77
Balears, Illes;Portugal;2018T3;459,98
Balears, Illes;Portugal;2018T2;392,05
Balears, Illes;Portugal;2018T1;478,63
Balears, Illes;Reino Unido;2025T2;384,53
Balears, Illes;Reino Unido;2025T1;531,39
Balears, Illes;Reino Unido;2024T4;395,04
Balears, Illes;Reino Unido;2024T3;396,53
Balears, Illes;Reino Unido;2024T2;389,72
Balears, Illes;Reino Unido;2024T1;498,04
Balears, Illes;Reino Unido;2023T4;372,37
Balears, Illes;Reino Unido;2023T3;386,37
Balears, Illes;Reino Unido;2023T2;371,31
Balears, Illes;Reino Unido;2023T1;507,45
Balears, Illes;Reino Unido;2022T4;399,45
Balears, Illes;Reino Unido;2022T3;367,55
Balears, Illes;Reino Unido;2022T2;414,73
Balears, Illes;Reino Unido;2022T1;568,50
Balears, Illes;Reino Unido;2021T4;500,13
Balears, Illes;Reino Unido;2021T3;531,26
Balears, Illes;Reino Unido;2021T2;573,40
Balears, Illes;Reino Unido;2021T1;567,87
Balears, Illes;Reino Unido;2020T4;600,43
Balears, Illes;Reino Unido;2020T3;491,06
Balears, Illes;Reino Unido;2020T2;.
Balears, Illes;Reino Unido;2020T1;396,17
Balears, Illes;Reino Unido;2019T4;386,05
Balears, Illes;Reino Unido;2019T3;453,24
Balears, Illes;Reino Unido;2019T2;373,90
Balears, Illes;Reino Unido;2019T1;418,63
Balears, Illes;Reino Unido;2018T4;391,88
Balears, Illes;Reino Unido;2018T3;465,45
Balears, Illes;Reino Unido;2018T2;418,66
Balears, Illes;Reino Unido;2018T1;445,17
Balears, Illes;Rumanía;2025T2;395,30
Balears, Illes;Rumanía;2025T1;479,86
Balears, Illes;Rumanía;2024T4;390,07
Balears, Illes;Rumanía;2024T3;409,77
Balears, Illes;Rumanía;2024T2;398,86
Balears, Illes;Rumanía;2024T1;457,91
Balears, Illes;Rumanía;2023T4;363,05
Balears, Illes;Rumanía;2023T3;417,29
Balears, Illes;Rumanía;2023T2;396,59
Balears, Illes;Rumanía;2023T1;530,25
Balears, Illes;Rumanía;2022T4;419,98
Balears, Illes;Rumanía;2022T3;423,87
Balears, Illes;Rumanía;2022T2;466,44
Balears, Illes;Rumanía;2022T1;591,81
Balears, Illes;Rumanía;2021T4;456,71
Balears, Illes;Rumanía;2021T3;470,50
Balears, Illes;Rumanía;2021T2;493,59
Balears, Illes;Rumanía;2021T1;538,71
Balears, Illes;Rumanía;2020T4;612,16
Balears, Illes;Rumanía;2020T3;455,48
Balears, Illes;Rumanía;2020T2;.
Balears, Illes;Rumanía;2020T1;395,02
Balears, Illes;Rumanía;2019T4;376,67
Balears, Illes;Rumanía;2019T3;475,14
Balears, Illes;Rumanía;2019T2;363,00
Balears, Illes;Rumanía;2019T1;365,02
Balears, Illes;Rumanía;2018T4;360,55
Balears, Illes;Rumanía;2018T3;437,20
Balears, Illes;Rumanía;2018T2;390,69
Balears, Illes;Rumanía;2018T1;370,28
Balears, Illes;Rusia;2025T2;.
Balears, Illes;Rusia;2025T1;.
Balears, Illes;Rusia;2024T4;.
Balears, Illes;Rusia;2024T3;.
Balears, Illes;Rusia;2024T2;.
Balears, Illes;Rusia;2024T1;.
Balears, Illes;Rusia;2023T4;.
Balears, Illes;Rusia;2023T3;.
Balears, Illes;Rusia;2023T2;.
Balears, Illes;Rusia;2023T1;.
Balears, Illes;Rusia;2022T4;.
Balears, Illes;Rusia;2022T3;.
Balears, Illes;Rusia;2022T2;.
Balears, Illes;Rusia;2022T1;1.339,14
Balears, Illes;Rusia;2021T4;671,01
Balears, Illes;Rusia;2021T3;889,56
Balears, Illes;Rusia;2021T2;859,92
Balears, Illes;Rusia;2021T1;842,34
Balears, Illes;Rusia;2020T4;883,99
Balears, Illes;Rusia;2020T3;815,71
Balears, Illes;Rusia;2020T2;.
Balears, Illes;Rusia;2020T1;561,58
Balears, Illes;Rusia;2019T4;372,84
Balears, Illes;Rusia;2019T3;512,27
Balears, Illes;Rusia;2019T2;381,91
Balears, Illes;Rusia;2019T1;440,17
Balears, Illes;Rusia;2018T4;377,48
Balears, Illes;Rusia;2018T3;483,04
Balears, Illes;Rusia;2018T2;410,47
Balears, Illes;Rusia;2018T1;437,68
Balears, Illes;Suecia;2025T2;377,65
Balears, Illes;Suecia;2025T1;499,27
Balears, Illes;Suecia;2024T4;441,80
Balears, Illes;Suecia;2024T3;413,46
Balears, Illes;Suecia;2024T2;388,21
Balears, Illes;Suecia;2024T1;486,91
Balears, Illes;Suecia;2023T4;420,40
Balears, Illes;Suecia;2023T3;390,38
Balears, Illes;Suecia;2023T2;370,48
Balears, Illes;Suecia;2023T1;491,94
Balears, Illes;Suecia;2022T4;424,06
Balears, Illes;Suecia;2022T3;368,56
Balears, Illes;Suecia;2022T2;405,01
Balears, Illes;Suecia;2022T1;520,93
Balears, Illes;Suecia;2021T4;471,11
Balears, Illes;Suecia;2021T3;435,89
Balears, Illes;Suecia;2021T2;456,37
Balears, Illes;Suecia;2021T1;484,36
Balears, Illes;Suecia;2020T4;519,72
Balears, Illes;Suecia;2020T3;423,23
Balears, Illes;Suecia;2020T2;.
Balears, Illes;Suecia;2020T1;304,41
Balears, Illes;Suecia;2019T4;316,91
Balears, Illes;Suecia;2019T3;336,22
Balears, Illes;Suecia;2019T2;272,07
Balears, Illes;Suecia;2019T1;288,51
Balears, Illes;Suecia;2018T4;273,97
Balears, Illes;Suecia;2018T3;293,57
Balears, Illes;Suecia;2018T2;260,63
Balears, Illes;Suecia;2018T1;262,71
Balears, Illes;Suiza;2025T2;732,52
Balears, Illes;Suiza;2025T1;864,26
Balears, Illes;Suiza;2024T4;738,90
Balears, Illes;Suiza;2024T3;761,16
Balears, Illes;Suiza;2024T2;780,47
Balears, Illes;Suiza;2024T1;883,22
Balears, Illes;Suiza;2023T4;726,42
Balears, Illes;Suiza;2023T3;766,62
Balears, Illes;Suiza;2023T2;769,57
Balears, Illes;Suiza;2023T1;940,40
Balears, Illes;Suiza;2022T4;773,62
Balears, Illes;Suiza;2022T3;739,75
Balears, Illes;Suiza;2022T2;863,88
Balears, Illes;Suiza;2022T1;1.021,41
Balears, Illes;Suiza;2021T4;878,62
Balears, Illes;Suiza;2021T3;871,26
Balears, Illes;Suiza;2021T2;941,96
Balears, Illes;Suiza;2021T1;1.207,66
Balears, Illes;Suiza;2020T4;1.315,90
Balears, Illes;Suiza;2020T3;913,83
Balears, Illes;Suiza;2020T2;.
Balears, Illes;Suiza;2020T1;758,36
Balears, Illes;Suiza;2019T4;749,12
Balears, Illes;Suiza;2019T3;863,67
Balears, Illes;Suiza;2019T2;711,19
Balears, Illes;Suiza;2019T1;775,38
Balears, Illes;Suiza;2018T4;657,77
Balears, Illes;Suiza;2018T3;757,63
Balears, Illes;Suiza;2018T2;693,22
Balears, Illes;Suiza;2018T1;734,88
Balears, Illes;Otros Países Europeos;2025T2;434,33
Balears, Illes;Otros Países Europeos;2025T1;514,22
Balears, Illes;Otros Países Europeos;2024T4;469,18
Balears, Illes;Otros Países Europeos;2024T3;474,89
Balears, Illes;Otros Países Europeos;2024T2;461,05
Balears, Illes;Otros Países Europeos;2024T1;552,01
Balears, Illes;Otros Países Europeos;2023T4;426,61
Balears, Illes;Otros Países Europeos;2023T3;460,76
Balears, Illes;Otros Países Europeos;2023T2;426,73
Balears, Illes;Otros Países Europeos;2023T1;541,82
Balears, Illes;Otros Países Europeos;2022T4;425,67
Balears, Illes;Otros Países Europeos;2022T3;427,42
Balears, Illes;Otros Países Europeos;2022T2;448,30
Balears, Illes;Otros Países Europeos;2022T1;580,71
Balears, Illes;Otros Países Europeos;2021T4;488,07
Balears, Illes;Otros Países Europeos;2021T3;478,33
Balears, Illes;Otros Países Europeos;2021T2;527,49
Balears, Illes;Otros Países Europeos;2021T1;643,31
Balears, Illes;Otros Países Europeos;2020T4;708,84
Balears, Illes;Otros Países Europeos;2020T3;561,56
Balears, Illes;Otros Países Europeos;2020T2;.
Balears, Illes;Otros Países Europeos;2020T1;406,50
Balears, Illes;Otros Países Europeos;2019T4;389,47
Balears, Illes;Otros Países Europeos;2019T3;454,21
Balears, Illes;Otros Países Europeos;2019T2;359,49
Balears, Illes;Otros Países Europeos;2019T1;381,87
Balears, Illes;Otros Países Europeos;2018T4;333,55
Balears, Illes;Otros Países Europeos;2018T3;410,82
Balears, Illes;Otros Países Europeos;2018T2;381,14
Balears, Illes;Otros Países Europeos;2018T1;402,33
Balears, Illes;Argentina;2025T2;426,44
Balears, Illes;Argentina;2025T1;427,46
Balears, Illes;Argentina;2024T4;400,84
Balears, Illes;Argentina;2024T3;484,57
Balears, Illes;Argentina;2024T2;416,34
Balears, Illes;Argentina;2024T1;333,71
Balears, Illes;Argentina;2023T4;325,48
Balears, Illes;Argentina;2023T3;409,46
Balears, Illes;Argentina;2023T2;346,76
Balears, Illes;Argentina;2023T1;328,69
Balears, Illes;Argentina;2022T4;323,80
Balears, Illes;Argentina;2022T3;361,18
Balears, Illes;Argentina;2022T2;340,83
Balears, Illes;Argentina;2022T1;355,15
Balears, Illes;Argentina;2021T4;332,58
Balears, Illes;Argentina;2021T3;360,37
Balears, Illes;Argentina;2021T2;249,48
Balears, Illes;Argentina;2021T1;270,88
Balears, Illes;Argentina;2020T4;309,49
Balears, Illes;Argentina;2020T3;254,21
Balears, Illes;Argentina;2020T2;.
Balears, Illes;Argentina;2020T1;184,76
Balears, Illes;Argentina;2019T4;292,00
Balears, Illes;Argentina;2019T3;343,88
Balears, Illes;Argentina;2019T2;290,31
Balears, Illes;Argentina;2019T1;360,24
Balears, Illes;Argentina;2018T4;272,59
Balears, Illes;Argentina;2018T3;296,71
Balears, Illes;Argentina;2018T2;253,96
Balears, Illes;Argentina;2018T1;292,96
Balears, Illes;Brasil;2025T2;453,87
Balears, Illes;Brasil;2025T1;437,60
Balears, Illes;Brasil;2024T4;442,12
Balears, Illes;Brasil;2024T3;621,13
Balears, Illes;Brasil;2024T2;494,35
Balears, Illes;Brasil;2024T1;465,80
Balears, Illes;Brasil;2023T4;494,92
Balears, Illes;Brasil;2023T3;643,74
Balears, Illes;Brasil;2023T2;462,50
Balears, Illes;Brasil;2023T1;529,81
Balears, Illes;Brasil;2022T4;542,48
Balears, Illes;Brasil;2022T3;637,13
Balears, Illes;Brasil;2022T2;557,27
Balears, Illes;Brasil;2022T1;645,61
Balears, Illes;Brasil;2021T4;634,47
Balears, Illes;Brasil;2021T3;768,83
Balears, Illes;Brasil;2021T2;555,81
Balears, Illes;Brasil;2021T1;397,45
Balears, Illes;Brasil;2020T4;539,35
Balears, Illes;Brasil;2020T3;475,49
Balears, Illes;Brasil;2020T2;.
Balears, Illes;Brasil;2020T1;470,57
Balears, Illes;Brasil;2019T4;539,69
Balears, Illes;Brasil;2019T3;664,92
Balears, Illes;Brasil;2019T2;529,46
Balears, Illes;Brasil;2019T1;678,09
Balears, Illes;Brasil;2018T4;542,46
Balears, Illes;Brasil;2018T3;515,29
Balears, Illes;Brasil;2018T2;494,29
Balears, Illes;Brasil;2018T1;699,36
Balears, Illes;Canadá;2025T2;509,42
Balears, Illes;Canadá;2025T1;568,99
Balears, Illes;Canadá;2024T4;557,66
Balears, Illes;Canadá;2024T3;602,46
Balears, Illes;Canadá;2024T2;516,84
Balears, Illes;Canadá;2024T1;537,78
Balears, Illes;Canadá;2023T4;498,55
Balears, Illes;Canadá;2023T3;599,16
Balears, Illes;Canadá;2023T2;493,96
Balears, Illes;Canadá;2023T1;565,34
Balears, Illes;Canadá;2022T4;527,68
Balears, Illes;Canadá;2022T3;533,59
Balears, Illes;Canadá;2022T2;530,10
Balears, Illes;Canadá;2022T1;636,70
Balears, Illes;Canadá;2021T4;589,23
Balears, Illes;Canadá;2021T3;655,53
Balears, Illes;Canadá;2021T2;606,47
Balears, Illes;Canadá;2021T1;765,59
Balears, Illes;Canadá;2020T4;653,12
Balears, Illes;Canadá;2020T3;592,55
Balears, Illes;Canadá;2020T2;.
Balears, Illes;Canadá;2020T1;336,80
Balears, Illes;Canadá;2019T4;432,65
Balears, Illes;Canadá;2019T3;516,55
Balears, Illes;Canadá;2019T2;367,06
Balears, Illes;Canadá;2019T1;403,88
Balears, Illes;Canadá;2018T4;392,95
Balears, Illes;Canadá;2018T3;450,58
Balears, Illes;Canadá;2018T2;391,19
Balears, Illes;Canadá;2018T1;463,09
Balears, Illes;Chile;2025T2;479,67
Balears, Illes;Chile;2025T1;455,56
Balears, Illes;Chile;2024T4;436,15
Balears, Illes;Chile;2024T3;502,19
Balears, Illes;Chile;2024T2;482,41
Balears, Illes;Chile;2024T1;472,83
Balears, Illes;Chile;2023T4;409,74
Balears, Illes;Chile;2023T3;529,13
Balears, Illes;Chile;2023T2;461,76
Balears, Illes;Chile;2023T1;489,19
Balears, Illes;Chile;2022T4;408,78
Balears, Illes;Chile;2022T3;453,43
Balears, Illes;Chile;2022T2;435,79
Balears, Illes;Chile;2022T1;526,55
Balears, Illes;Chile;2021T4;485,67
Balears, Illes;Chile;2021T3;522,36
Balears, Illes;Chile;2021T2;590,55
Balears, Illes;Chile;2021T1;732,91
Balears, Illes;Chile;2020T4;762,98
Balears, Illes;Chile;2020T3;571,63
Balears, Illes;Chile;2020T2;.
Balears, Illes;Chile;2020T1;379,67
Balears, Illes;Chile;2019T4;402,00
Balears, Illes;Chile;2019T3;517,50
Balears, Illes;Chile;2019T2;391,48
Balears, Illes;Chile;2019T1;536,70
Balears, Illes;Chile;2018T4;399,34
Balears, Illes;Chile;2018T3;479,97
Balears, Illes;Chile;2018T2;435,52
Balears, Illes;Chile;2018T1;436,26
Balears, Illes;Colombia;2025T2;424,77
Balears, Illes;Colombia;2025T1;468,78
Balears, Illes;Colombia;2024T4;464,13
Balears, Illes;Colombia;2024T3;494,52
Balears, Illes;Colombia;2024T2;420,59
Balears, Illes;Colombia;2024T1;474,37
Balears, Illes;Colombia;2023T4;442,74
Balears, Illes;Colombia;2023T3;485,12
Balears, Illes;Colombia;2023T2;405,63
Balears, Illes;Colombia;2023T1;470,92
Balears, Illes;Colombia;2022T4;437,15
Balears, Illes;Colombia;2022T3;445,07
Balears, Illes;Colombia;2022T2;435,39
Balears, Illes;Colombia;2022T1;535,38
Balears, Illes;Colombia;2021T4;544,36
Balears, Illes;Colombia;2021T3;615,43
Balears, Illes;Colombia;2021T2;549,72
Balears, Illes;Colombia;2021T1;612,95
Balears, Illes;Colombia;2020T4;689,90
Balears, Illes;Colombia;2020T3;516,27
Balears, Illes;Colombia;2020T2;.
Balears, Illes;Colombia;2020T1;706,74
Balears, Illes;Colombia;2019T4;1.609,66
Balears, Illes;Colombia;2019T3;1.438,27
Balears, Illes;Colombia;2019T2;1.437,87
Balears, Illes;Colombia;2019T1;1.882,47
Balears, Illes;Colombia;2018T4;1.153,70
Balears, Illes;Colombia;2018T3;928,49
Balears, Illes;Colombia;2018T2;810,55
Balears, Illes;Colombia;2018T1;1.278,15
Balears, Illes;Estados Unidos de América;2025T2;624,61
Balears, Illes;Estados Unidos de América;2025T1;681,35
Balears, Illes;Estados Unidos de América;2024T4;665,83
Balears, Illes;Estados Unidos de América;2024T3;769,12
Balears, Illes;Estados Unidos de América;2024T2;647,92
Balears, Illes;Estados Unidos de América;2024T1;672,59
Balears, Illes;Estados Unidos de América;2023T4;622,40
Balears, Illes;Estados Unidos de América;2023T3;726,89
Balears, Illes;Estados Unidos de América;2023T2;588,20
Balears, Illes;Estados Unidos de América;2023T1;645,71
Balears, Illes;Estados Unidos de América;2022T4;626,18
Balears, Illes;Estados Unidos de América;2022T3;662,84
Balears, Illes;Estados Unidos de América;2022T2;604,70
Balears, Illes;Estados Unidos de América;2022T1;694,73
Balears, Illes;Estados Unidos de América;2021T4;674,50
Balears, Illes;Estados Unidos de América;2021T3;755,51
Balears, Illes;Estados Unidos de América;2021T2;753,79
Balears, Illes;Estados Unidos de América;2021T1;835,79
Balears, Illes;Estados Unidos de América;2020T4;907,10
Balears, Illes;Estados Unidos de América;2020T3;778,04
Balears, Illes;Estados Unidos de América;2020T2;.
Balears, Illes;Estados Unidos de América;2020T1;519,27
Balears, Illes;Estados Unidos de América;2019T4;594,53
Balears, Illes;Estados Unidos de América;2019T3;624,35
Balears, Illes;Estados Unidos de América;2019T2;467,59
Balears, Illes;Estados Unidos de América;2019T1;637,27
Balears, Illes;Estados Unidos de América;2018T4;607,48
Balears, Illes;Estados Unidos de América;2018T3;660,77
Balears, Illes;Estados Unidos de América;2018T2;516,47
Balears, Illes;Estados Unidos de América;2018T1;648,83
Balears, Illes;México;2025T2;511,17
Balears, Illes;México;2025T1;547,79
Balears, Illes;México;2024T4;495,39
Balears, Illes;México;2024T3;650,85
Balears, Illes;México;2024T2;513,10
Balears, Illes;México;2024T1;537,94
Balears, Illes;México;2023T4;477,19
Balears, Illes;México;2023T3;572,34
Balears, Illes;México;2023T2;482,44
Balears, Illes;México;2023T1;499,54
Balears, Illes;México;2022T4;486,95
Balears, Illes;México;2022T3;525,04
Balears, Illes;México;2022T2;456,33
Balears, Illes;México;2022T1;510,00
Balears, Illes;México;2021T4;509,24
Balears, Illes;México;2021T3;694,40
Balears, Illes;México;2021T2;574,18
Balears, Illes;México;2021T1;606,26
Balears, Illes;México;2020T4;668,27
Balears, Illes;México;2020T3;492,40
Balears, Illes;México;2020T2;.
Balears, Illes;México;2020T1;420,55
Balears, Illes;México;2019T4;534,31
Balears, Illes;México;2019T3;620,52
Balears, Illes;México;2019T2;526,67
Balears, Illes;México;2019T1;733,81
Balears, Illes;México;2018T4;595,60
Balears, Illes;México;2018T3;589,29
Balears, Illes;México;2018T2;579,17
Balears, Illes;México;2018T1;641,73
Balears, Illes;Resto de América;2025T2;523,70
Balears, Illes;Resto de América;2025T1;610,20
Balears, Illes;Resto de América;2024T4;560,25
Balears, Illes;Resto de América;2024T3;649,36
Balears, Illes;Resto de América;2024T2;554,20
Balears, Illes;Resto de América;2024T1;587,15
Balears, Illes;Resto de América;2023T4;544,95
Balears, Illes;Resto de América;2023T3;632,98
Balears, Illes;Resto de América;2023T2;504,83
Balears, Illes;Resto de América;2023T1;610,23
Balears, Illes;Resto de América;2022T4;566,06
Balears, Illes;Resto de América;2022T3;564,80
Balears, Illes;Resto de América;2022T2;537,85
Balears, Illes;Resto de América;2022T1;701,76
Balears, Illes;Resto de América;2021T4;644,65
Balears, Illes;Resto de América;2021T3;663,02
Balears, Illes;Resto de América;2021T2;687,62
Balears, Illes;Resto de América;2021T1;845,68
Balears, Illes;Resto de América;2020T4;874,60
Balears, Illes;Resto de América;2020T3;668,42
Balears, Illes;Resto de América;2020T2;.
Balears, Illes;Resto de América;2020T1;769,28
Balears, Illes;Resto de América;2019T4;1.234,14
Balears, Illes;Resto de América;2019T3;916,68
Balears, Illes;Resto de América;2019T2;885,33
Balears, Illes;Resto de América;2019T1;1.204,99
Balears, Illes;Resto de América;2018T4;934,39
Balears, Illes;Resto de América;2018T3;756,57
Balears, Illes;Resto de América;2018T2;721,19
Balears, Illes;Resto de América;2018T1;961,61
Balears, Illes;Australia;2025T2;440,51
Balears, Illes;Australia;2025T1;502,07
Balears, Illes;Australia;2024T4;442,29
Balears, Illes;Australia;2024T3;475,26
Balears, Illes;Australia;2024T2;465,46
Balears, Illes;Australia;2024T1;473,15
Balears, Illes;Australia;2023T4;425,55
Balears, Illes;Australia;2023T3;425,46
Balears, Illes;Australia;2023T2;425,39
Balears, Illes;Australia;2023T1;467,36
Balears, Illes;Australia;2022T4;433,87
Balears, Illes;Australia;2022T3;443,99
Balears, Illes;Australia;2022T2;484,62
Balears, Illes;Australia;2022T1;568,29
Balears, Illes;Australia;2021T4;575,81
Balears, Illes;Australia;2021T3;602,97
Balears, Illes;Australia;2021T2;536,32
Balears, Illes;Australia;2021T1;528,01
Balears, Illes;Australia;2020T4;556,70
Balears, Illes;Australia;2020T3;441,30
Balears, Illes;Australia;2020T2;.
Balears, Illes;Australia;2020T1;416,53
Balears, Illes;Australia;2019T4;417,97
Balears, Illes;Australia;2019T3;483,87
Balears, Illes;Australia;2019T2;395,04
Balears, Illes;Australia;2019T1;413,26
Balears, Illes;Australia;2018T4;408,21
Balears, Illes;Australia;2018T3;489,40
Balears, Illes;Australia;2018T2;416,00
Balears, Illes;Australia;2018T1;510,18
Balears, Illes;China;2025T2;655,61
Balears, Illes;China;2025T1;769,07
Balears, Illes;China;2024T4;658,60
Balears, Illes;China;2024T3;851,35
Balears, Illes;China;2024T2;676,44
Balears, Illes;China;2024T1;1.044,83
Balears, Illes;China;2023T4;823,28
Balears, Illes;China;2023T3;1.031,81
Balears, Illes;China;2023T2;882,66
Balears, Illes;China;2023T1;1.921,35
Balears, Illes;China;2022T4;2.271,58
Balears, Illes;China;2022T3;1.067,09
Balears, Illes;China;2022T2;1.455,84
Balears, Illes;China;2022T1;1.823,39
Balears, Illes;China;2021T4;3.235,89
Balears, Illes;China;2021T3;2.116,02
Balears, Illes;China;2021T2;2.864,26
Balears, Illes;China;2021T1;5.603,26
Balears, Illes;China;2020T4;5.959,40
Balears, Illes;China;2020T3;2.067,40
Balears, Illes;China;2020T2;.
Balears, Illes;China;2020T1;1.155,78
Balears, Illes;China;2019T4;1.250,48
Balears, Illes;China;2019T3;1.332,57
Balears, Illes;China;2019T2;913,60
Balears, Illes;China;2019T1;1.028,03
Balears, Illes;China;2018T4;1.235,11
Balears, Illes;China;2018T3;1.528,93
Balears, Illes;China;2018T2;1.305,32
Balears, Illes;China;2018T1;1.298,71
Balears, Illes;Corea;2025T2;395,52
Balears, Illes;Corea;2025T1;422,52
Balears, Illes;Corea;2024T4;409,05
Balears, Illes;Corea;2024T3;426,62
Balears, Illes;Corea;2024T2;405,72
Balears, Illes;Corea;2024T1;437,84
Balears, Illes;Corea;2023T4;408,24
Balears, Illes;Corea;2023T3;433,37
Balears, Illes;Corea;2023T2;417,07
Balears, Illes;Corea;2023T1;527,72
Balears, Illes;Corea;2022T4;501,89
Balears, Illes;Corea;2022T3;449,98
Balears, Illes;Corea;2022T2;545,39
Balears, Illes;Corea;2022T1;557,43
Balears, Illes;Corea;2021T4;561,07
Balears, Illes;Corea;2021T3;725,34
Balears, Illes;Corea;2021T2;643,42
Balears, Illes;Corea;2021T1;664,57
Balears, Illes;Corea;2020T4;454,46
Balears, Illes;Corea;2020T3;82,08
Balears, Illes;Corea;2020T2;.
Balears, Illes;Corea;2020T1;446,93
Balears, Illes;Corea;2019T4;540,24
Balears, Illes;Corea;2019T3;467,70
Balears, Illes;Corea;2019T2;443,80
Balears, Illes;Corea;2019T1;504,13
Balears, Illes;Corea;2018T4;485,80
Balears, Illes;Corea;2018T3;435,71
Balears, Illes;Corea;2018T2;443,84
Balears, Illes;Corea;2018T1;539,47
Balears, Illes;Emiratos Árabes Unidos;2025T2;1.119,76
Balears, Illes;Emiratos Árabes Unidos;2025T1;1.134,38
Balears, Illes;Emiratos Árabes Unidos;2024T4;1.170,98
Balears, Illes;Emiratos Árabes Unidos;2024T3;1.261,21
Balears, Illes;Emiratos Árabes Unidos;2024T2;1.170,41
Balears, Illes;Emiratos Árabes Unidos;2024T1;1.099,73
Balears, Illes;Emiratos Árabes Unidos;2023T4;1.024,47
Balears, Illes;Emiratos Árabes Unidos;2023T3;1.211,91
Balears, Illes;Emiratos Árabes Unidos;2023T2;1.132,22
Balears, Illes;Emiratos Árabes Unidos;2023T1;1.109,21
Balears, Illes;Emiratos Árabes Unidos;2022T4;1.158,22
Balears, Illes;Emiratos Árabes Unidos;2022T3;1.081,81
Balears, Illes;Emiratos Árabes Unidos;2022T2;1.144,44
Balears, Illes;Emiratos Árabes Unidos;2022T1;1.380,85
Balears, Illes;Emiratos Árabes Unidos;2021T4;1.138,03
Balears, Illes;Emiratos Árabes Unidos;2021T3;1.138,80
Balears, Illes;Emiratos Árabes Unidos;2021T2;1.331,15
Balears, Illes;Emiratos Árabes Unidos;2021T1;1.468,12
Balears, Illes;Emiratos Árabes Unidos;2020T4;1.494,62
Balears, Illes;Emiratos Árabes Unidos;2020T3;1.289,53
Balears, Illes;Emiratos Árabes Unidos;2020T2;.
Balears, Illes;Emiratos Árabes Unidos;2020T1;989,25
Balears, Illes;Emiratos Árabes Unidos;2019T4;937,96
Balears, Illes;Emiratos Árabes Unidos;2019T3;1.126,61
Balears, Illes;Emiratos Árabes Unidos;2019T2;832,97
Balears, Illes;Emiratos Árabes Unidos;2019T1;954,99
Balears, Illes;Emiratos Árabes Unidos;2018T4;998,03
Balears, Illes;Emiratos Árabes Unidos;2018T3;991,66
Balears, Illes;Emiratos Árabes Unidos;2018T2;992,35
Balears, Illes;Emiratos Árabes Unidos;2018T1;756,61
Balears, Illes;Japón;2025T2;.
Balears, Illes;Japón;2025T1;.
Balears, Illes;Japón;2024T4;.
Balears, Illes;Japón;2024T3;.
Balears, Illes;Japón;2024T2;.
Balears, Illes;Japón;2024T1;.
Balears, Illes;Japón;2023T4;.
Balears, Illes;Japón;2023T3;.
Balears, Illes;Japón;2023T2;.
Balears, Illes;Japón;2023T1;.
Balears, Illes;Japón;2022T4;.
Balears, Illes;Japón;2022T3;.
Balears, Illes;Japón;2022T2;.
Balears, Illes;Japón;2022T1;468,31
Balears, Illes;Japón;2021T4;395,96
Balears, Illes;Japón;2021T3;627,86
Balears, Illes;Japón;2021T2;529,30
Balears, Illes;Japón;2021T1;564,35
Balears, Illes;Japón;2020T4;660,75
Balears, Illes;Japón;2020T3;606,19
Balears, Illes;Japón;2020T2;.
Balears, Illes;Japón;2020T1;333,08
Balears, Illes;Japón;2019T4;420,94
Balears, Illes;Japón;2019T3;480,20
Balears, Illes;Japón;2019T2;385,57
Balears, Illes;Japón;2019T1;369,59
Balears, Illes;Japón;2018T4;393,80
Balears, Illes;Japón;2018T3;432,38
Balears, Illes;Japón;2018T2;425,86
Balears, Illes;Japón;2018T1;384,62
Balears, Illes;Turquía;2025T2;696,13
Balears, Illes;Turquía;2025T1;756,52
Balears, Illes;Turquía;2024T4;713,64
Balears, Illes;Turquía;2024T3;762,84
Balears, Illes;Turquía;2024T2;741,28
Balears, Illes;Turquía;2024T1;698,16
Balears, Illes;Turquía;2023T4;690,95
Balears, Illes;Turquía;2023T3;817,80
Balears, Illes;Turquía;2023T2;740,47
Balears, Illes;Turquía;2023T1;702,92
Balears, Illes;Turquía;2022T4;663,70
Balears, Illes;Turquía;2022T3;826,46
Balears, Illes;Turquía;2022T2;684,25
Balears, Illes;Turquía;2022T1;822,48
Balears, Illes;Turquía;2021T4;900,13
Balears, Illes;Turquía;2021T3;1.122,09
Balears, Illes;Turquía;2021T2;941,83
Balears, Illes;Turquía;2021T1;866,57
Balears, Illes;Turquía;2020T4;810,23
Balears, Illes;Turquía;2020T3;952,12
Balears, Illes;Turquía;2020T2;.
Balears, Illes;Turquía;2020T1;476,97
Balears, Illes;Turquía;2019T4;479,31
Balears, Illes;Turquía;2019T3;790,15
Balears, Illes;Turquía;2019T2;627,18
Balears, Illes;Turquía;2019T1;571,61
Balears, Illes;Turquía;2018T4;545,02
Balears, Illes;Turquía;2018T3;690,69
Balears, Illes;Turquía;2018T2;501,87
Balears, Illes;Turquía;2018T1;595,55
Balears, Illes;Resto del mundo;2025T2;717,92
Balears, Illes;Resto del mundo;2025T1;889,40
Balears, Illes;Resto del mundo;2024T4;922,07
Balears, Illes;Resto del mundo;2024T3;897,49
Balears, Illes;Resto del mundo;2024T2;791,96
Balears, Illes;Resto del mundo;2024T1;1.110,08
Balears, Illes;Resto del mundo;2023T4;757,92
Balears, Illes;Resto del mundo;2023T3;857,61
Balears, Illes;Resto del mundo;2023T2;671,32
Balears, Illes;Resto del mundo;2023T1;774,79
Balears, Illes;Resto del mundo;2022T4;737,44
Balears, Illes;Resto del mundo;2022T3;860,75
Balears, Illes;Resto del mundo;2022T2;720,93
Balears, Illes;Resto del mundo;2022T1;969,04
Balears, Illes;Resto del mundo;2021T4;819,05
Balears, Illes;Resto del mundo;2021T3;1.156,75
Balears, Illes;Resto del mundo;2021T2;1.106,50
Balears, Illes;Resto del mundo;2021T1;1.310,93
Balears, Illes;Resto del mundo;2020T4;1.190,49
Balears, Illes;Resto del mundo;2020T3;1.115,84
Balears, Illes;Resto del mundo;2020T2;.
Balears, Illes;Resto del mundo;2020T1;581,35
Balears, Illes;Resto del mundo;2019T4;744,98
Balears, Illes;Resto del mundo;2019T3;882,06
Balears, Illes;Resto del mundo;2019T2;586,34
Balears, Illes;Resto del mundo;2019T1;675,84
Balears, Illes;Resto del mundo;2018T4;607,67
Balears, Illes;Resto del mundo;2018T3;769,11
Balears, Illes;Resto del mundo;2018T2;604,25
Balears, Illes;Resto del mundo;2018T1;651,03
Canarias;Total;2025T2;479,45
Canarias;Total;2025T1;519,96
Canarias;Total;2024T4;492,88
Canarias;Total;2024T3;493,46
Canarias;Total;2024T2;441,88
Canarias;Total;2024T1;529,67
Canarias;Total;2023T4;490,73
Canarias;Total;2023T3;512,26
Canarias;Total;2023T2;472,86
Canarias;Total;2023T1;512,80
Canarias;Total;2022T4;449,65
Canarias;Total;2022T3;457,67
Canarias;Total;2022T2;463,04
Canarias;Total;2022T1;548,03
Canarias;Total;2021T4;470,28
Canarias;Total;2021T3;492,64
Canarias;Total;2021T2;520,13
Canarias;Total;2021T1;642,16
Canarias;Total;2020T4;501,38
Canarias;Total;2020T3;496,78
Canarias;Total;2020T2;.
Canarias;Total;2020T1;432,51
Canarias;Total;2019T4;421,45
Canarias;Total;2019T3;437,40
Canarias;Total;2019T2;400,22
Canarias;Total;2019T1;437,65
Canarias;Total;2018T4;442,71
Canarias;Total;2018T3;418,06
Canarias;Total;2018T2;394,66
Canarias;Total;2018T1;414,20
Canarias;Alemania;2025T2;611,29
Canarias;Alemania;2025T1;645,66
Canarias;Alemania;2024T4;631,22
Canarias;Alemania;2024T3;651,09
Canarias;Alemania;2024T2;579,99
Canarias;Alemania;2024T1;672,57
Canarias;Alemania;2023T4;643,02
Canarias;Alemania;2023T3;684,63
Canarias;Alemania;2023T2;631,35
Canarias;Alemania;2023T1;675,50
Canarias;Alemania;2022T4;600,67
Canarias;Alemania;2022T3;615,13
Canarias;Alemania;2022T2;610,90
Canarias;Alemania;2022T1;700,29
Canarias;Alemania;2021T4;604,78
Canarias;Alemania;2021T3;612,69
Canarias;Alemania;2021T2;634,11
Canarias;Alemania;2021T1;815,77
Canarias;Alemania;2020T4;641,58
Canarias;Alemania;2020T3;644,24
Canarias;Alemania;2020T2;.
Canarias;Alemania;2020T1;627,62
Canarias;Alemania;2019T4;598,95
Canarias;Alemania;2019T3;602,27
Canarias;Alemania;2019T2;564,65
Canarias;Alemania;2019T1;633,41
Canarias;Alemania;2018T4;599,76
Canarias;Alemania;2018T3;527,13
Canarias;Alemania;2018T2;512,33
Canarias;Alemania;2018T1;571,46
Canarias;Andorra;2025T2;615,77
Canarias;Andorra;2025T1;681,44
Canarias;Andorra;2024T4;589,01
Canarias;Andorra;2024T3;734,35
Canarias;Andorra;2024T2;618,98
Canarias;Andorra;2024T1;702,72
Canarias;Andorra;2023T4;689,04
Canarias;Andorra;2023T3;748,94
Canarias;Andorra;2023T2;555,87
Canarias;Andorra;2023T1;622,45
Canarias;Andorra;2022T4;543,27
Canarias;Andorra;2022T3;551,30
Canarias;Andorra;2022T2;582,66
Canarias;Andorra;2022T1;829,43
Canarias;Andorra;2021T4;490,65
Canarias;Andorra;2021T3;546,35
Canarias;Andorra;2021T2;604,13
Canarias;Andorra;2021T1;958,68
Canarias;Andorra;2020T4;619,38
Canarias;Andorra;2020T3;477,58
Canarias;Andorra;2020T2;.
Canarias;Andorra;2020T1;510,47
Canarias;Andorra;2019T4;422,14
Canarias;Andorra;2019T3;462,11
Canarias;Andorra;2019T2;418,81
Canarias;Andorra;2019T1;528,25
Canarias;Andorra;2018T4;434,93
Canarias;Andorra;2018T3;390,76
Canarias;Andorra;2018T2;396,45
Canarias;Andorra;2018T1;428,83
Canarias;Austria;2025T2;596,96
Canarias;Austria;2025T1;670,00
Canarias;Austria;2024T4;677,60
Canarias;Austria;2024T3;633,70
Canarias;Austria;2024T2;564,22
Canarias;Austria;2024T1;685,30
Canarias;Austria;2023T4;672,35
Canarias;Austria;2023T3;667,71
Canarias;Austria;2023T2;638,32
Canarias;Austria;2023T1;694,74
Canarias;Austria;2022T4;625,15
Canarias;Austria;2022T3;575,34
Canarias;Austria;2022T2;590,55
Canarias;Austria;2022T1;701,79
Canarias;Austria;2021T4;620,94
Canarias;Austria;2021T3;579,85
Canarias;Austria;2021T2;593,53
Canarias;Austria;2021T1;783,56
Canarias;Austria;2020T4;630,80
Canarias;Austria;2020T3;624,32
Canarias;Austria;2020T2;.
Canarias;Austria;2020T1;614,23
Canarias;Austria;2019T4;599,02
Canarias;Austria;2019T3;572,39
Canarias;Austria;2019T2;549,87
Canarias;Austria;2019T1;618,95
Canarias;Austria;2018T4;637,88
Canarias;Austria;2018T3;522,76
Canarias;Austria;2018T2;513,05
Canarias;Austria;2018T1;571,93
Canarias;Bélgica;2025T2;631,13
Canarias;Bélgica;2025T1;650,19
Canarias;Bélgica;2024T4;633,80
Canarias;Bélgica;2024T3;620,92
Canarias;Bélgica;2024T2;579,69
Canarias;Bélgica;2024T1;643,14
Canarias;Bélgica;2023T4;619,14
Canarias;Bélgica;2023T3;622,67
Canarias;Bélgica;2023T2;591,53
Canarias;Bélgica;2023T1;610,71
Canarias;Bélgica;2022T4;554,41
Canarias;Bélgica;2022T3;553,96
Canarias;Bélgica;2022T2;560,57
Canarias;Bélgica;2022T1;639,05
Canarias;Bélgica;2021T4;549,11
Canarias;Bélgica;2021T3;544,47
Canarias;Bélgica;2021T2;576,73
Canarias;Bélgica;2021T1;634,45
Canarias;Bélgica;2020T4;531,39
Canarias;Bélgica;2020T3;532,62
Canarias;Bélgica;2020T2;.
Canarias;Bélgica;2020T1;504,09
Canarias;Bélgica;2019T4;496,77
Canarias;Bélgica;2019T3;465,63
Canarias;Bélgica;2019T2;458,61
Canarias;Bélgica;2019T1;505,79
Canarias;Bélgica;2018T4;508,36
Canarias;Bélgica;2018T3;419,29
Canarias;Bélgica;2018T2;432,79
Canarias;Bélgica;2018T1;466,13
Canarias;Dinamarca;2025T2;430,20
Canarias;Dinamarca;2025T1;486,16
Canarias;Dinamarca;2024T4;451,89
Canarias;Dinamarca;2024T3;478,89
Canarias;Dinamarca;2024T2;383,76
Canarias;Dinamarca;2024T1;487,06
Canarias;Dinamarca;2023T4;438,02
Canarias;Dinamarca;2023T3;478,39
Canarias;Dinamarca;2023T2;411,58
Canarias;Dinamarca;2023T1;460,75
Canarias;Dinamarca;2022T4;376,59
Canarias;Dinamarca;2022T3;402,63
Canarias;Dinamarca;2022T2;363,27
Canarias;Dinamarca;2022T1;457,68
Canarias;Dinamarca;2021T4;383,74
Canarias;Dinamarca;2021T3;389,41
Canarias;Dinamarca;2021T2;369,24
Canarias;Dinamarca;2021T1;524,88
Canarias;Dinamarca;2020T4;424,41
Canarias;Dinamarca;2020T3;473,71
Canarias;Dinamarca;2020T2;.
Canarias;Dinamarca;2020T1;336,96
Canarias;Dinamarca;2019T4;320,85
Canarias;Dinamarca;2019T3;319,72
Canarias;Dinamarca;2019T2;273,97
Canarias;Dinamarca;2019T1;332,06
Canarias;Dinamarca;2018T4;325,32
Canarias;Dinamarca;2018T3;295,62
Canarias;Dinamarca;2018T2;263,52
Canarias;Dinamarca;2018T1;297,59
Canarias;Finlandia;2025T2;335,24
Canarias;Finlandia;2025T1;363,71
Canarias;Finlandia;2024T4;361,32
Canarias;Finlandia;2024T3;405,43
Canarias;Finlandia;2024T2;297,54
Canarias;Finlandia;2024T1;358,06
Canarias;Finlandia;2023T4;348,01
Canarias;Finlandia;2023T3;398,51
Canarias;Finlandia;2023T2;313,42
Canarias;Finlandia;2023T1;346,04
Canarias;Finlandia;2022T4;307,64
Canarias;Finlandia;2022T3;341,35
Canarias;Finlandia;2022T2;311,54
Canarias;Finlandia;2022T1;338,95
Canarias;Finlandia;2021T4;293,56
Canarias;Finlandia;2021T3;373,40
Canarias;Finlandia;2021T2;399,83
Canarias;Finlandia;2021T1;484,22
Canarias;Finlandia;2020T4;374,29
Canarias;Finlandia;2020T3;401,99
Canarias;Finlandia;2020T2;.
Canarias;Finlandia;2020T1;271,93
Canarias;Finlandia;2019T4;262,46
Canarias;Finlandia;2019T3;301,42
Canarias;Finlandia;2019T2;237,95
Canarias;Finlandia;2019T1;276,95
Canarias;Finlandia;2018T4;286,52
Canarias;Finlandia;2018T3;314,54
Canarias;Finlandia;2018T2;239,88
Canarias;Finlandia;2018T1;267,08
Canarias;Francia;2025T2;533,90
Canarias;Francia;2025T1;595,30
Canarias;Francia;2024T4;556,64
Canarias;Francia;2024T3;553,49
Canarias;Francia;2024T2;503,08
Canarias;Francia;2024T1;602,11
Canarias;Francia;2023T4;547,68
Canarias;Francia;2023T3;578,22
Canarias;Francia;2023T2;518,56
Canarias;Francia;2023T1;572,40
Canarias;Francia;2022T4;492,31
Canarias;Francia;2022T3;491,45
Canarias;Francia;2022T2;482,16
Canarias;Francia;2022T1;577,32
Canarias;Francia;2021T4;482,47
Canarias;Francia;2021T3;478,33
Canarias;Francia;2021T2;510,36
Canarias;Francia;2021T1;640,96
Canarias;Francia;2020T4;485,45
Canarias;Francia;2020T3;482,89
Canarias;Francia;2020T2;.
Canarias;Francia;2020T1;404,24
Canarias;Francia;2019T4;383,11
Canarias;Francia;2019T3;372,85
Canarias;Francia;2019T2;339,34
Canarias;Francia;2019T1;398,55
Canarias;Francia;2018T4;379,37
Canarias;Francia;2018T3;322,48
Canarias;Francia;2018T2;311,04
Canarias;Francia;2018T1;356,06
Canarias;Irlanda;2025T2;489,08
Canarias;Irlanda;2025T1;553,46
Canarias;Irlanda;2024T4;502,92
Canarias;Irlanda;2024T3;477,86
Canarias;Irlanda;2024T2;440,02
Canarias;Irlanda;2024T1;569,93
Canarias;Irlanda;2023T4;495,51
Canarias;Irlanda;2023T3;487,61
Canarias;Irlanda;2023T2;463,71
Canarias;Irlanda;2023T1;542,51
Canarias;Irlanda;2022T4;456,79
Canarias;Irlanda;2022T3;434,57
Canarias;Irlanda;2022T2;466,95
Canarias;Irlanda;2022T1;578,08
Canarias;Irlanda;2021T4;474,72
Canarias;Irlanda;2021T3;451,77
Canarias;Irlanda;2021T2;393,20
Canarias;Irlanda;2021T1;556,60
Canarias;Irlanda;2020T4;447,99
Canarias;Irlanda;2020T3;467,88
Canarias;Irlanda;2020T2;.
Canarias;Irlanda;2020T1;520,08
Canarias;Irlanda;2019T4;489,75
Canarias;Irlanda;2019T3;528,06
Canarias;Irlanda;2019T2;483,36
Canarias;Irlanda;2019T1;581,25
Canarias;Irlanda;2018T4;559,22
Canarias;Irlanda;2018T3;537,81
Canarias;Irlanda;2018T2;500,92
Canarias;Irlanda;2018T1;562,77
Canarias;Italia;2025T2;437,49
Canarias;Italia;2025T1;466,80
Canarias;Italia;2024T4;428,34
Canarias;Italia;2024T3;451,89
Canarias;Italia;2024T2;417,16
Canarias;Italia;2024T1;491,74
Canarias;Italia;2023T4;436,12
Canarias;Italia;2023T3;479,11
Canarias;Italia;2023T2;439,93
Canarias;Italia;2023T1;480,30
Canarias;Italia;2022T4;396,60
Canarias;Italia;2022T3;429,88
Canarias;Italia;2022T2;424,84
Canarias;Italia;2022T1;497,11
Canarias;Italia;2021T4;414,81
Canarias;Italia;2021T3;441,96
Canarias;Italia;2021T2;429,12
Canarias;Italia;2021T1;528,91
Canarias;Italia;2020T4;403,72
Canarias;Italia;2020T3;464,70
Canarias;Italia;2020T2;.
Canarias;Italia;2020T1;416,73
Canarias;Italia;2019T4;381,93
Canarias;Italia;2019T3;416,91
Canarias;Italia;2019T2;383,26
Canarias;Italia;2019T1;440,78
Canarias;Italia;2018T4;417,69
Canarias;Italia;2018T3;388,83
Canarias;Italia;2018T2;374,79
Canarias;Italia;2018T1;407,75
Canarias;Noruega;2025T2;419,47
Canarias;Noruega;2025T1;448,83
Canarias;Noruega;2024T4;437,72
Canarias;Noruega;2024T3;484,78
Canarias;Noruega;2024T2;387,61
Canarias;Noruega;2024T1;452,51
Canarias;Noruega;2023T4;428,07
Canarias;Noruega;2023T3;495,73
Canarias;Noruega;2023T2;422,02
Canarias;Noruega;2023T1;455,11
Canarias;Noruega;2022T4;410,77
Canarias;Noruega;2022T3;472,72
Canarias;Noruega;2022T2;412,32
Canarias;Noruega;2022T1;491,98
Canarias;Noruega;2021T4;452,90
Canarias;Noruega;2021T3;528,14
Canarias;Noruega;2021T2;593,52
Canarias;Noruega;2021T1;729,52
Canarias;Noruega;2020T4;529,17
Canarias;Noruega;2020T3;559,07
Canarias;Noruega;2020T2;.
Canarias;Noruega;2020T1;381,72
Canarias;Noruega;2019T4;370,34
Canarias;Noruega;2019T3;382,84
Canarias;Noruega;2019T2;335,43
Canarias;Noruega;2019T1;385,26
Canarias;Noruega;2018T4;381,72
Canarias;Noruega;2018T3;353,72
Canarias;Noruega;2018T2;326,79
Canarias;Noruega;2018T1;357,72
Canarias;Países Bajos;2025T2;446,86
Canarias;Países Bajos;2025T1;457,77
Canarias;Países Bajos;2024T4;432,58
Canarias;Países Bajos;2024T3;440,49
Canarias;Países Bajos;2024T2;412,93
Canarias;Países Bajos;2024T1;466,83
Canarias;Países Bajos;2023T4;423,97
Canarias;Países Bajos;2023T3;424,22
Canarias;Países Bajos;2023T2;408,64
Canarias;Países Bajos;2023T1;418,02
Canarias;Países Bajos;2022T4;356,43
Canarias;Países Bajos;2022T3;347,06
Canarias;Países Bajos;2022T2;374,24
Canarias;Países Bajos;2022T1;417,11
Canarias;Países Bajos;2021T4;342,39
Canarias;Países Bajos;2021T3;357,61
Canarias;Países Bajos;2021T2;393,95
Canarias;Países Bajos;2021T1;514,82
Canarias;Países Bajos;2020T4;389,46
Canarias;Países Bajos;2020T3;343,12
Canarias;Países Bajos;2020T2;.
Canarias;Países Bajos;2020T1;321,24
Canarias;Países Bajos;2019T4;322,15
Canarias;Países Bajos;2019T3;310,17
Canarias;Países Bajos;2019T2;302,99
Canarias;Países Bajos;2019T1;341,22
Canarias;Países Bajos;2018T4;345,53
Canarias;Países Bajos;2018T3;289,02
Canarias;Países Bajos;2018T2;299,32
Canarias;Países Bajos;2018T1;323,19
Canarias;Polonia;2025T2;385,13
Canarias;Polonia;2025T1;417,22
Canarias;Polonia;2024T4;376,37
Canarias;Polonia;2024T3;393,56
Canarias;Polonia;2024T2;349,31
Canarias;Polonia;2024T1;403,77
Canarias;Polonia;2023T4;351,31
Canarias;Polonia;2023T3;384,92
Canarias;Polonia;2023T2;353,31
Canarias;Polonia;2023T1;363,51
Canarias;Polonia;2022T4;298,76
Canarias;Polonia;2022T3;325,33
Canarias;Polonia;2022T2;323,41
Canarias;Polonia;2022T1;382,24
Canarias;Polonia;2021T4;312,96
Canarias;Polonia;2021T3;327,34
Canarias;Polonia;2021T2;377,75
Canarias;Polonia;2021T1;470,79
Canarias;Polonia;2020T4;368,55
Canarias;Polonia;2020T3;351,60
Canarias;Polonia;2020T2;.
Canarias;Polonia;2020T1;284,59
Canarias;Polonia;2019T4;264,74
Canarias;Polonia;2019T3;292,67
Canarias;Polonia;2019T2;265,59
Canarias;Polonia;2019T1;275,95
Canarias;Polonia;2018T4;270,35
Canarias;Polonia;2018T3;253,92
Canarias;Polonia;2018T2;256,09
Canarias;Polonia;2018T1;262,92
Canarias;Portugal;2025T2;512,66
Canarias;Portugal;2025T1;459,85
Canarias;Portugal;2024T4;444,73
Canarias;Portugal;2024T3;608,89
Canarias;Portugal;2024T2;487,03
Canarias;Portugal;2024T1;493,60
Canarias;Portugal;2023T4;455,92
Canarias;Portugal;2023T3;617,52
Canarias;Portugal;2023T2;495,33
Canarias;Portugal;2023T1;462,84
Canarias;Portugal;2022T4;419,37
Canarias;Portugal;2022T3;545,70
Canarias;Portugal;2022T2;463,54
Canarias;Portugal;2022T1;466,63
Canarias;Portugal;2021T4;384,97
Canarias;Portugal;2021T3;516,02
Canarias;Portugal;2021T2;442,84
Canarias;Portugal;2021T1;476,50
Canarias;Portugal;2020T4;386,82
Canarias;Portugal;2020T3;449,01
Canarias;Portugal;2020T2;.
Canarias;Portugal;2020T1;350,59
Canarias;Portugal;2019T4;356,06
Canarias;Portugal;2019T3;409,06
Canarias;Portugal;2019T2;356,62
Canarias;Portugal;2019T1;372,38
Canarias;Portugal;2018T4;362,22
Canarias;Portugal;2018T3;358,23
Canarias;Portugal;2018T2;316,47
Canarias;Portugal;2018T1;360,64
Canarias;Reino Unido;2025T2;424,62
Canarias;Reino Unido;2025T1;488,53
Canarias;Reino Unido;2024T4;445,73
Canarias;Reino Unido;2024T3;434,01
Canarias;Reino Unido;2024T2;384,36
Canarias;Reino Unido;2024T1;498,13
Canarias;Reino Unido;2023T4;448,57
Canarias;Reino Unido;2023T3;454,80
Canarias;Reino Unido;2023T2;419,45
Canarias;Reino Unido;2023T1;487,69
Canarias;Reino Unido;2022T4;416,52
Canarias;Reino Unido;2022T3;415,76
Canarias;Reino Unido;2022T2;430,01
Canarias;Reino Unido;2022T1;557,62
Canarias;Reino Unido;2021T4;461,05
Canarias;Reino Unido;2021T3;502,05
Canarias;Reino Unido;2021T2;501,15
Canarias;Reino Unido;2021T1;570,60
Canarias;Reino Unido;2020T4;472,76
Canarias;Reino Unido;2020T3;461,61
Canarias;Reino Unido;2020T2;.
Canarias;Reino Unido;2020T1;463,59
Canarias;Reino Unido;2019T4;437,49
Canarias;Reino Unido;2019T3;436,33
Canarias;Reino Unido;2019T2;397,39
Canarias;Reino Unido;2019T1;469,84
Canarias;Reino Unido;2018T4;472,68
Canarias;Reino Unido;2018T3;446,78
Canarias;Reino Unido;2018T2;418,48
Canarias;Reino Unido;2018T1;479,21
Canarias;Rumanía;2025T2;438,76
Canarias;Rumanía;2025T1;439,73
Canarias;Rumanía;2024T4;405,59
Canarias;Rumanía;2024T3;473,62
Canarias;Rumanía;2024T2;395,66
Canarias;Rumanía;2024T1;437,83
Canarias;Rumanía;2023T4;397,23
Canarias;Rumanía;2023T3;478,15
Canarias;Rumanía;2023T2;410,80
Canarias;Rumanía;2023T1;422,99
Canarias;Rumanía;2022T4;361,22
Canarias;Rumanía;2022T3;435,06
Canarias;Rumanía;2022T2;430,51
Canarias;Rumanía;2022T1;439,59
Canarias;Rumanía;2021T4;373,31
Canarias;Rumanía;2021T3;440,28
Canarias;Rumanía;2021T2;443,84
Canarias;Rumanía;2021T1;531,79
Canarias;Rumanía;2020T4;394,91
Canarias;Rumanía;2020T3;429,84
Canarias;Rumanía;2020T2;.
Canarias;Rumanía;2020T1;358,56
Canarias;Rumanía;2019T4;328,99
Canarias;Rumanía;2019T3;374,77
Canarias;Rumanía;2019T2;350,95
Canarias;Rumanía;2019T1;370,73
Canarias;Rumanía;2018T4;393,21
Canarias;Rumanía;2018T3;400,53
Canarias;Rumanía;2018T2;355,77
Canarias;Rumanía;2018T1;383,27
Canarias;Rusia;2025T2;.
Canarias;Rusia;2025T1;.
Canarias;Rusia;2024T4;.
Canarias;Rusia;2024T3;.
Canarias;Rusia;2024T2;.
Canarias;Rusia;2024T1;.
Canarias;Rusia;2023T4;.
Canarias;Rusia;2023T3;.
Canarias;Rusia;2023T2;.
Canarias;Rusia;2023T1;.
Canarias;Rusia;2022T4;.
Canarias;Rusia;2022T3;.
Canarias;Rusia;2022T2;.
Canarias;Rusia;2022T1;829,28
Canarias;Rusia;2021T4;447,93
Canarias;Rusia;2021T3;489,66
Canarias;Rusia;2021T2;492,03
Canarias;Rusia;2021T1;577,78
Canarias;Rusia;2020T4;444,27
Canarias;Rusia;2020T3;469,14
Canarias;Rusia;2020T2;.
Canarias;Rusia;2020T1;351,25
Canarias;Rusia;2019T4;344,09
Canarias;Rusia;2019T3;386,41
Canarias;Rusia;2019T2;328,01
Canarias;Rusia;2019T1;340,08
Canarias;Rusia;2018T4;350,29
Canarias;Rusia;2018T3;378,31
Canarias;Rusia;2018T2;325,54
Canarias;Rusia;2018T1;343,82
Canarias;Suecia;2025T2;390,53
Canarias;Suecia;2025T1;429,08
Canarias;Suecia;2024T4;419,23
Canarias;Suecia;2024T3;415,23
Canarias;Suecia;2024T2;343,35
Canarias;Suecia;2024T1;413,33
Canarias;Suecia;2023T4;400,02
Canarias;Suecia;2023T3;409,78
Canarias;Suecia;2023T2;358,74
Canarias;Suecia;2023T1;405,20
Canarias;Suecia;2022T4;377,28
Canarias;Suecia;2022T3;371,55
Canarias;Suecia;2022T2;346,39
Canarias;Suecia;2022T1;439,40
Canarias;Suecia;2021T4;391,34
Canarias;Suecia;2021T3;383,71
Canarias;Suecia;2021T2;404,10
Canarias;Suecia;2021T1;503,95
Canarias;Suecia;2020T4;388,51
Canarias;Suecia;2020T3;444,20
Canarias;Suecia;2020T2;.
Canarias;Suecia;2020T1;312,96
Canarias;Suecia;2019T4;309,68
Canarias;Suecia;2019T3;300,00
Canarias;Suecia;2019T2;258,07
Canarias;Suecia;2019T1;299,05
Canarias;Suecia;2018T4;307,59
Canarias;Suecia;2018T3;283,78
Canarias;Suecia;2018T2;247,13
Canarias;Suecia;2018T1;273,62
Canarias;Suiza;2025T2;760,54
Canarias;Suiza;2025T1;798,84
Canarias;Suiza;2024T4;792,40
Canarias;Suiza;2024T3;809,00
Canarias;Suiza;2024T2;720,69
Canarias;Suiza;2024T1;861,16
Canarias;Suiza;2023T4;820,20
Canarias;Suiza;2023T3;859,89
Canarias;Suiza;2023T2;794,05
Canarias;Suiza;2023T1;847,98
Canarias;Suiza;2022T4;763,56
Canarias;Suiza;2022T3;790,16
Canarias;Suiza;2022T2;798,82
Canarias;Suiza;2022T1;899,73
Canarias;Suiza;2021T4;784,59
Canarias;Suiza;2021T3;828,76
Canarias;Suiza;2021T2;876,54
Canarias;Suiza;2021T1;1.050,91
Canarias;Suiza;2020T4;817,27
Canarias;Suiza;2020T3;825,36
Canarias;Suiza;2020T2;.
Canarias;Suiza;2020T1;793,24
Canarias;Suiza;2019T4;763,45
Canarias;Suiza;2019T3;772,70
Canarias;Suiza;2019T2;707,91
Canarias;Suiza;2019T1;799,72
Canarias;Suiza;2018T4;772,28
Canarias;Suiza;2018T3;703,17
Canarias;Suiza;2018T2;662,89
Canarias;Suiza;2018T1;749,66
Canarias;Otros Países Europeos;2025T2;485,29
Canarias;Otros Países Europeos;2025T1;510,92
Canarias;Otros Países Europeos;2024T4;493,15
Canarias;Otros Países Europeos;2024T3;529,16
Canarias;Otros Países Europeos;2024T2;443,30
Canarias;Otros Países Europeos;2024T1;520,59
Canarias;Otros Países Europeos;2023T4;480,59
Canarias;Otros Países Europeos;2023T3;534,89
Canarias;Otros Países Europeos;2023T2;466,64
Canarias;Otros Países Europeos;2023T1;486,33
Canarias;Otros Países Europeos;2022T4;436,22
Canarias;Otros Países Europeos;2022T3;472,01
Canarias;Otros Países Europeos;2022T2;435,40
Canarias;Otros Países Europeos;2022T1;508,77
Canarias;Otros Países Europeos;2021T4;431,84
Canarias;Otros Países Europeos;2021T3;450,91
Canarias;Otros Países Europeos;2021T2;459,30
Canarias;Otros Países Europeos;2021T1;570,60
Canarias;Otros Países Europeos;2020T4;437,70
Canarias;Otros Países Europeos;2020T3;437,75
Canarias;Otros Países Europeos;2020T2;.
Canarias;Otros Países Europeos;2020T1;363,37
Canarias;Otros Países Europeos;2019T4;344,58
Canarias;Otros Países Europeos;2019T3;368,23
Canarias;Otros Países Europeos;2019T2;327,43
Canarias;Otros Países Europeos;2019T1;356,71
Canarias;Otros Países Europeos;2018T4;358,58
Canarias;Otros Países Europeos;2018T3;353,15
Canarias;Otros Países Europeos;2018T2;320,32
Canarias;Otros Países Europeos;2018T1;345,36
Canarias;Argentina;2025T2;467,38
Canarias;Argentina;2025T1;429,67
Canarias;Argentina;2024T4;412,91
Canarias;Argentina;2024T3;384,38
Canarias;Argentina;2024T2;352,10
Canarias;Argentina;2024T1;313,99
Canarias;Argentina;2023T4;290,81
Canarias;Argentina;2023T3;348,08
Canarias;Argentina;2023T2;310,22
Canarias;Argentina;2023T1;306,50
Canarias;Argentina;2022T4;255,81
Canarias;Argentina;2022T3;310,04
Canarias;Argentina;2022T2;291,67
Canarias;Argentina;2022T1;303,94
Canarias;Argentina;2021T4;269,49
Canarias;Argentina;2021T3;265,12
Canarias;Argentina;2021T2;276,95
Canarias;Argentina;2021T1;293,10
Canarias;Argentina;2020T4;228,25
Canarias;Argentina;2020T3;262,71
Canarias;Argentina;2020T2;.
Canarias;Argentina;2020T1;190,61
Canarias;Argentina;2019T4;219,56
Canarias;Argentina;2019T3;242,34
Canarias;Argentina;2019T2;220,23
Canarias;Argentina;2019T1;233,47
Canarias;Argentina;2018T4;226,08
Canarias;Argentina;2018T3;240,76
Canarias;Argentina;2018T2;233,94
Canarias;Argentina;2018T1;267,30
Canarias;Brasil;2025T2;406,18
Canarias;Brasil;2025T1;380,88
Canarias;Brasil;2024T4;445,05
Canarias;Brasil;2024T3;479,24
Canarias;Brasil;2024T2;474,18
Canarias;Brasil;2024T1;448,52
Canarias;Brasil;2023T4;513,36
Canarias;Brasil;2023T3;473,23
Canarias;Brasil;2023T2;510,11
Canarias;Brasil;2023T1;415,27
Canarias;Brasil;2022T4;433,95
Canarias;Brasil;2022T3;511,27
Canarias;Brasil;2022T2;463,59
Canarias;Brasil;2022T1;634,37
Canarias;Brasil;2021T4;455,13
Canarias;Brasil;2021T3;678,50
Canarias;Brasil;2021T2;706,54
Canarias;Brasil;2021T1;826,10
Canarias;Brasil;2020T4;664,81
Canarias;Brasil;2020T3;651,52
Canarias;Brasil;2020T2;.
Canarias;Brasil;2020T1;419,36
Canarias;Brasil;2019T4;435,29
Canarias;Brasil;2019T3;385,19
Canarias;Brasil;2019T2;409,70
Canarias;Brasil;2019T1;505,61
Canarias;Brasil;2018T4;454,02
Canarias;Brasil;2018T3;401,04
Canarias;Brasil;2018T2;373,70
Canarias;Brasil;2018T1;393,22
Canarias;Canadá;2025T2;510,60
Canarias;Canadá;2025T1;545,13
Canarias;Canadá;2024T4;521,51
Canarias;Canadá;2024T3;629,28
Canarias;Canadá;2024T2;469,25
Canarias;Canadá;2024T1;529,14
Canarias;Canadá;2023T4;505,67
Canarias;Canadá;2023T3;611,62
Canarias;Canadá;2023T2;501,77
Canarias;Canadá;2023T1;515,77
Canarias;Canadá;2022T4;467,95
Canarias;Canadá;2022T3;570,39
Canarias;Canadá;2022T2;498,39
Canarias;Canadá;2022T1;582,45
Canarias;Canadá;2021T4;551,17
Canarias;Canadá;2021T3;584,22
Canarias;Canadá;2021T2;718,59
Canarias;Canadá;2021T1;628,06
Canarias;Canadá;2020T4;520,33
Canarias;Canadá;2020T3;558,93
Canarias;Canadá;2020T2;.
Canarias;Canadá;2020T1;379,48
Canarias;Canadá;2019T4;385,55
Canarias;Canadá;2019T3;445,16
Canarias;Canadá;2019T2;378,00
Canarias;Canadá;2019T1;373,06
Canarias;Canadá;2018T4;393,37
Canarias;Canadá;2018T3;413,25
Canarias;Canadá;2018T2;341,50
Canarias;Canadá;2018T1;342,27
Canarias;Chile;2025T2;455,46
Canarias;Chile;2025T1;422,64
Canarias;Chile;2024T4;425,56
Canarias;Chile;2024T3;515,06
Canarias;Chile;2024T2;418,08
Canarias;Chile;2024T1;439,89
Canarias;Chile;2023T4;413,82
Canarias;Chile;2023T3;602,09
Canarias;Chile;2023T2;468,65
Canarias;Chile;2023T1;471,77
Canarias;Chile;2022T4;383,74
Canarias;Chile;2022T3;469,31
Canarias;Chile;2022T2;442,16
Canarias;Chile;2022T1;559,93
Canarias;Chile;2021T4;453,95
Canarias;Chile;2021T3;508,78
Canarias;Chile;2021T2;630,20
Canarias;Chile;2021T1;685,81
Canarias;Chile;2020T4;445,80
Canarias;Chile;2020T3;566,58
Canarias;Chile;2020T2;.
Canarias;Chile;2020T1;329,17
Canarias;Chile;2019T4;399,87
Canarias;Chile;2019T3;429,93
Canarias;Chile;2019T2;317,03
Canarias;Chile;2019T1;358,72
Canarias;Chile;2018T4;405,83
Canarias;Chile;2018T3;392,15
Canarias;Chile;2018T2;386,59
Canarias;Chile;2018T1;390,96
Canarias;Colombia;2025T2;480,09
Canarias;Colombia;2025T1;500,14
Canarias;Colombia;2024T4;455,11
Canarias;Colombia;2024T3;532,20
Canarias;Colombia;2024T2;455,78
Canarias;Colombia;2024T1;522,26
Canarias;Colombia;2023T4;486,47
Canarias;Colombia;2023T3;565,58
Canarias;Colombia;2023T2;517,54
Canarias;Colombia;2023T1;491,94
Canarias;Colombia;2022T4;448,80
Canarias;Colombia;2022T3;541,38
Canarias;Colombia;2022T2;491,79
Canarias;Colombia;2022T1;599,35
Canarias;Colombia;2021T4;523,91
Canarias;Colombia;2021T3;715,08
Canarias;Colombia;2021T2;778,05
Canarias;Colombia;2021T1;823,04
Canarias;Colombia;2020T4;628,91
Canarias;Colombia;2020T3;650,73
Canarias;Colombia;2020T2;.
Canarias;Colombia;2020T1;452,94
Canarias;Colombia;2019T4;483,58
Canarias;Colombia;2019T3;549,89
Canarias;Colombia;2019T2;473,66
Canarias;Colombia;2019T1;468,31
Canarias;Colombia;2018T4;515,79
Canarias;Colombia;2018T3;493,75
Canarias;Colombia;2018T2;373,09
Canarias;Colombia;2018T1;476,42
Canarias;Estados Unidos de América;2025T2;579,08
Canarias;Estados Unidos de América;2025T1;606,93
Canarias;Estados Unidos de América;2024T4;588,04
Canarias;Estados Unidos de América;2024T3;727,96
Canarias;Estados Unidos de América;2024T2;565,94
Canarias;Estados Unidos de América;2024T1;650,49
Canarias;Estados Unidos de América;2023T4;616,69
Canarias;Estados Unidos de América;2023T3;760,36
Canarias;Estados Unidos de América;2023T2;591,95
Canarias;Estados Unidos de América;2023T1;581,53
Canarias;Estados Unidos de América;2022T4;544,96
Canarias;Estados Unidos de América;2022T3;648,42
Canarias;Estados Unidos de América;2022T2;556,61
Canarias;Estados Unidos de América;2022T1;658,49
Canarias;Estados Unidos de América;2021T4;564,43
Canarias;Estados Unidos de América;2021T3;641,75
Canarias;Estados Unidos de América;2021T2;681,76
Canarias;Estados Unidos de América;2021T1;825,76
Canarias;Estados Unidos de América;2020T4;636,51
Canarias;Estados Unidos de América;2020T3;666,04
Canarias;Estados Unidos de América;2020T2;.
Canarias;Estados Unidos de América;2020T1;473,06
Canarias;Estados Unidos de América;2019T4;465,20
Canarias;Estados Unidos de América;2019T3;533,27
Canarias;Estados Unidos de América;2019T2;429,55
Canarias;Estados Unidos de América;2019T1;484,74
Canarias;Estados Unidos de América;2018T4;556,49
Canarias;Estados Unidos de América;2018T3;591,33
Canarias;Estados Unidos de América;2018T2;467,53
Canarias;Estados Unidos de América;2018T1;493,62
Canarias;México;2025T2;463,14
Canarias;México;2025T1;469,20
Canarias;México;2024T4;434,49
Canarias;México;2024T3;514,63
Canarias;México;2024T2;428,53
Canarias;México;2024T1;483,21
Canarias;México;2023T4;488,34
Canarias;México;2023T3;548,53
Canarias;México;2023T2;484,88
Canarias;México;2023T1;450,15
Canarias;México;2022T4;446,14
Canarias;México;2022T3;514,86
Canarias;México;2022T2;488,15
Canarias;México;2022T1;497,30
Canarias;México;2021T4;426,31
Canarias;México;2021T3;547,03
Canarias;México;2021T2;578,30
Canarias;México;2021T1;695,69
Canarias;México;2020T4;526,51
Canarias;México;2020T3;472,80
Canarias;México;2020T2;.
Canarias;México;2020T1;353,00
Canarias;México;2019T4;343,32
Canarias;México;2019T3;360,14
Canarias;México;2019T2;337,97
Canarias;México;2019T1;337,52
Canarias;México;2018T4;354,60
Canarias;México;2018T3;402,04
Canarias;México;2018T2;301,89
Canarias;México;2018T1;317,07
Canarias;Resto de América;2025T2;547,46
Canarias;Resto de América;2025T1;557,30
Canarias;Resto de América;2024T4;535,72
Canarias;Resto de América;2024T3;618,93
Canarias;Resto de América;2024T2;519,77
Canarias;Resto de América;2024T1;599,62
Canarias;Resto de América;2023T4;563,12
Canarias;Resto de América;2023T3;684,45
Canarias;Resto de América;2023T2;554,10
Canarias;Resto de América;2023T1;555,05
Canarias;Resto de América;2022T4;487,01
Canarias;Resto de América;2022T3;587,61
Canarias;Resto de América;2022T2;558,56
Canarias;Resto de América;2022T1;651,35
Canarias;Resto de América;2021T4;542,59
Canarias;Resto de América;2021T3;628,05
Canarias;Resto de América;2021T2;658,48
Canarias;Resto de América;2021T1;824,15
Canarias;Resto de América;2020T4;604,85
Canarias;Resto de América;2020T3;617,03
Canarias;Resto de América;2020T2;.
Canarias;Resto de América;2020T1;505,03
Canarias;Resto de América;2019T4;443,91
Canarias;Resto de América;2019T3;483,33
Canarias;Resto de América;2019T2;439,36
Canarias;Resto de América;2019T1;419,69
Canarias;Resto de América;2018T4;422,32
Canarias;Resto de América;2018T3;441,09
Canarias;Resto de América;2018T2;425,01
Canarias;Resto de América;2018T1;444,75
Canarias;Australia;2025T2;436,26
Canarias;Australia;2025T1;401,97
Canarias;Australia;2024T4;396,01
Canarias;Australia;2024T3;471,95
Canarias;Australia;2024T2;397,62
Canarias;Australia;2024T1;461,80
Canarias;Australia;2023T4;441,84
Canarias;Australia;2023T3;496,69
Canarias;Australia;2023T2;454,12
Canarias;Australia;2023T1;419,93
Canarias;Australia;2022T4;376,27
Canarias;Australia;2022T3;476,52
Canarias;Australia;2022T2;425,36
Canarias;Australia;2022T1;470,66
Canarias;Australia;2021T4;429,33
Canarias;Australia;2021T3;491,35
Canarias;Australia;2021T2;520,35
Canarias;Australia;2021T1;547,03
Canarias;Australia;2020T4;426,75
Canarias;Australia;2020T3;422,97
Canarias;Australia;2020T2;.
Canarias;Australia;2020T1;401,01
Canarias;Australia;2019T4;415,07
Canarias;Australia;2019T3;443,57
Canarias;Australia;2019T2;377,26
Canarias;Australia;2019T1;407,95
Canarias;Australia;2018T4;424,23
Canarias;Australia;2018T3;444,83
Canarias;Australia;2018T2;410,80
Canarias;Australia;2018T1;415,44
Canarias;China;2025T2;615,20
Canarias;China;2025T1;739,27
Canarias;China;2024T4;651,08
Canarias;China;2024T3;994,30
Canarias;China;2024T2;796,70
Canarias;China;2024T1;836,93
Canarias;China;2023T4;752,36
Canarias;China;2023T3;863,56
Canarias;China;2023T2;788,77
Canarias;China;2023T1;739,76
Canarias;China;2022T4;776,92
Canarias;China;2022T3;925,26
Canarias;China;2022T2;799,02
Canarias;China;2022T1;852,04
Canarias;China;2021T4;928,69
Canarias;China;2021T3;821,09
Canarias;China;2021T2;1.025,31
Canarias;China;2021T1;1.390,84
Canarias;China;2020T4;896,38
Canarias;China;2020T3;1.058,74
Canarias;China;2020T2;.
Canarias;China;2020T1;530,17
Canarias;China;2019T4;721,43
Canarias;China;2019T3;1.040,67
Canarias;China;2019T2;1.007,03
Canarias;China;2019T1;663,73
Canarias;China;2018T4;681,27
Canarias;China;2018T3;691,84
Canarias;China;2018T2;661,69
Canarias;China;2018T1;802,90
Canarias;Corea;2025T2;.
Canarias;Corea;2025T1;465,19
Canarias;Corea;2024T4;523,10
Canarias;Corea;2024T3;.
Canarias;Corea;2024T2;.
Canarias;Corea;2024T1;548,20
Canarias;Corea;2023T4;574,95
Canarias;Corea;2023T3;.
Canarias;Corea;2023T2;.
Canarias;Corea;2023T1;573,83
Canarias;Corea;2022T4;.
Canarias;Corea;2022T3;.
Canarias;Corea;2022T2;.
Canarias;Corea;2022T1;705,97
Canarias;Corea;2021T4;744,32
Canarias;Corea;2021T3;928,64
Canarias;Corea;2021T2;1.198,16
Canarias;Corea;2021T1;1.033,35
Canarias;Corea;2020T4;730,40
Canarias;Corea;2020T3;779,84
Canarias;Corea;2020T2;.
Canarias;Corea;2020T1;494,91
Canarias;Corea;2019T4;565,98
Canarias;Corea;2019T3;573,43
Canarias;Corea;2019T2;579,21
Canarias;Corea;2019T1;575,06
Canarias;Corea;2018T4;672,15
Canarias;Corea;2018T3;607,37
Canarias;Corea;2018T2;533,68
Canarias;Corea;2018T1;510,03
Canarias;Emiratos Árabes Unidos;2025T2;928,47
Canarias;Emiratos Árabes Unidos;2025T1;1.031,11
Canarias;Emiratos Árabes Unidos;2024T4;936,79
Canarias;Emiratos Árabes Unidos;2024T3;966,64
Canarias;Emiratos Árabes Unidos;2024T2;885,34
Canarias;Emiratos Árabes Unidos;2024T1;1.057,07
Canarias;Emiratos Árabes Unidos;2023T4;1.034,65
Canarias;Emiratos Árabes Unidos;2023T3;934,58
Canarias;Emiratos Árabes Unidos;2023T2;924,47
Canarias;Emiratos Árabes Unidos;2023T1;785,82
Canarias;Emiratos Árabes Unidos;2022T4;738,22
Canarias;Emiratos Árabes Unidos;2022T3;845,33
Canarias;Emiratos Árabes Unidos;2022T2;785,75
Canarias;Emiratos Árabes Unidos;2022T1;926,99
Canarias;Emiratos Árabes Unidos;2021T4;805,41
Canarias;Emiratos Árabes Unidos;2021T3;838,94
Canarias;Emiratos Árabes Unidos;2021T2;700,60
Canarias;Emiratos Árabes Unidos;2021T1;1.048,30
Canarias;Emiratos Árabes Unidos;2020T4;770,02
Canarias;Emiratos Árabes Unidos;2020T3;703,63
Canarias;Emiratos Árabes Unidos;2020T2;.
Canarias;Emiratos Árabes Unidos;2020T1;878,58
Canarias;Emiratos Árabes Unidos;2019T4;688,93
Canarias;Emiratos Árabes Unidos;2019T3;709,33
Canarias;Emiratos Árabes Unidos;2019T2;655,52
Canarias;Emiratos Árabes Unidos;2019T1;892,77
Canarias;Emiratos Árabes Unidos;2018T4;699,01
Canarias;Emiratos Árabes Unidos;2018T3;760,52
Canarias;Emiratos Árabes Unidos;2018T2;645,28
Canarias;Emiratos Árabes Unidos;2018T1;879,40
Canarias;Japón;2025T2;452,58
Canarias;Japón;2025T1;.
Canarias;Japón;2024T4;.
Canarias;Japón;2024T3;503,68
Canarias;Japón;2024T2;348,46
Canarias;Japón;2024T1;.
Canarias;Japón;2023T4;.
Canarias;Japón;2023T3;581,24
Canarias;Japón;2023T2;447,07
Canarias;Japón;2023T1;.
Canarias;Japón;2022T4;491,48
Canarias;Japón;2022T3;559,40
Canarias;Japón;2022T2;386,31
Canarias;Japón;2022T1;482,92
Canarias;Japón;2021T4;591,56
Canarias;Japón;2021T3;603,65
Canarias;Japón;2021T2;628,45
Canarias;Japón;2021T1;725,53
Canarias;Japón;2020T4;485,66
Canarias;Japón;2020T3;492,41
Canarias;Japón;2020T2;.
Canarias;Japón;2020T1;417,38
Canarias;Japón;2019T4;437,40
Canarias;Japón;2019T3;578,62
Canarias;Japón;2019T2;447,91
Canarias;Japón;2019T1;447,87
Canarias;Japón;2018T4;475,11
Canarias;Japón;2018T3;474,81
Canarias;Japón;2018T2;443,19
Canarias;Japón;2018T1;496,41
Canarias;Turquía;2025T2;576,18
Canarias;Turquía;2025T1;624,49
Canarias;Turquía;2024T4;649,81
Canarias;Turquía;2024T3;660,48
Canarias;Turquía;2024T2;558,16
Canarias;Turquía;2024T1;685,29
Canarias;Turquía;2023T4;534,95
Canarias;Turquía;2023T3;675,32
Canarias;Turquía;2023T2;684,88
Canarias;Turquía;2023T1;666,10
Canarias;Turquía;2022T4;566,26
Canarias;Turquía;2022T3;472,10
Canarias;Turquía;2022T2;507,10
Canarias;Turquía;2022T1;566,35
Canarias;Turquía;2021T4;479,13
Canarias;Turquía;2021T3;802,36
Canarias;Turquía;2021T2;547,90
Canarias;Turquía;2021T1;821,86
Canarias;Turquía;2020T4;642,55
Canarias;Turquía;2020T3;1.030,40
Canarias;Turquía;2020T2;.
Canarias;Turquía;2020T1;407,43
Canarias;Turquía;2019T4;489,03
Canarias;Turquía;2019T3;419,48
Canarias;Turquía;2019T2;492,92
Canarias;Turquía;2019T1;583,91
Canarias;Turquía;2018T4;578,60
Canarias;Turquía;2018T3;529,54
Canarias;Turquía;2018T2;380,97
Canarias;Turquía;2018T1;366,36
Canarias;Resto del mundo;2025T2;679,87
Canarias;Resto del mundo;2025T1;710,59
Canarias;Resto del mundo;2024T4;680,70
Canarias;Resto del mundo;2024T3;914,11
Canarias;Resto del mundo;2024T2;700,31
Canarias;Resto del mundo;2024T1;750,12
Canarias;Resto del mundo;2023T4;705,25
Canarias;Resto del mundo;2023T3;1.011,85
Canarias;Resto del mundo;2023T2;796,63
Canarias;Resto del mundo;2023T1;800,66
Canarias;Resto del mundo;2022T4;653,20
Canarias;Resto del mundo;2022T3;908,36
Canarias;Resto del mundo;2022T2;789,22
Canarias;Resto del mundo;2022T1;1.006,53
Canarias;Resto del mundo;2021T4;831,40
Canarias;Resto del mundo;2021T3;1.003,52
Canarias;Resto del mundo;2021T2;1.045,50
Canarias;Resto del mundo;2021T1;1.183,24
Canarias;Resto del mundo;2020T4;838,95
Canarias;Resto del mundo;2020T3;955,92
Canarias;Resto del mundo;2020T2;.
Canarias;Resto del mundo;2020T1;725,32
Canarias;Resto del mundo;2019T4;674,22
Canarias;Resto del mundo;2019T3;809,58
Canarias;Resto del mundo;2019T2;688,73
Canarias;Resto del mundo;2019T1;708,33
Canarias;Resto del mundo;2018T4;687,88
Canarias;Resto del mundo;2018T3;701,92
Canarias;Resto del mundo;2018T2;734,14
Canarias;Resto del mundo;2018T1;669,55
Cantabria;Total;2025T2;373,74
Cantabria;Total;2025T1;617,18
Cantabria;Total;2024T4;814,49
Cantabria;Total;2024T3;449,73
Cantabria;Total;2024T2;458,94
Cantabria;Total;2024T1;671,52
Cantabria;Total;2023T4;801,98
Cantabria;Total;2023T3;479,81
Cantabria;Total;2023T2;455,87
Cantabria;Total;2023T1;562,27
Cantabria;Total;2022T4;647,46
Cantabria;Total;2022T3;446,81
Cantabria;Total;2022T2;471,96
Cantabria;Total;2022T1;520,48
Cantabria;Total;2021T4;564,70
Cantabria;Total;2021T3;436,39
Cantabria;Total;2021T2;763,36
Cantabria;Total;2021T1;292,06
Cantabria;Total;2020T4;553,65
Cantabria;Total;2020T3;441,17
Cantabria;Total;2020T2;.
Cantabria;Total;2020T1;468,92
Cantabria;Total;2019T4;344,52
Cantabria;Total;2019T3;421,18
Cantabria;Total;2019T2;316,43
Cantabria;Total;2019T1;338,48
Cantabria;Total;2018T4;446,77
Cantabria;Total;2018T3;373,83
Cantabria;Total;2018T2;335,36
Cantabria;Total;2018T1;327,49
Cantabria;Alemania;2025T2;414,93
Cantabria;Alemania;2025T1;609,57
Cantabria;Alemania;2024T4;797,19
Cantabria;Alemania;2024T3;476,76
Cantabria;Alemania;2024T2;513,18
Cantabria;Alemania;2024T1;722,07
Cantabria;Alemania;2023T4;769,57
Cantabria;Alemania;2023T3;524,51
Cantabria;Alemania;2023T2;531,19
Cantabria;Alemania;2023T1;586,60
Cantabria;Alemania;2022T4;627,74
Cantabria;Alemania;2022T3;508,32
Cantabria;Alemania;2022T2;571,35
Cantabria;Alemania;2022T1;563,51
Cantabria;Alemania;2021T4;572,77
Cantabria;Alemania;2021T3;488,54
Cantabria;Alemania;2021T2;857,20
Cantabria;Alemania;2021T1;337,51
Cantabria;Alemania;2020T4;511,68
Cantabria;Alemania;2020T3;493,13
Cantabria;Alemania;2020T2;.
Cantabria;Alemania;2020T1;542,57
Cantabria;Alemania;2019T4;392,58
Cantabria;Alemania;2019T3;517,35
Cantabria;Alemania;2019T2;412,15
Cantabria;Alemania;2019T1;421,27
Cantabria;Alemania;2018T4;554,52
Cantabria;Alemania;2018T3;468,98
Cantabria;Alemania;2018T2;436,32
Cantabria;Alemania;2018T1;378,04
Cantabria;Andorra;2025T2;483,84
Cantabria;Andorra;2025T1;.
Cantabria;Andorra;2024T4;1.190,06
Cantabria;Andorra;2024T3;555,38
Cantabria;Andorra;2024T2;625,33
Cantabria;Andorra;2024T1;946,05
Cantabria;Andorra;2023T4;982,05
Cantabria;Andorra;2023T3;608,58
Cantabria;Andorra;2023T2;582,81
Cantabria;Andorra;2023T1;834,06
Cantabria;Andorra;2022T4;872,17
Cantabria;Andorra;2022T3;566,91
Cantabria;Andorra;2022T2;791,65
Cantabria;Andorra;2022T1;645,65
Cantabria;Andorra;2021T4;670,19
Cantabria;Andorra;2021T3;464,82
Cantabria;Andorra;2021T2;785,43
Cantabria;Andorra;2021T1;375,26
Cantabria;Andorra;2020T4;594,60
Cantabria;Andorra;2020T3;586,27
Cantabria;Andorra;2020T2;.
Cantabria;Andorra;2020T1;502,52
Cantabria;Andorra;2019T4;491,99
Cantabria;Andorra;2019T3;466,01
Cantabria;Andorra;2019T2;362,90
Cantabria;Andorra;2019T1;296,08
Cantabria;Andorra;2018T4;852,68
Cantabria;Andorra;2018T3;492,70
Cantabria;Andorra;2018T2;452,15
Cantabria;Andorra;2018T1;432,06
Cantabria;Austria;2025T2;357,97
Cantabria;Austria;2025T1;523,75
Cantabria;Austria;2024T4;719,34
Cantabria;Austria;2024T3;442,99
Cantabria;Austria;2024T2;449,60
Cantabria;Austria;2024T1;581,23
Cantabria;Austria;2023T4;720,36
Cantabria;Austria;2023T3;467,35
Cantabria;Austria;2023T2;437,34
Cantabria;Austria;2023T1;491,66
Cantabria;Austria;2022T4;550,25
Cantabria;Austria;2022T3;441,26
Cantabria;Austria;2022T2;467,88
Cantabria;Austria;2022T1;410,50
Cantabria;Austria;2021T4;538,99
Cantabria;Austria;2021T3;416,86
Cantabria;Austria;2021T2;687,60
Cantabria;Austria;2021T1;204,37
Cantabria;Austria;2020T4;453,58
Cantabria;Austria;2020T3;388,26
Cantabria;Austria;2020T2;.
Cantabria;Austria;2020T1;518,82
Cantabria;Austria;2019T4;375,81
Cantabria;Austria;2019T3;476,71
Cantabria;Austria;2019T2;410,81
Cantabria;Austria;2019T1;447,26
Cantabria;Austria;2018T4;536,40
Cantabria;Austria;2018T3;448,67
Cantabria;Austria;2018T2;394,18
Cantabria;Austria;2018T1;356,21
Cantabria;Bélgica;2025T2;380,39
Cantabria;Bélgica;2025T1;625,94
Cantabria;Bélgica;2024T4;810,65
Cantabria;Bélgica;2024T3;423,90
Cantabria;Bélgica;2024T2;465,17
Cantabria;Bélgica;2024T1;656,07
Cantabria;Bélgica;2023T4;791,89
Cantabria;Bélgica;2023T3;451,92
Cantabria;Bélgica;2023T2;446,38
Cantabria;Bélgica;2023T1;527,15
Cantabria;Bélgica;2022T4;643,16
Cantabria;Bélgica;2022T3;420,61
Cantabria;Bélgica;2022T2;495,09
Cantabria;Bélgica;2022T1;501,34
Cantabria;Bélgica;2021T4;609,01
Cantabria;Bélgica;2021T3;413,30
Cantabria;Bélgica;2021T2;781,90
Cantabria;Bélgica;2021T1;347,70
Cantabria;Bélgica;2020T4;624,84
Cantabria;Bélgica;2020T3;429,08
Cantabria;Bélgica;2020T2;.
Cantabria;Bélgica;2020T1;423,48
Cantabria;Bélgica;2019T4;305,56
Cantabria;Bélgica;2019T3;404,91
Cantabria;Bélgica;2019T2;313,15
Cantabria;Bélgica;2019T1;307,74
Cantabria;Bélgica;2018T4;455,20
Cantabria;Bélgica;2018T3;350,93
Cantabria;Bélgica;2018T2;330,20
Cantabria;Bélgica;2018T1;323,59
Cantabria;Dinamarca;2025T2;325,17
Cantabria;Dinamarca;2025T1;634,19
Cantabria;Dinamarca;2024T4;642,54
Cantabria;Dinamarca;2024T3;449,23
Cantabria;Dinamarca;2024T2;389,30
Cantabria;Dinamarca;2024T1;495,09
Cantabria;Dinamarca;2023T4;595,80
Cantabria;Dinamarca;2023T3;413,33
Cantabria;Dinamarca;2023T2;386,20
Cantabria;Dinamarca;2023T1;490,92
Cantabria;Dinamarca;2022T4;447,12
Cantabria;Dinamarca;2022T3;475,72
Cantabria;Dinamarca;2022T2;459,23
Cantabria;Dinamarca;2022T1;450,62
Cantabria;Dinamarca;2021T4;496,85
Cantabria;Dinamarca;2021T3;397,14
Cantabria;Dinamarca;2021T2;609,07
Cantabria;Dinamarca;2021T1;185,79
Cantabria;Dinamarca;2020T4;265,70
Cantabria;Dinamarca;2020T3;389,93
Cantabria;Dinamarca;2020T2;.
Cantabria;Dinamarca;2020T1;502,39
Cantabria;Dinamarca;2019T4;269,71
Cantabria;Dinamarca;2019T3;381,74
Cantabria;Dinamarca;2019T2;302,72
Cantabria;Dinamarca;2019T1;326,55
Cantabria;Dinamarca;2018T4;432,49
Cantabria;Dinamarca;2018T3;343,60
Cantabria;Dinamarca;2018T2;313,71
Cantabria;Dinamarca;2018T1;329,06
Cantabria;Finlandia;2025T2;337,55
Cantabria;Finlandia;2025T1;604,65
Cantabria;Finlandia;2024T4;653,49
Cantabria;Finlandia;2024T3;334,67
Cantabria;Finlandia;2024T2;349,07
Cantabria;Finlandia;2024T1;464,84
Cantabria;Finlandia;2023T4;815,53
Cantabria;Finlandia;2023T3;362,44
Cantabria;Finlandia;2023T2;360,77
Cantabria;Finlandia;2023T1;376,28
Cantabria;Finlandia;2022T4;340,54
Cantabria;Finlandia;2022T3;423,70
Cantabria;Finlandia;2022T2;407,89
Cantabria;Finlandia;2022T1;349,40
Cantabria;Finlandia;2021T4;471,09
Cantabria;Finlandia;2021T3;360,23
Cantabria;Finlandia;2021T2;565,94
Cantabria;Finlandia;2021T1;150,39
Cantabria;Finlandia;2020T4;271,41
Cantabria;Finlandia;2020T3;307,71
Cantabria;Finlandia;2020T2;.
Cantabria;Finlandia;2020T1;333,49
Cantabria;Finlandia;2019T4;286,78
Cantabria;Finlandia;2019T3;304,27
Cantabria;Finlandia;2019T2;278,47
Cantabria;Finlandia;2019T1;266,18
Cantabria;Finlandia;2018T4;337,17
Cantabria;Finlandia;2018T3;285,70
Cantabria;Finlandia;2018T2;300,13
Cantabria;Finlandia;2018T1;220,21
Cantabria;Francia;2025T2;377,77
Cantabria;Francia;2025T1;620,05
Cantabria;Francia;2024T4;822,01
Cantabria;Francia;2024T3;460,87
Cantabria;Francia;2024T2;493,51
Cantabria;Francia;2024T1;688,58
Cantabria;Francia;2023T4;793,85
Cantabria;Francia;2023T3;500,00
Cantabria;Francia;2023T2;446,37
Cantabria;Francia;2023T1;535,96
Cantabria;Francia;2022T4;596,57
Cantabria;Francia;2022T3;432,69
Cantabria;Francia;2022T2;445,86
Cantabria;Francia;2022T1;489,05
Cantabria;Francia;2021T4;511,45
Cantabria;Francia;2021T3;401,71
Cantabria;Francia;2021T2;637,96
Cantabria;Francia;2021T1;216,68
Cantabria;Francia;2020T4;458,67
Cantabria;Francia;2020T3;414,60
Cantabria;Francia;2020T2;.
Cantabria;Francia;2020T1;407,76
Cantabria;Francia;2019T4;304,20
Cantabria;Francia;2019T3;360,87
Cantabria;Francia;2019T2;273,75
Cantabria;Francia;2019T1;291,60
Cantabria;Francia;2018T4;358,99
Cantabria;Francia;2018T3;302,45
Cantabria;Francia;2018T2;265,01
Cantabria;Francia;2018T1;262,27
Cantabria;Irlanda;2025T2;364,24
Cantabria;Irlanda;2025T1;558,14
Cantabria;Irlanda;2024T4;742,35
Cantabria;Irlanda;2024T3;403,00
Cantabria;Irlanda;2024T2;438,97
Cantabria;Irlanda;2024T1;678,69
Cantabria;Irlanda;2023T4;744,66
Cantabria;Irlanda;2023T3;450,26
Cantabria;Irlanda;2023T2;446,36
Cantabria;Irlanda;2023T1;469,10
Cantabria;Irlanda;2022T4;665,47
Cantabria;Irlanda;2022T3;383,39
Cantabria;Irlanda;2022T2;436,76
Cantabria;Irlanda;2022T1;436,47
Cantabria;Irlanda;2021T4;441,20
Cantabria;Irlanda;2021T3;385,44
Cantabria;Irlanda;2021T2;643,91
Cantabria;Irlanda;2021T1;226,26
Cantabria;Irlanda;2020T4;400,39
Cantabria;Irlanda;2020T3;341,24
Cantabria;Irlanda;2020T2;.
Cantabria;Irlanda;2020T1;354,81
Cantabria;Irlanda;2019T4;300,29
Cantabria;Irlanda;2019T3;414,98
Cantabria;Irlanda;2019T2;300,16
Cantabria;Irlanda;2019T1;286,26
Cantabria;Irlanda;2018T4;429,81
Cantabria;Irlanda;2018T3;401,50
Cantabria;Irlanda;2018T2;423,64
Cantabria;Irlanda;2018T1;310,74
Cantabria;Italia;2025T2;284,48
Cantabria;Italia;2025T1;454,80
Cantabria;Italia;2024T4;594,45
Cantabria;Italia;2024T3;355,41
Cantabria;Italia;2024T2;353,71
Cantabria;Italia;2024T1;479,90
Cantabria;Italia;2023T4;599,09
Cantabria;Italia;2023T3;400,49
Cantabria;Italia;2023T2;346,30
Cantabria;Italia;2023T1;412,29
Cantabria;Italia;2022T4;478,03
Cantabria;Italia;2022T3;360,23
Cantabria;Italia;2022T2;381,88
Cantabria;Italia;2022T1;372,16
Cantabria;Italia;2021T4;460,15
Cantabria;Italia;2021T3;349,13
Cantabria;Italia;2021T2;598,61
Cantabria;Italia;2021T1;227,95
Cantabria;Italia;2020T4;447,35
Cantabria;Italia;2020T3;427,63
Cantabria;Italia;2020T2;.
Cantabria;Italia;2020T1;388,66
Cantabria;Italia;2019T4;301,40
Cantabria;Italia;2019T3;420,10
Cantabria;Italia;2019T2;286,55
Cantabria;Italia;2019T1;287,37
Cantabria;Italia;2018T4;412,54
Cantabria;Italia;2018T3;362,14
Cantabria;Italia;2018T2;324,81
Cantabria;Italia;2018T1;411,57
Cantabria;Noruega;2025T2;351,97
Cantabria;Noruega;2025T1;554,60
Cantabria;Noruega;2024T4;804,00
Cantabria;Noruega;2024T3;430,27
Cantabria;Noruega;2024T2;485,02
Cantabria;Noruega;2024T1;518,94
Cantabria;Noruega;2023T4;687,96
Cantabria;Noruega;2023T3;413,94
Cantabria;Noruega;2023T2;405,48
Cantabria;Noruega;2023T1;546,85
Cantabria;Noruega;2022T4;557,85
Cantabria;Noruega;2022T3;438,27
Cantabria;Noruega;2022T2;461,68
Cantabria;Noruega;2022T1;403,92
Cantabria;Noruega;2021T4;643,33
Cantabria;Noruega;2021T3;381,67
Cantabria;Noruega;2021T2;779,09
Cantabria;Noruega;2021T1;264,61
Cantabria;Noruega;2020T4;409,32
Cantabria;Noruega;2020T3;341,63
Cantabria;Noruega;2020T2;.
Cantabria;Noruega;2020T1;448,81
Cantabria;Noruega;2019T4;356,24
Cantabria;Noruega;2019T3;351,74
Cantabria;Noruega;2019T2;276,95
Cantabria;Noruega;2019T1;310,80
Cantabria;Noruega;2018T4;466,94
Cantabria;Noruega;2018T3;352,51
Cantabria;Noruega;2018T2;357,00
Cantabria;Noruega;2018T1;338,46
Cantabria;Países Bajos;2025T2;366,04
Cantabria;Países Bajos;2025T1;563,90
Cantabria;Países Bajos;2024T4;706,55
Cantabria;Países Bajos;2024T3;386,24
Cantabria;Países Bajos;2024T2;391,55
Cantabria;Países Bajos;2024T1;596,75
Cantabria;Países Bajos;2023T4;673,02
Cantabria;Países Bajos;2023T3;392,04
Cantabria;Países Bajos;2023T2;427,31
Cantabria;Países Bajos;2023T1;491,92
Cantabria;Países Bajos;2022T4;520,47
Cantabria;Países Bajos;2022T3;360,69
Cantabria;Países Bajos;2022T2;443,95
Cantabria;Países Bajos;2022T1;469,18
Cantabria;Países Bajos;2021T4;441,59
Cantabria;Países Bajos;2021T3;337,10
Cantabria;Países Bajos;2021T2;681,96
Cantabria;Países Bajos;2021T1;227,54
Cantabria;Países Bajos;2020T4;426,17
Cantabria;Países Bajos;2020T3;349,55
Cantabria;Países Bajos;2020T2;.
Cantabria;Países Bajos;2020T1;409,81
Cantabria;Países Bajos;2019T4;258,84
Cantabria;Países Bajos;2019T3;365,27
Cantabria;Países Bajos;2019T2;289,04
Cantabria;Países Bajos;2019T1;338,61
Cantabria;Países Bajos;2018T4;376,90
Cantabria;Países Bajos;2018T3;318,05
Cantabria;Países Bajos;2018T2;323,16
Cantabria;Países Bajos;2018T1;309,46
Cantabria;Polonia;2025T2;317,47
Cantabria;Polonia;2025T1;508,44
Cantabria;Polonia;2024T4;602,26
Cantabria;Polonia;2024T3;363,26
Cantabria;Polonia;2024T2;332,51
Cantabria;Polonia;2024T1;568,08
Cantabria;Polonia;2023T4;684,74
Cantabria;Polonia;2023T3;327,50
Cantabria;Polonia;2023T2;358,18
Cantabria;Polonia;2023T1;388,86
Cantabria;Polonia;2022T4;611,44
Cantabria;Polonia;2022T3;289,63
Cantabria;Polonia;2022T2;311,09
Cantabria;Polonia;2022T1;389,33
Cantabria;Polonia;2021T4;443,16
Cantabria;Polonia;2021T3;306,08
Cantabria;Polonia;2021T2;751,21
Cantabria;Polonia;2021T1;488,97
Cantabria;Polonia;2020T4;587,93
Cantabria;Polonia;2020T3;406,16
Cantabria;Polonia;2020T2;.
Cantabria;Polonia;2020T1;496,15
Cantabria;Polonia;2019T4;303,02
Cantabria;Polonia;2019T3;273,63
Cantabria;Polonia;2019T2;228,76
Cantabria;Polonia;2019T1;253,33
Cantabria;Polonia;2018T4;228,25
Cantabria;Polonia;2018T3;285,72
Cantabria;Polonia;2018T2;218,44
Cantabria;Polonia;2018T1;182,00
Cantabria;Portugal;2025T2;339,56
Cantabria;Portugal;2025T1;556,66
Cantabria;Portugal;2024T4;763,37
Cantabria;Portugal;2024T3;404,13
Cantabria;Portugal;2024T2;460,47
Cantabria;Portugal;2024T1;625,90
Cantabria;Portugal;2023T4;824,64
Cantabria;Portugal;2023T3;464,72
Cantabria;Portugal;2023T2;462,62
Cantabria;Portugal;2023T1;633,13
Cantabria;Portugal;2022T4;694,76
Cantabria;Portugal;2022T3;415,61
Cantabria;Portugal;2022T2;449,61
Cantabria;Portugal;2022T1;474,83
Cantabria;Portugal;2021T4;516,20
Cantabria;Portugal;2021T3;398,39
Cantabria;Portugal;2021T2;672,98
Cantabria;Portugal;2021T1;259,88
Cantabria;Portugal;2020T4;437,31
Cantabria;Portugal;2020T3;397,66
Cantabria;Portugal;2020T2;.
Cantabria;Portugal;2020T1;431,32
Cantabria;Portugal;2019T4;343,58
Cantabria;Portugal;2019T3;378,12
Cantabria;Portugal;2019T2;295,78
Cantabria;Portugal;2019T1;324,08
Cantabria;Portugal;2018T4;397,46
Cantabria;Portugal;2018T3;331,40
Cantabria;Portugal;2018T2;299,60
Cantabria;Portugal;2018T1;299,45
Cantabria;Reino Unido;2025T2;341,68
Cantabria;Reino Unido;2025T1;597,81
Cantabria;Reino Unido;2024T4;713,84
Cantabria;Reino Unido;2024T3;395,75
Cantabria;Reino Unido;2024T2;407,47
Cantabria;Reino Unido;2024T1;586,06
Cantabria;Reino Unido;2023T4;677,87
Cantabria;Reino Unido;2023T3;422,68
Cantabria;Reino Unido;2023T2;416,43
Cantabria;Reino Unido;2023T1;523,94
Cantabria;Reino Unido;2022T4;591,46
Cantabria;Reino Unido;2022T3;412,87
Cantabria;Reino Unido;2022T2;466,12
Cantabria;Reino Unido;2022T1;512,99
Cantabria;Reino Unido;2021T4;524,17
Cantabria;Reino Unido;2021T3;396,24
Cantabria;Reino Unido;2021T2;714,30
Cantabria;Reino Unido;2021T1;261,01
Cantabria;Reino Unido;2020T4;479,17
Cantabria;Reino Unido;2020T3;363,49
Cantabria;Reino Unido;2020T2;.
Cantabria;Reino Unido;2020T1;448,31
Cantabria;Reino Unido;2019T4;304,96
Cantabria;Reino Unido;2019T3;391,12
Cantabria;Reino Unido;2019T2;306,14
Cantabria;Reino Unido;2019T1;337,60
Cantabria;Reino Unido;2018T4;438,32
Cantabria;Reino Unido;2018T3;381,88
Cantabria;Reino Unido;2018T2;339,67
Cantabria;Reino Unido;2018T1;317,99
Cantabria;Rumanía;2025T2;346,99
Cantabria;Rumanía;2025T1;570,65
Cantabria;Rumanía;2024T4;749,56
Cantabria;Rumanía;2024T3;381,53
Cantabria;Rumanía;2024T2;401,00
Cantabria;Rumanía;2024T1;636,70
Cantabria;Rumanía;2023T4;717,68
Cantabria;Rumanía;2023T3;358,85
Cantabria;Rumanía;2023T2;339,58
Cantabria;Rumanía;2023T1;430,58
Cantabria;Rumanía;2022T4;529,97
Cantabria;Rumanía;2022T3;345,37
Cantabria;Rumanía;2022T2;320,89
Cantabria;Rumanía;2022T1;407,23
Cantabria;Rumanía;2021T4;473,87
Cantabria;Rumanía;2021T3;351,44
Cantabria;Rumanía;2021T2;699,56
Cantabria;Rumanía;2021T1;265,39
Cantabria;Rumanía;2020T4;570,39
Cantabria;Rumanía;2020T3;396,62
Cantabria;Rumanía;2020T2;.
Cantabria;Rumanía;2020T1;520,61
Cantabria;Rumanía;2019T4;317,93
Cantabria;Rumanía;2019T3;343,53
Cantabria;Rumanía;2019T2;268,45
Cantabria;Rumanía;2019T1;324,01
Cantabria;Rumanía;2018T4;394,03
Cantabria;Rumanía;2018T3;345,74
Cantabria;Rumanía;2018T2;362,85
Cantabria;Rumanía;2018T1;331,57
Cantabria;Rusia;2025T2;.
Cantabria;Rusia;2025T1;.
Cantabria;Rusia;2024T4;.
Cantabria;Rusia;2024T3;.
Cantabria;Rusia;2024T2;.
Cantabria;Rusia;2024T1;.
Cantabria;Rusia;2023T4;.
Cantabria;Rusia;2023T3;.
Cantabria;Rusia;2023T2;.
Cantabria;Rusia;2023T1;.
Cantabria;Rusia;2022T4;.
Cantabria;Rusia;2022T3;.
Cantabria;Rusia;2022T2;.
Cantabria;Rusia;2022T1;670,45
Cantabria;Rusia;2021T4;611,70
Cantabria;Rusia;2021T3;362,03
Cantabria;Rusia;2021T2;578,84
Cantabria;Rusia;2021T1;201,20
Cantabria;Rusia;2020T4;459,64
Cantabria;Rusia;2020T3;454,58
Cantabria;Rusia;2020T2;.
Cantabria;Rusia;2020T1;398,55
Cantabria;Rusia;2019T4;296,81
Cantabria;Rusia;2019T3;352,86
Cantabria;Rusia;2019T2;263,45
Cantabria;Rusia;2019T1;277,14
Cantabria;Rusia;2018T4;356,70
Cantabria;Rusia;2018T3;311,30
Cantabria;Rusia;2018T2;304,40
Cantabria;Rusia;2018T1;337,05
Cantabria;Suecia;2025T2;305,16
Cantabria;Suecia;2025T1;516,45
Cantabria;Suecia;2024T4;635,80
Cantabria;Suecia;2024T3;321,74
Cantabria;Suecia;2024T2;342,90
Cantabria;Suecia;2024T1;628,45
Cantabria;Suecia;2023T4;648,52
Cantabria;Suecia;2023T3;328,92
Cantabria;Suecia;2023T2;384,85
Cantabria;Suecia;2023T1;498,45
Cantabria;Suecia;2022T4;462,93
Cantabria;Suecia;2022T3;349,97
Cantabria;Suecia;2022T2;379,72
Cantabria;Suecia;2022T1;518,52
Cantabria;Suecia;2021T4;614,43
Cantabria;Suecia;2021T3;427,59
Cantabria;Suecia;2021T2;688,23
Cantabria;Suecia;2021T1;452,60
Cantabria;Suecia;2020T4;600,62
Cantabria;Suecia;2020T3;369,46
Cantabria;Suecia;2020T2;.
Cantabria;Suecia;2020T1;476,22
Cantabria;Suecia;2019T4;278,25
Cantabria;Suecia;2019T3;310,79
Cantabria;Suecia;2019T2;261,30
Cantabria;Suecia;2019T1;295,98
Cantabria;Suecia;2018T4;407,83
Cantabria;Suecia;2018T3;319,14
Cantabria;Suecia;2018T2;305,93
Cantabria;Suecia;2018T1;269,08
Cantabria;Suiza;2025T2;529,03
Cantabria;Suiza;2025T1;1.080,77
Cantabria;Suiza;2024T4;1.257,89
Cantabria;Suiza;2024T3;602,62
Cantabria;Suiza;2024T2;671,60
Cantabria;Suiza;2024T1;981,56
Cantabria;Suiza;2023T4;1.191,34
Cantabria;Suiza;2023T3;634,73
Cantabria;Suiza;2023T2;661,10
Cantabria;Suiza;2023T1;1.090,75
Cantabria;Suiza;2022T4;942,83
Cantabria;Suiza;2022T3;616,20
Cantabria;Suiza;2022T2;716,33
Cantabria;Suiza;2022T1;835,22
Cantabria;Suiza;2021T4;729,42
Cantabria;Suiza;2021T3;577,91
Cantabria;Suiza;2021T2;1.163,73
Cantabria;Suiza;2021T1;495,98
Cantabria;Suiza;2020T4;1.260,84
Cantabria;Suiza;2020T3;705,75
Cantabria;Suiza;2020T2;.
Cantabria;Suiza;2020T1;983,76
Cantabria;Suiza;2019T4;556,23
Cantabria;Suiza;2019T3;629,50
Cantabria;Suiza;2019T2;480,51
Cantabria;Suiza;2019T1;602,10
Cantabria;Suiza;2018T4;791,02
Cantabria;Suiza;2018T3;573,23
Cantabria;Suiza;2018T2;564,98
Cantabria;Suiza;2018T1;642,42
Cantabria;Otros Países Europeos;2025T2;286,65
Cantabria;Otros Países Europeos;2025T1;507,32
Cantabria;Otros Países Europeos;2024T4;648,86
Cantabria;Otros Países Europeos;2024T3;346,20
Cantabria;Otros Países Europeos;2024T2;331,23
Cantabria;Otros Países Europeos;2024T1;509,90
Cantabria;Otros Países Europeos;2023T4;616,88
Cantabria;Otros Países Europeos;2023T3;368,59
Cantabria;Otros Países Europeos;2023T2;344,49
Cantabria;Otros Países Europeos;2023T1;457,19
Cantabria;Otros Países Europeos;2022T4;530,16
Cantabria;Otros Países Europeos;2022T3;327,66
Cantabria;Otros Países Europeos;2022T2;328,96
Cantabria;Otros Países Europeos;2022T1;473,16
Cantabria;Otros Países Europeos;2021T4;480,31
Cantabria;Otros Países Europeos;2021T3;324,52
Cantabria;Otros Países Europeos;2021T2;604,43
Cantabria;Otros Países Europeos;2021T1;259,77
Cantabria;Otros Países Europeos;2020T4;485,54
Cantabria;Otros Países Europeos;2020T3;332,76
Cantabria;Otros Países Europeos;2020T2;.
Cantabria;Otros Países Europeos;2020T1;351,06
Cantabria;Otros Países Europeos;2019T4;252,54
Cantabria;Otros Países Europeos;2019T3;284,08
Cantabria;Otros Países Europeos;2019T2;230,08
Cantabria;Otros Países Europeos;2019T1;239,27
Cantabria;Otros Países Europeos;2018T4;315,86
Cantabria;Otros Países Europeos;2018T3;281,91
Cantabria;Otros Países Europeos;2018T2;247,77
Cantabria;Otros Países Europeos;2018T1;272,20
Cantabria;Argentina;2025T2;370,50
Cantabria;Argentina;2025T1;591,46
Cantabria;Argentina;2024T4;772,97
Cantabria;Argentina;2024T3;409,75
Cantabria;Argentina;2024T2;399,13
Cantabria;Argentina;2024T1;479,37
Cantabria;Argentina;2023T4;486,58
Cantabria;Argentina;2023T3;347,75
Cantabria;Argentina;2023T2;342,36
Cantabria;Argentina;2023T1;423,03
Cantabria;Argentina;2022T4;393,06
Cantabria;Argentina;2022T3;359,99
Cantabria;Argentina;2022T2;379,18
Cantabria;Argentina;2022T1;381,93
Cantabria;Argentina;2021T4;410,83
Cantabria;Argentina;2021T3;302,17
Cantabria;Argentina;2021T2;542,87
Cantabria;Argentina;2021T1;211,90
Cantabria;Argentina;2020T4;328,31
Cantabria;Argentina;2020T3;340,24
Cantabria;Argentina;2020T2;.
Cantabria;Argentina;2020T1;273,53
Cantabria;Argentina;2019T4;219,44
Cantabria;Argentina;2019T3;292,13
Cantabria;Argentina;2019T2;204,44
Cantabria;Argentina;2019T1;218,87
Cantabria;Argentina;2018T4;277,80
Cantabria;Argentina;2018T3;247,98
Cantabria;Argentina;2018T2;228,59
Cantabria;Argentina;2018T1;239,98
Cantabria;Brasil;2025T2;268,38
Cantabria;Brasil;2025T1;358,49
Cantabria;Brasil;2024T4;636,22
Cantabria;Brasil;2024T3;318,45
Cantabria;Brasil;2024T2;370,67
Cantabria;Brasil;2024T1;614,41
Cantabria;Brasil;2023T4;714,36
Cantabria;Brasil;2023T3;395,90
Cantabria;Brasil;2023T2;398,14
Cantabria;Brasil;2023T1;528,92
Cantabria;Brasil;2022T4;581,72
Cantabria;Brasil;2022T3;388,48
Cantabria;Brasil;2022T2;416,85
Cantabria;Brasil;2022T1;458,80
Cantabria;Brasil;2021T4;466,79
Cantabria;Brasil;2021T3;405,23
Cantabria;Brasil;2021T2;679,27
Cantabria;Brasil;2021T1;203,59
Cantabria;Brasil;2020T4;412,50
Cantabria;Brasil;2020T3;430,48
Cantabria;Brasil;2020T2;.
Cantabria;Brasil;2020T1;423,61
Cantabria;Brasil;2019T4;385,06
Cantabria;Brasil;2019T3;381,66
Cantabria;Brasil;2019T2;286,04
Cantabria;Brasil;2019T1;299,99
Cantabria;Brasil;2018T4;415,68
Cantabria;Brasil;2018T3;336,13
Cantabria;Brasil;2018T2;343,52
Cantabria;Brasil;2018T1;291,14
Cantabria;Canadá;2025T2;360,26
Cantabria;Canadá;2025T1;595,80
Cantabria;Canadá;2024T4;827,77
Cantabria;Canadá;2024T3;495,44
Cantabria;Canadá;2024T2;401,11
Cantabria;Canadá;2024T1;539,34
Cantabria;Canadá;2023T4;828,05
Cantabria;Canadá;2023T3;498,91
Cantabria;Canadá;2023T2;449,27
Cantabria;Canadá;2023T1;637,77
Cantabria;Canadá;2022T4;596,20
Cantabria;Canadá;2022T3;478,40
Cantabria;Canadá;2022T2;506,54
Cantabria;Canadá;2022T1;446,26
Cantabria;Canadá;2021T4;844,50
Cantabria;Canadá;2021T3;479,68
Cantabria;Canadá;2021T2;522,80
Cantabria;Canadá;2021T1;152,01
Cantabria;Canadá;2020T4;376,54
Cantabria;Canadá;2020T3;296,97
Cantabria;Canadá;2020T2;.
Cantabria;Canadá;2020T1;436,74
Cantabria;Canadá;2019T4;285,72
Cantabria;Canadá;2019T3;432,79
Cantabria;Canadá;2019T2;305,28
Cantabria;Canadá;2019T1;390,93
Cantabria;Canadá;2018T4;500,86
Cantabria;Canadá;2018T3;377,31
Cantabria;Canadá;2018T2;365,72
Cantabria;Canadá;2018T1;319,70
Cantabria;Chile;2025T2;336,01
Cantabria;Chile;2025T1;504,81
Cantabria;Chile;2024T4;644,98
Cantabria;Chile;2024T3;405,90
Cantabria;Chile;2024T2;382,23
Cantabria;Chile;2024T1;562,53
Cantabria;Chile;2023T4;804,38
Cantabria;Chile;2023T3;438,87
Cantabria;Chile;2023T2;451,40
Cantabria;Chile;2023T1;517,02
Cantabria;Chile;2022T4;546,86
Cantabria;Chile;2022T3;453,26
Cantabria;Chile;2022T2;435,95
Cantabria;Chile;2022T1;530,31
Cantabria;Chile;2021T4;696,49
Cantabria;Chile;2021T3;531,02
Cantabria;Chile;2021T2;1.030,29
Cantabria;Chile;2021T1;466,65
Cantabria;Chile;2020T4;682,86
Cantabria;Chile;2020T3;591,80
Cantabria;Chile;2020T2;.
Cantabria;Chile;2020T1;465,77
Cantabria;Chile;2019T4;389,54
Cantabria;Chile;2019T3;486,67
Cantabria;Chile;2019T2;375,69
Cantabria;Chile;2019T1;338,55
Cantabria;Chile;2018T4;477,77
Cantabria;Chile;2018T3;391,19
Cantabria;Chile;2018T2;375,10
Cantabria;Chile;2018T1;394,25
Cantabria;Colombia;2025T2;357,26
Cantabria;Colombia;2025T1;612,12
Cantabria;Colombia;2024T4;900,53
Cantabria;Colombia;2024T3;478,44
Cantabria;Colombia;2024T2;456,30
Cantabria;Colombia;2024T1;645,49
Cantabria;Colombia;2023T4;1.118,87
Cantabria;Colombia;2023T3;456,40
Cantabria;Colombia;2023T2;513,43
Cantabria;Colombia;2023T1;531,38
Cantabria;Colombia;2022T4;766,28
Cantabria;Colombia;2022T3;411,26
Cantabria;Colombia;2022T2;510,20
Cantabria;Colombia;2022T1;682,61
Cantabria;Colombia;2021T4;797,91
Cantabria;Colombia;2021T3;554,25
Cantabria;Colombia;2021T2;968,79
Cantabria;Colombia;2021T1;348,75
Cantabria;Colombia;2020T4;1.306,40
Cantabria;Colombia;2020T3;438,63
Cantabria;Colombia;2020T2;.
Cantabria;Colombia;2020T1;575,88
Cantabria;Colombia;2019T4;496,90
Cantabria;Colombia;2019T3;549,39
Cantabria;Colombia;2019T2;444,59
Cantabria;Colombia;2019T1;490,98
Cantabria;Colombia;2018T4;530,28
Cantabria;Colombia;2018T3;465,59
Cantabria;Colombia;2018T2;385,59
Cantabria;Colombia;2018T1;461,49
Cantabria;Estados Unidos de América;2025T2;492,24
Cantabria;Estados Unidos de América;2025T1;833,78
Cantabria;Estados Unidos de América;2024T4;1.140,47
Cantabria;Estados Unidos de América;2024T3;582,78
Cantabria;Estados Unidos de América;2024T2;589,48
Cantabria;Estados Unidos de América;2024T1;971,54
Cantabria;Estados Unidos de América;2023T4;1.167,06
Cantabria;Estados Unidos de América;2023T3;601,28
Cantabria;Estados Unidos de América;2023T2;575,64
Cantabria;Estados Unidos de América;2023T1;766,43
Cantabria;Estados Unidos de América;2022T4;886,66
Cantabria;Estados Unidos de América;2022T3;597,68
Cantabria;Estados Unidos de América;2022T2;586,98
Cantabria;Estados Unidos de América;2022T1;747,72
Cantabria;Estados Unidos de América;2021T4;841,31
Cantabria;Estados Unidos de América;2021T3;618,66
Cantabria;Estados Unidos de América;2021T2;1.304,22
Cantabria;Estados Unidos de América;2021T1;552,17
Cantabria;Estados Unidos de América;2020T4;1.029,42
Cantabria;Estados Unidos de América;2020T3;711,98
Cantabria;Estados Unidos de América;2020T2;.
Cantabria;Estados Unidos de América;2020T1;649,85
Cantabria;Estados Unidos de América;2019T4;485,50
Cantabria;Estados Unidos de América;2019T3;521,40
Cantabria;Estados Unidos de América;2019T2;359,72
Cantabria;Estados Unidos de América;2019T1;466,67
Cantabria;Estados Unidos de América;2018T4;600,47
Cantabria;Estados Unidos de América;2018T3;448,15
Cantabria;Estados Unidos de América;2018T2;370,91
Cantabria;Estados Unidos de América;2018T1;406,06
Cantabria;México;2025T2;553,16
Cantabria;México;2025T1;889,79
Cantabria;México;2024T4;1.319,02
Cantabria;México;2024T3;840,67
Cantabria;México;2024T2;699,79
Cantabria;México;2024T1;1.064,32
Cantabria;México;2023T4;1.355,27
Cantabria;México;2023T3;920,11
Cantabria;México;2023T2;732,03
Cantabria;México;2023T1;862,24
Cantabria;México;2022T4;1.189,07
Cantabria;México;2022T3;834,76
Cantabria;México;2022T2;700,95
Cantabria;México;2022T1;772,81
Cantabria;México;2021T4;1.071,35
Cantabria;México;2021T3;882,94
Cantabria;México;2021T2;1.485,84
Cantabria;México;2021T1;663,21
Cantabria;México;2020T4;1.219,91
Cantabria;México;2020T3;962,92
Cantabria;México;2020T2;.
Cantabria;México;2020T1;672,83
Cantabria;México;2019T4;582,25
Cantabria;México;2019T3;834,60
Cantabria;México;2019T2;465,64
Cantabria;México;2019T1;501,76
Cantabria;México;2018T4;695,97
Cantabria;México;2018T3;623,20
Cantabria;México;2018T2;449,98
Cantabria;México;2018T1;429,18
Cantabria;Resto de América;2025T2;332,79
Cantabria;Resto de América;2025T1;542,60
Cantabria;Resto de América;2024T4;747,25
Cantabria;Resto de América;2024T3;476,46
Cantabria;Resto de América;2024T2;418,09
Cantabria;Resto de América;2024T1;575,64
Cantabria;Resto de América;2023T4;745,75
Cantabria;Resto de América;2023T3;506,83
Cantabria;Resto de América;2023T2;444,34
Cantabria;Resto de América;2023T1;578,52
Cantabria;Resto de América;2022T4;667,47
Cantabria;Resto de América;2022T3;493,11
Cantabria;Resto de América;2022T2;409,90
Cantabria;Resto de América;2022T1;467,56
Cantabria;Resto de América;2021T4;530,83
Cantabria;Resto de América;2021T3;561,39
Cantabria;Resto de América;2021T2;653,47
Cantabria;Resto de América;2021T1;216,41
Cantabria;Resto de América;2020T4;523,82
Cantabria;Resto de América;2020T3;395,35
Cantabria;Resto de América;2020T2;.
Cantabria;Resto de América;2020T1;432,36
Cantabria;Resto de América;2019T4;351,43
Cantabria;Resto de América;2019T3;465,04
Cantabria;Resto de América;2019T2;287,56
Cantabria;Resto de América;2019T1;315,59
Cantabria;Resto de América;2018T4;438,78
Cantabria;Resto de América;2018T3;453,69
Cantabria;Resto de América;2018T2;334,37
Cantabria;Resto de América;2018T1;313,86
Cantabria;Australia;2025T2;329,51
Cantabria;Australia;2025T1;520,29
Cantabria;Australia;2024T4;603,12
Cantabria;Australia;2024T3;364,18
Cantabria;Australia;2024T2;375,48
Cantabria;Australia;2024T1;610,17
Cantabria;Australia;2023T4;608,18
Cantabria;Australia;2023T3;378,79
Cantabria;Australia;2023T2;407,67
Cantabria;Australia;2023T1;586,02
Cantabria;Australia;2022T4;482,95
Cantabria;Australia;2022T3;409,51
Cantabria;Australia;2022T2;543,13
Cantabria;Australia;2022T1;717,06
Cantabria;Australia;2021T4;643,88
Cantabria;Australia;2021T3;410,61
Cantabria;Australia;2021T2;713,82
Cantabria;Australia;2021T1;280,72
Cantabria;Australia;2020T4;646,96
Cantabria;Australia;2020T3;633,36
Cantabria;Australia;2020T2;.
Cantabria;Australia;2020T1;343,93
Cantabria;Australia;2019T4;305,76
Cantabria;Australia;2019T3;400,85
Cantabria;Australia;2019T2;325,79
Cantabria;Australia;2019T1;355,06
Cantabria;Australia;2018T4;452,49
Cantabria;Australia;2018T3;386,86
Cantabria;Australia;2018T2;384,48
Cantabria;Australia;2018T1;312,85
Cantabria;China;2025T2;399,54
Cantabria;China;2025T1;792,60
Cantabria;China;2024T4;.
Cantabria;China;2024T3;597,53
Cantabria;China;2024T2;1.010,21
Cantabria;China;2024T1;.
Cantabria;China;2023T4;1.543,00
Cantabria;China;2023T3;622,79
Cantabria;China;2023T2;632,93
Cantabria;China;2023T1;699,09
Cantabria;China;2022T4;909,30
Cantabria;China;2022T3;711,88
Cantabria;China;2022T2;1.067,56
Cantabria;China;2022T1;2.118,91
Cantabria;China;2021T4;3.117,54
Cantabria;China;2021T3;548,62
Cantabria;China;2021T2;1.124,59
Cantabria;China;2021T1;2.100,40
Cantabria;China;2020T4;2.290,46
Cantabria;China;2020T3;921,45
Cantabria;China;2020T2;.
Cantabria;China;2020T1;1.800,14
Cantabria;China;2019T4;1.110,63
Cantabria;China;2019T3;597,97
Cantabria;China;2019T2;1.069,95
Cantabria;China;2019T1;249,28
Cantabria;China;2018T4;516,35
Cantabria;China;2018T3;589,65
Cantabria;China;2018T2;512,90
Cantabria;China;2018T1;411,77
Cantabria;Corea;2025T2;.
Cantabria;Corea;2025T1;310,05
Cantabria;Corea;2024T4;453,04
Cantabria;Corea;2024T3;320,14
Cantabria;Corea;2024T2;276,90
Cantabria;Corea;2024T1;368,41
Cantabria;Corea;2023T4;.
Cantabria;Corea;2023T3;.
Cantabria;Corea;2023T2;353,67
Cantabria;Corea;2023T1;377,00
Cantabria;Corea;2022T4;413,13
Cantabria;Corea;2022T3;530,28
Cantabria;Corea;2022T2;519,40
Cantabria;Corea;2022T1;1.153,62
Cantabria;Corea;2021T4;.
Cantabria;Corea;2021T3;364,80
Cantabria;Corea;2021T2;.
Cantabria;Corea;2021T1;.
Cantabria;Corea;2020T4;.
Cantabria;Corea;2020T3;.
Cantabria;Corea;2020T2;.
Cantabria;Corea;2020T1;.
Cantabria;Corea;2019T4;224,12
Cantabria;Corea;2019T3;386,13
Cantabria;Corea;2019T2;366,88
Cantabria;Corea;2019T1;270,55
Cantabria;Corea;2018T4;431,63
Cantabria;Corea;2018T3;312,29
Cantabria;Corea;2018T2;293,57
Cantabria;Corea;2018T1;347,22
Cantabria;Emiratos Árabes Unidos;2025T2;543,78
Cantabria;Emiratos Árabes Unidos;2025T1;899,15
Cantabria;Emiratos Árabes Unidos;2024T4;1.831,76
Cantabria;Emiratos Árabes Unidos;2024T3;691,68
Cantabria;Emiratos Árabes Unidos;2024T2;927,62
Cantabria;Emiratos Árabes Unidos;2024T1;1.206,68
Cantabria;Emiratos Árabes Unidos;2023T4;.
Cantabria;Emiratos Árabes Unidos;2023T3;767,02
Cantabria;Emiratos Árabes Unidos;2023T2;843,10
Cantabria;Emiratos Árabes Unidos;2023T1;.
Cantabria;Emiratos Árabes Unidos;2022T4;1.520,50
Cantabria;Emiratos Árabes Unidos;2022T3;799,83
Cantabria;Emiratos Árabes Unidos;2022T2;873,43
Cantabria;Emiratos Árabes Unidos;2022T1;1.173,79
Cantabria;Emiratos Árabes Unidos;2021T4;.
Cantabria;Emiratos Árabes Unidos;2021T3;702,42
Cantabria;Emiratos Árabes Unidos;2021T2;1.332,70
Cantabria;Emiratos Árabes Unidos;2021T1;.
Cantabria;Emiratos Árabes Unidos;2020T4;863,52
Cantabria;Emiratos Árabes Unidos;2020T3;701,63
Cantabria;Emiratos Árabes Unidos;2020T2;.
Cantabria;Emiratos Árabes Unidos;2020T1;.
Cantabria;Emiratos Árabes Unidos;2019T4;589,90
Cantabria;Emiratos Árabes Unidos;2019T3;611,68
Cantabria;Emiratos Árabes Unidos;2019T2;604,40
Cantabria;Emiratos Árabes Unidos;2019T1;213,32
Cantabria;Emiratos Árabes Unidos;2018T4;690,48
Cantabria;Emiratos Árabes Unidos;2018T3;521,69
Cantabria;Emiratos Árabes Unidos;2018T2;691,87
Cantabria;Emiratos Árabes Unidos;2018T1;718,64
Cantabria;Japón;2025T2;399,67
Cantabria;Japón;2025T1;787,39
Cantabria;Japón;2024T4;812,34
Cantabria;Japón;2024T3;555,66
Cantabria;Japón;2024T2;376,28
Cantabria;Japón;2024T1;541,13
Cantabria;Japón;2023T4;1.086,02
Cantabria;Japón;2023T3;335,86
Cantabria;Japón;2023T2;373,41
Cantabria;Japón;2023T1;540,08
Cantabria;Japón;2022T4;.
Cantabria;Japón;2022T3;289,01
Cantabria;Japón;2022T2;.
Cantabria;Japón;2022T1;816,38
Cantabria;Japón;2021T4;709,14
Cantabria;Japón;2021T3;347,25
Cantabria;Japón;2021T2;.
Cantabria;Japón;2021T1;.
Cantabria;Japón;2020T4;.
Cantabria;Japón;2020T3;470,55
Cantabria;Japón;2020T2;.
Cantabria;Japón;2020T1;526,35
Cantabria;Japón;2019T4;395,60
Cantabria;Japón;2019T3;342,22
Cantabria;Japón;2019T2;332,04
Cantabria;Japón;2019T1;438,68
Cantabria;Japón;2018T4;502,72
Cantabria;Japón;2018T3;380,99
Cantabria;Japón;2018T2;328,39
Cantabria;Japón;2018T1;496,12
Cantabria;Turquía;2025T2;318,48
Cantabria;Turquía;2025T1;655,90
Cantabria;Turquía;2024T4;1.004,49
Cantabria;Turquía;2024T3;.
Cantabria;Turquía;2024T2;.
Cantabria;Turquía;2024T1;652,68
Cantabria;Turquía;2023T4;.
Cantabria;Turquía;2023T3;622,03
Cantabria;Turquía;2023T2;.
Cantabria;Turquía;2023T1;893,27
Cantabria;Turquía;2022T4;.
Cantabria;Turquía;2022T3;.
Cantabria;Turquía;2022T2;878,64
Cantabria;Turquía;2022T1;860,83
Cantabria;Turquía;2021T4;714,29
Cantabria;Turquía;2021T3;475,91
Cantabria;Turquía;2021T2;971,70
Cantabria;Turquía;2021T1;358,38
Cantabria;Turquía;2020T4;.
Cantabria;Turquía;2020T3;.
Cantabria;Turquía;2020T2;.
Cantabria;Turquía;2020T1;637,84
Cantabria;Turquía;2019T4;468,77
Cantabria;Turquía;2019T3;405,61
Cantabria;Turquía;2019T2;307,36
Cantabria;Turquía;2019T1;297,32
Cantabria;Turquía;2018T4;635,34
Cantabria;Turquía;2018T3;415,38
Cantabria;Turquía;2018T2;361,62
Cantabria;Turquía;2018T1;308,59
Cantabria;Resto del mundo;2025T2;391,88
Cantabria;Resto del mundo;2025T1;674,70
Cantabria;Resto del mundo;2024T4;861,78
Cantabria;Resto del mundo;2024T3;534,23
Cantabria;Resto del mundo;2024T2;555,81
Cantabria;Resto del mundo;2024T1;862,41
Cantabria;Resto del mundo;2023T4;1.000,66
Cantabria;Resto del mundo;2023T3;589,78
Cantabria;Resto del mundo;2023T2;543,94
Cantabria;Resto del mundo;2023T1;981,94
Cantabria;Resto del mundo;2022T4;808,70
Cantabria;Resto del mundo;2022T3;578,00
Cantabria;Resto del mundo;2022T2;669,22
Cantabria;Resto del mundo;2022T1;1.038,80
Cantabria;Resto del mundo;2021T4;795,96
Cantabria;Resto del mundo;2021T3;731,99
Cantabria;Resto del mundo;2021T2;1.253,61
Cantabria;Resto del mundo;2021T1;596,41
Cantabria;Resto del mundo;2020T4;986,88
Cantabria;Resto del mundo;2020T3;897,52
Cantabria;Resto del mundo;2020T2;.
Cantabria;Resto del mundo;2020T1;1.246,52
Cantabria;Resto del mundo;2019T4;565,35
Cantabria;Resto del mundo;2019T3;636,63
Cantabria;Resto del mundo;2019T2;591,33
Cantabria;Resto del mundo;2019T1;646,66
Cantabria;Resto del mundo;2018T4;663,67
Cantabria;Resto del mundo;2018T3;541,16
Cantabria;Resto del mundo;2018T2;457,87
Cantabria;Resto del mundo;2018T1;645,19
Castilla y León;Total;2025T2;241,38
Castilla y León;Total;2025T1;279,34
Castilla y León;Total;2024T4;217,14
Castilla y León;Total;2024T3;317,47
Castilla y León;Total;2024T2;316,34
Castilla y León;Total;2024T1;276,64
Castilla y León;Total;2023T4;239,22
Castilla y León;Total;2023T3;258,96
Castilla y León;Total;2023T2;305,86
Castilla y León;Total;2023T1;296,30
Castilla y León;Total;2022T4;211,56
Castilla y León;Total;2022T3;225,43
Castilla y León;Total;2022T2;188,43
Castilla y León;Total;2022T1;181,44
Castilla y León;Total;2021T4;215,89
Castilla y León;Total;2021T3;206,80
Castilla y León;Total;2021T2;161,71
Castilla y León;Total;2021T1;148,56
Castilla y León;Total;2020T4;123,97
Castilla y León;Total;2020T3;154,20
Castilla y León;Total;2020T2;.
Castilla y León;Total;2020T1;215,57
Castilla y León;Total;2019T4;170,45
Castilla y León;Total;2019T3;175,35
Castilla y León;Total;2019T2;195,65
Castilla y León;Total;2019T1;185,67
Castilla y León;Total;2018T4;207,83
Castilla y León;Total;2018T3;184,13
Castilla y León;Total;2018T2;182,57
Castilla y León;Total;2018T1;193,78
Castilla y León;Alemania;2025T2;268,84
Castilla y León;Alemania;2025T1;292,68
Castilla y León;Alemania;2024T4;237,23
Castilla y León;Alemania;2024T3;367,20
Castilla y León;Alemania;2024T2;379,50
Castilla y León;Alemania;2024T1;289,46
Castilla y León;Alemania;2023T4;247,07
Castilla y León;Alemania;2023T3;287,97
Castilla y León;Alemania;2023T2;350,94
Castilla y León;Alemania;2023T1;297,83
Castilla y León;Alemania;2022T4;212,27
Castilla y León;Alemania;2022T3;253,00
Castilla y León;Alemania;2022T2;216,60
Castilla y León;Alemania;2022T1;180,38
Castilla y León;Alemania;2021T4;228,98
Castilla y León;Alemania;2021T3;245,35
Castilla y León;Alemania;2021T2;178,57
Castilla y León;Alemania;2021T1;157,40
Castilla y León;Alemania;2020T4;135,99
Castilla y León;Alemania;2020T3;182,39
Castilla y León;Alemania;2020T2;.
Castilla y León;Alemania;2020T1;256,73
Castilla y León;Alemania;2019T4;208,69
Castilla y León;Alemania;2019T3;236,34
Castilla y León;Alemania;2019T2;273,39
Castilla y León;Alemania;2019T1;232,58
Castilla y León;Alemania;2018T4;253,97
Castilla y León;Alemania;2018T3;247,14
Castilla y León;Alemania;2018T2;254,30
Castilla y León;Alemania;2018T1;251,16
Castilla y León;Andorra;2025T2;318,49
Castilla y León;Andorra;2025T1;.
Castilla y León;Andorra;2024T4;311,60
Castilla y León;Andorra;2024T3;431,15
Castilla y León;Andorra;2024T2;464,74
Castilla y León;Andorra;2024T1;389,24
Castilla y León;Andorra;2023T4;329,71
Castilla y León;Andorra;2023T3;308,87
Castilla y León;Andorra;2023T2;399,51
Castilla y León;Andorra;2023T1;438,01
Castilla y León;Andorra;2022T4;308,81
Castilla y León;Andorra;2022T3;270,26
Castilla y León;Andorra;2022T2;256,12
Castilla y León;Andorra;2022T1;249,94
Castilla y León;Andorra;2021T4;288,06
Castilla y León;Andorra;2021T3;234,29
Castilla y León;Andorra;2021T2;196,02
Castilla y León;Andorra;2021T1;206,78
Castilla y León;Andorra;2020T4;154,02
Castilla y León;Andorra;2020T3;166,30
Castilla y León;Andorra;2020T2;.
Castilla y León;Andorra;2020T1;279,29
Castilla y León;Andorra;2019T4;191,89
Castilla y León;Andorra;2019T3;185,31
Castilla y León;Andorra;2019T2;222,45
Castilla y León;Andorra;2019T1;218,58
Castilla y León;Andorra;2018T4;225,94
Castilla y León;Andorra;2018T3;187,84
Castilla y León;Andorra;2018T2;191,70
Castilla y León;Andorra;2018T1;210,70
Castilla y León;Austria;2025T2;274,91
Castilla y León;Austria;2025T1;262,42
Castilla y León;Austria;2024T4;221,62
Castilla y León;Austria;2024T3;338,05
Castilla y León;Austria;2024T2;384,85
Castilla y León;Austria;2024T1;277,38
Castilla y León;Austria;2023T4;228,20
Castilla y León;Austria;2023T3;254,89
Castilla y León;Austria;2023T2;362,30
Castilla y León;Austria;2023T1;285,19
Castilla y León;Austria;2022T4;226,59
Castilla y León;Austria;2022T3;242,28
Castilla y León;Austria;2022T2;215,42
Castilla y León;Austria;2022T1;171,23
Castilla y León;Austria;2021T4;228,58
Castilla y León;Austria;2021T3;220,51
Castilla y León;Austria;2021T2;155,87
Castilla y León;Austria;2021T1;126,20
Castilla y León;Austria;2020T4;109,48
Castilla y León;Austria;2020T3;153,38
Castilla y León;Austria;2020T2;.
Castilla y León;Austria;2020T1;235,38
Castilla y León;Austria;2019T4;201,46
Castilla y León;Austria;2019T3;235,41
Castilla y León;Austria;2019T2;277,78
Castilla y León;Austria;2019T1;208,73
Castilla y León;Austria;2018T4;248,25
Castilla y León;Austria;2018T3;249,01
Castilla y León;Austria;2018T2;254,74
Castilla y León;Austria;2018T1;228,39
Castilla y León;Bélgica;2025T2;287,92
Castilla y León;Bélgica;2025T1;341,95
Castilla y León;Bélgica;2024T4;243,23
Castilla y León;Bélgica;2024T3;383,26
Castilla y León;Bélgica;2024T2;395,97
Castilla y León;Bélgica;2024T1;318,82
Castilla y León;Bélgica;2023T4;272,66
Castilla y León;Bélgica;2023T3;292,13
Castilla y León;Bélgica;2023T2;368,15
Castilla y León;Bélgica;2023T1;351,23
Castilla y León;Bélgica;2022T4;221,09
Castilla y León;Bélgica;2022T3;251,64
Castilla y León;Bélgica;2022T2;215,72
Castilla y León;Bélgica;2022T1;196,27
Castilla y León;Bélgica;2021T4;210,35
Castilla y León;Bélgica;2021T3;219,37
Castilla y León;Bélgica;2021T2;171,59
Castilla y León;Bélgica;2021T1;150,89
Castilla y León;Bélgica;2020T4;124,64
Castilla y León;Bélgica;2020T3;171,89
Castilla y León;Bélgica;2020T2;.
Castilla y León;Bélgica;2020T1;217,21
Castilla y León;Bélgica;2019T4;175,23
Castilla y León;Bélgica;2019T3;186,46
Castilla y León;Bélgica;2019T2;209,31
Castilla y León;Bélgica;2019T1;185,11
Castilla y León;Bélgica;2018T4;198,95
Castilla y León;Bélgica;2018T3;194,22
Castilla y León;Bélgica;2018T2;193,35
Castilla y León;Bélgica;2018T1;188,37
Castilla y León;Dinamarca;2025T2;227,96
Castilla y León;Dinamarca;2025T1;298,57
Castilla y León;Dinamarca;2024T4;208,06
Castilla y León;Dinamarca;2024T3;293,74
Castilla y León;Dinamarca;2024T2;299,80
Castilla y León;Dinamarca;2024T1;260,25
Castilla y León;Dinamarca;2023T4;201,57
Castilla y León;Dinamarca;2023T3;242,50
Castilla y León;Dinamarca;2023T2;300,05
Castilla y León;Dinamarca;2023T1;319,76
Castilla y León;Dinamarca;2022T4;200,45
Castilla y León;Dinamarca;2022T3;213,92
Castilla y León;Dinamarca;2022T2;171,99
Castilla y León;Dinamarca;2022T1;165,12
Castilla y León;Dinamarca;2021T4;214,07
Castilla y León;Dinamarca;2021T3;216,83
Castilla y León;Dinamarca;2021T2;157,23
Castilla y León;Dinamarca;2021T1;110,75
Castilla y León;Dinamarca;2020T4;140,86
Castilla y León;Dinamarca;2020T3;167,84
Castilla y León;Dinamarca;2020T2;.
Castilla y León;Dinamarca;2020T1;195,24
Castilla y León;Dinamarca;2019T4;174,25
Castilla y León;Dinamarca;2019T3;180,94
Castilla y León;Dinamarca;2019T2;211,90
Castilla y León;Dinamarca;2019T1;179,35
Castilla y León;Dinamarca;2018T4;191,73
Castilla y León;Dinamarca;2018T3;204,66
Castilla y León;Dinamarca;2018T2;186,57
Castilla y León;Dinamarca;2018T1;196,03
Castilla y León;Finlandia;2025T2;189,43
Castilla y León;Finlandia;2025T1;220,31
Castilla y León;Finlandia;2024T4;.
Castilla y León;Finlandia;2024T3;.
Castilla y León;Finlandia;2024T2;257,71
Castilla y León;Finlandia;2024T1;213,18
Castilla y León;Finlandia;2023T4;170,35
Castilla y León;Finlandia;2023T3;197,57
Castilla y León;Finlandia;2023T2;224,76
Castilla y León;Finlandia;2023T1;229,59
Castilla y León;Finlandia;2022T4;142,45
Castilla y León;Finlandia;2022T3;155,19
Castilla y León;Finlandia;2022T2;139,30
Castilla y León;Finlandia;2022T1;133,57
Castilla y León;Finlandia;2021T4;168,09
Castilla y León;Finlandia;2021T3;156,75
Castilla y León;Finlandia;2021T2;135,72
Castilla y León;Finlandia;2021T1;103,79
Castilla y León;Finlandia;2020T4;116,99
Castilla y León;Finlandia;2020T3;105,71
Castilla y León;Finlandia;2020T2;.
Castilla y León;Finlandia;2020T1;165,82
Castilla y León;Finlandia;2019T4;145,17
Castilla y León;Finlandia;2019T3;152,03
Castilla y León;Finlandia;2019T2;166,33
Castilla y León;Finlandia;2019T1;155,40
Castilla y León;Finlandia;2018T4;169,57
Castilla y León;Finlandia;2018T3;153,09
Castilla y León;Finlandia;2018T2;145,37
Castilla y León;Finlandia;2018T1;136,78
Castilla y León;Francia;2025T2;278,42
Castilla y León;Francia;2025T1;330,40
Castilla y León;Francia;2024T4;207,53
Castilla y León;Francia;2024T3;312,39
Castilla y León;Francia;2024T2;281,33
Castilla y León;Francia;2024T1;321,93
Castilla y León;Francia;2023T4;283,71
Castilla y León;Francia;2023T3;292,92
Castilla y León;Francia;2023T2;345,07
Castilla y León;Francia;2023T1;346,49
Castilla y León;Francia;2022T4;238,02
Castilla y León;Francia;2022T3;243,04
Castilla y León;Francia;2022T2;206,55
Castilla y León;Francia;2022T1;200,72
Castilla y León;Francia;2021T4;228,36
Castilla y León;Francia;2021T3;208,25
Castilla y León;Francia;2021T2;164,55
Castilla y León;Francia;2021T1;148,96
Castilla y León;Francia;2020T4;123,15
Castilla y León;Francia;2020T3;154,11
Castilla y León;Francia;2020T2;.
Castilla y León;Francia;2020T1;216,17
Castilla y León;Francia;2019T4;166,59
Castilla y León;Francia;2019T3;166,17
Castilla y León;Francia;2019T2;185,46
Castilla y León;Francia;2019T1;179,99
Castilla y León;Francia;2018T4;192,73
Castilla y León;Francia;2018T3;163,17
Castilla y León;Francia;2018T2;161,93
Castilla y León;Francia;2018T1;175,30
Castilla y León;Irlanda;2025T2;268,30
Castilla y León;Irlanda;2025T1;298,29
Castilla y León;Irlanda;2024T4;250,41
Castilla y León;Irlanda;2024T3;336,64
Castilla y León;Irlanda;2024T2;324,28
Castilla y León;Irlanda;2024T1;279,91
Castilla y León;Irlanda;2023T4;228,93
Castilla y León;Irlanda;2023T3;225,57
Castilla y León;Irlanda;2023T2;275,19
Castilla y León;Irlanda;2023T1;256,43
Castilla y León;Irlanda;2022T4;189,73
Castilla y León;Irlanda;2022T3;182,15
Castilla y León;Irlanda;2022T2;146,65
Castilla y León;Irlanda;2022T1;136,37
Castilla y León;Irlanda;2021T4;171,96
Castilla y León;Irlanda;2021T3;168,91
Castilla y León;Irlanda;2021T2;119,70
Castilla y León;Irlanda;2021T1;109,34
Castilla y León;Irlanda;2020T4;93,77
Castilla y León;Irlanda;2020T3;122,77
Castilla y León;Irlanda;2020T2;.
Castilla y León;Irlanda;2020T1;183,85
Castilla y León;Irlanda;2019T4;148,10
Castilla y León;Irlanda;2019T3;171,12
Castilla y León;Irlanda;2019T2;167,72
Castilla y León;Irlanda;2019T1;149,07
Castilla y León;Irlanda;2018T4;183,49
Castilla y León;Irlanda;2018T3;198,16
Castilla y León;Irlanda;2018T2;186,02
Castilla y León;Irlanda;2018T1;176,36
Castilla y León;Italia;2025T2;154,84
Castilla y León;Italia;2025T1;152,95
Castilla y León;Italia;2024T4;134,02
Castilla y León;Italia;2024T3;222,90
Castilla y León;Italia;2024T2;215,73
Castilla y León;Italia;2024T1;157,65
Castilla y León;Italia;2023T4;143,14
Castilla y León;Italia;2023T3;173,69
Castilla y León;Italia;2023T2;188,14
Castilla y León;Italia;2023T1;164,56
Castilla y León;Italia;2022T4;117,96
Castilla y León;Italia;2022T3;152,63
Castilla y León;Italia;2022T2;116,86
Castilla y León;Italia;2022T1;106,17
Castilla y León;Italia;2021T4;137,65
Castilla y León;Italia;2021T3;155,49
Castilla y León;Italia;2021T2;104,99
Castilla y León;Italia;2021T1;104,24
Castilla y León;Italia;2020T4;106,40
Castilla y León;Italia;2020T3;137,10
Castilla y León;Italia;2020T2;.
Castilla y León;Italia;2020T1;172,16
Castilla y León;Italia;2019T4;142,33
Castilla y León;Italia;2019T3;164,48
Castilla y León;Italia;2019T2;171,04
Castilla y León;Italia;2019T1;156,05
Castilla y León;Italia;2018T4;185,29
Castilla y León;Italia;2018T3;180,50
Castilla y León;Italia;2018T2;170,84
Castilla y León;Italia;2018T1;164,53
Castilla y León;Noruega;2025T2;253,49
Castilla y León;Noruega;2025T1;248,82
Castilla y León;Noruega;2024T4;206,02
Castilla y León;Noruega;2024T3;304,07
Castilla y León;Noruega;2024T2;329,36
Castilla y León;Noruega;2024T1;255,76
Castilla y León;Noruega;2023T4;196,69
Castilla y León;Noruega;2023T3;247,92
Castilla y León;Noruega;2023T2;266,94
Castilla y León;Noruega;2023T1;263,01
Castilla y León;Noruega;2022T4;183,67
Castilla y León;Noruega;2022T3;228,15
Castilla y León;Noruega;2022T2;185,94
Castilla y León;Noruega;2022T1;158,66
Castilla y León;Noruega;2021T4;203,31
Castilla y León;Noruega;2021T3;199,98
Castilla y León;Noruega;2021T2;161,23
Castilla y León;Noruega;2021T1;138,57
Castilla y León;Noruega;2020T4;151,93
Castilla y León;Noruega;2020T3;163,13
Castilla y León;Noruega;2020T2;.
Castilla y León;Noruega;2020T1;181,24
Castilla y León;Noruega;2019T4;167,91
Castilla y León;Noruega;2019T3;185,66
Castilla y León;Noruega;2019T2;222,58
Castilla y León;Noruega;2019T1;161,91
Castilla y León;Noruega;2018T4;202,66
Castilla y León;Noruega;2018T3;210,50
Castilla y León;Noruega;2018T2;209,67
Castilla y León;Noruega;2018T1;174,03
Castilla y León;Países Bajos;2025T2;244,38
Castilla y León;Países Bajos;2025T1;296,04
Castilla y León;Países Bajos;2024T4;227,09
Castilla y León;Países Bajos;2024T3;324,46
Castilla y León;Países Bajos;2024T2;333,77
Castilla y León;Países Bajos;2024T1;282,91
Castilla y León;Países Bajos;2023T4;232,52
Castilla y León;Países Bajos;2023T3;240,60
Castilla y León;Países Bajos;2023T2;301,25
Castilla y León;Países Bajos;2023T1;296,67
Castilla y León;Países Bajos;2022T4;203,71
Castilla y León;Países Bajos;2022T3;202,51
Castilla y León;Países Bajos;2022T2;180,79
Castilla y León;Países Bajos;2022T1;179,79
Castilla y León;Países Bajos;2021T4;208,80
Castilla y León;Países Bajos;2021T3;191,67
Castilla y León;Países Bajos;2021T2;163,37
Castilla y León;Países Bajos;2021T1;150,22
Castilla y León;Países Bajos;2020T4;113,15
Castilla y León;Países Bajos;2020T3;143,69
Castilla y León;Países Bajos;2020T2;.
Castilla y León;Países Bajos;2020T1;194,44
Castilla y León;Países Bajos;2019T4;153,85
Castilla y León;Países Bajos;2019T3;168,53
Castilla y León;Países Bajos;2019T2;196,56
Castilla y León;Países Bajos;2019T1;176,23
Castilla y León;Países Bajos;2018T4;178,74
Castilla y León;Países Bajos;2018T3;174,41
Castilla y León;Países Bajos;2018T2;171,29
Castilla y León;Países Bajos;2018T1;170,77
Castilla y León;Polonia;2025T2;159,65
Castilla y León;Polonia;2025T1;201,99
Castilla y León;Polonia;2024T4;152,25
Castilla y León;Polonia;2024T3;211,96
Castilla y León;Polonia;2024T2;216,91
Castilla y León;Polonia;2024T1;168,00
Castilla y León;Polonia;2023T4;153,57
Castilla y León;Polonia;2023T3;153,40
Castilla y León;Polonia;2023T2;194,22
Castilla y León;Polonia;2023T1;198,26
Castilla y León;Polonia;2022T4;137,13
Castilla y León;Polonia;2022T3;127,45
Castilla y León;Polonia;2022T2;108,69
Castilla y León;Polonia;2022T1;113,46
Castilla y León;Polonia;2021T4;133,06
Castilla y León;Polonia;2021T3;118,49
Castilla y León;Polonia;2021T2;97,40
Castilla y León;Polonia;2021T1;92,90
Castilla y León;Polonia;2020T4;79,99
Castilla y León;Polonia;2020T3;91,70
Castilla y León;Polonia;2020T2;.
Castilla y León;Polonia;2020T1;167,13
Castilla y León;Polonia;2019T4;113,91
Castilla y León;Polonia;2019T3;111,10
Castilla y León;Polonia;2019T2;132,24
Castilla y León;Polonia;2019T1;146,24
Castilla y León;Polonia;2018T4;161,31
Castilla y León;Polonia;2018T3;137,31
Castilla y León;Polonia;2018T2;135,05
Castilla y León;Polonia;2018T1;151,78
Castilla y León;Portugal;2025T2;244,94
Castilla y León;Portugal;2025T1;302,30
Castilla y León;Portugal;2024T4;238,59
Castilla y León;Portugal;2024T3;325,72
Castilla y León;Portugal;2024T2;354,79
Castilla y León;Portugal;2024T1;297,46
Castilla y León;Portugal;2023T4;258,51
Castilla y León;Portugal;2023T3;253,30
Castilla y León;Portugal;2023T2;305,95
Castilla y León;Portugal;2023T1;330,59
Castilla y León;Portugal;2022T4;243,27
Castilla y León;Portugal;2022T3;228,17
Castilla y León;Portugal;2022T2;205,02
Castilla y León;Portugal;2022T1;212,21
Castilla y León;Portugal;2021T4;232,02
Castilla y León;Portugal;2021T3;194,89
Castilla y León;Portugal;2021T2;160,61
Castilla y León;Portugal;2021T1;139,41
Castilla y León;Portugal;2020T4;116,27
Castilla y León;Portugal;2020T3;142,48
Castilla y León;Portugal;2020T2;.
Castilla y León;Portugal;2020T1;217,18
Castilla y León;Portugal;2019T4;154,70
Castilla y León;Portugal;2019T3;153,02
Castilla y León;Portugal;2019T2;168,27
Castilla y León;Portugal;2019T1;174,39
Castilla y León;Portugal;2018T4;179,75
Castilla y León;Portugal;2018T3;155,17
Castilla y León;Portugal;2018T2;146,42
Castilla y León;Portugal;2018T1;165,73
Castilla y León;Reino Unido;2025T2;237,46
Castilla y León;Reino Unido;2025T1;263,58
Castilla y León;Reino Unido;2024T4;214,35
Castilla y León;Reino Unido;2024T3;310,18
Castilla y León;Reino Unido;2024T2;340,64
Castilla y León;Reino Unido;2024T1;259,87
Castilla y León;Reino Unido;2023T4;221,70
Castilla y León;Reino Unido;2023T3;236,92
Castilla y León;Reino Unido;2023T2;301,34
Castilla y León;Reino Unido;2023T1;285,85
Castilla y León;Reino Unido;2022T4;198,00
Castilla y León;Reino Unido;2022T3;203,57
Castilla y León;Reino Unido;2022T2;182,27
Castilla y León;Reino Unido;2022T1;160,18
Castilla y León;Reino Unido;2021T4;194,90
Castilla y León;Reino Unido;2021T3;186,07
Castilla y León;Reino Unido;2021T2;138,42
Castilla y León;Reino Unido;2021T1;118,47
Castilla y León;Reino Unido;2020T4;110,78
Castilla y León;Reino Unido;2020T3;132,45
Castilla y León;Reino Unido;2020T2;.
Castilla y León;Reino Unido;2020T1;195,88
Castilla y León;Reino Unido;2019T4;163,10
Castilla y León;Reino Unido;2019T3;178,24
Castilla y León;Reino Unido;2019T2;193,16
Castilla y León;Reino Unido;2019T1;173,31
Castilla y León;Reino Unido;2018T4;212,83
Castilla y León;Reino Unido;2018T3;204,20
Castilla y León;Reino Unido;2018T2;195,20
Castilla y León;Reino Unido;2018T1;209,49
Castilla y León;Rumanía;2025T2;199,06
Castilla y León;Rumanía;2025T1;242,77
Castilla y León;Rumanía;2024T4;193,70
Castilla y León;Rumanía;2024T3;246,80
Castilla y León;Rumanía;2024T2;256,46
Castilla y León;Rumanía;2024T1;212,84
Castilla y León;Rumanía;2023T4;198,67
Castilla y León;Rumanía;2023T3;200,02
Castilla y León;Rumanía;2023T2;248,38
Castilla y León;Rumanía;2023T1;272,80
Castilla y León;Rumanía;2022T4;192,29
Castilla y León;Rumanía;2022T3;177,44
Castilla y León;Rumanía;2022T2;150,75
Castilla y León;Rumanía;2022T1;160,75
Castilla y León;Rumanía;2021T4;197,40
Castilla y León;Rumanía;2021T3;157,65
Castilla y León;Rumanía;2021T2;122,01
Castilla y León;Rumanía;2021T1;133,32
Castilla y León;Rumanía;2020T4;103,91
Castilla y León;Rumanía;2020T3;121,47
Castilla y León;Rumanía;2020T2;.
Castilla y León;Rumanía;2020T1;202,13
Castilla y León;Rumanía;2019T4;169,03
Castilla y León;Rumanía;2019T3;145,60
Castilla y León;Rumanía;2019T2;151,52
Castilla y León;Rumanía;2019T1;177,07
Castilla y León;Rumanía;2018T4;229,41
Castilla y León;Rumanía;2018T3;199,20
Castilla y León;Rumanía;2018T2;159,76
Castilla y León;Rumanía;2018T1;183,12
Castilla y León;Rusia;2025T2;.
Castilla y León;Rusia;2025T1;.
Castilla y León;Rusia;2024T4;.
Castilla y León;Rusia;2024T3;.
Castilla y León;Rusia;2024T2;.
Castilla y León;Rusia;2024T1;.
Castilla y León;Rusia;2023T4;.
Castilla y León;Rusia;2023T3;.
Castilla y León;Rusia;2023T2;.
Castilla y León;Rusia;2023T1;.
Castilla y León;Rusia;2022T4;.
Castilla y León;Rusia;2022T3;.
Castilla y León;Rusia;2022T2;.
Castilla y León;Rusia;2022T1;184,53
Castilla y León;Rusia;2021T4;154,25
Castilla y León;Rusia;2021T3;149,56
Castilla y León;Rusia;2021T2;112,99
Castilla y León;Rusia;2021T1;113,80
Castilla y León;Rusia;2020T4;111,50
Castilla y León;Rusia;2020T3;153,29
Castilla y León;Rusia;2020T2;.
Castilla y León;Rusia;2020T1;158,77
Castilla y León;Rusia;2019T4;125,06
Castilla y León;Rusia;2019T3;122,24
Castilla y León;Rusia;2019T2;149,99
Castilla y León;Rusia;2019T1;143,68
Castilla y León;Rusia;2018T4;159,24
Castilla y León;Rusia;2018T3;138,40
Castilla y León;Rusia;2018T2;151,66
Castilla y León;Rusia;2018T1;174,03
Castilla y León;Suecia;2025T2;248,82
Castilla y León;Suecia;2025T1;286,88
Castilla y León;Suecia;2024T4;240,53
Castilla y León;Suecia;2024T3;307,10
Castilla y León;Suecia;2024T2;316,03
Castilla y León;Suecia;2024T1;285,18
Castilla y León;Suecia;2023T4;225,24
Castilla y León;Suecia;2023T3;254,17
Castilla y León;Suecia;2023T2;287,56
Castilla y León;Suecia;2023T1;274,08
Castilla y León;Suecia;2022T4;195,21
Castilla y León;Suecia;2022T3;217,64
Castilla y León;Suecia;2022T2;179,80
Castilla y León;Suecia;2022T1;168,40
Castilla y León;Suecia;2021T4;217,76
Castilla y León;Suecia;2021T3;220,20
Castilla y León;Suecia;2021T2;175,57
Castilla y León;Suecia;2021T1;143,53
Castilla y León;Suecia;2020T4;132,65
Castilla y León;Suecia;2020T3;157,93
Castilla y León;Suecia;2020T2;.
Castilla y León;Suecia;2020T1;200,52
Castilla y León;Suecia;2019T4;175,40
Castilla y León;Suecia;2019T3;185,82
Castilla y León;Suecia;2019T2;192,64
Castilla y León;Suecia;2019T1;169,29
Castilla y León;Suecia;2018T4;196,87
Castilla y León;Suecia;2018T3;188,12
Castilla y León;Suecia;2018T2;173,49
Castilla y León;Suecia;2018T1;179,63
Castilla y León;Suiza;2025T2;356,58
Castilla y León;Suiza;2025T1;429,30
Castilla y León;Suiza;2024T4;328,37
Castilla y León;Suiza;2024T3;491,26
Castilla y León;Suiza;2024T2;520,60
Castilla y León;Suiza;2024T1;430,51
Castilla y León;Suiza;2023T4;362,82
Castilla y León;Suiza;2023T3;371,47
Castilla y León;Suiza;2023T2;478,60
Castilla y León;Suiza;2023T1;467,61
Castilla y León;Suiza;2022T4;307,69
Castilla y León;Suiza;2022T3;316,83
Castilla y León;Suiza;2022T2;298,17
Castilla y León;Suiza;2022T1;294,42
Castilla y León;Suiza;2021T4;339,06
Castilla y León;Suiza;2021T3;287,48
Castilla y León;Suiza;2021T2;258,63
Castilla y León;Suiza;2021T1;250,64
Castilla y León;Suiza;2020T4;187,04
Castilla y León;Suiza;2020T3;213,81
Castilla y León;Suiza;2020T2;.
Castilla y León;Suiza;2020T1;315,30
Castilla y León;Suiza;2019T4;279,63
Castilla y León;Suiza;2019T3;254,20
Castilla y León;Suiza;2019T2;326,80
Castilla y León;Suiza;2019T1;306,96
Castilla y León;Suiza;2018T4;341,54
Castilla y León;Suiza;2018T3;258,22
Castilla y León;Suiza;2018T2;325,95
Castilla y León;Suiza;2018T1;324,17
Castilla y León;Otros Países Europeos;2025T2;199,30
Castilla y León;Otros Países Europeos;2025T1;242,93
Castilla y León;Otros Países Europeos;2024T4;190,13
Castilla y León;Otros Países Europeos;2024T3;274,84
Castilla y León;Otros Países Europeos;2024T2;265,28
Castilla y León;Otros Países Europeos;2024T1;240,13
Castilla y León;Otros Países Europeos;2023T4;199,55
Castilla y León;Otros Países Europeos;2023T3;218,33
Castilla y León;Otros Países Europeos;2023T2;248,23
Castilla y León;Otros Países Europeos;2023T1;251,16
Castilla y León;Otros Países Europeos;2022T4;175,22
Castilla y León;Otros Países Europeos;2022T3;183,38
Castilla y León;Otros Países Europeos;2022T2;143,91
Castilla y León;Otros Países Europeos;2022T1;145,33
Castilla y León;Otros Países Europeos;2021T4;178,81
Castilla y León;Otros Países Europeos;2021T3;171,84
Castilla y León;Otros Países Europeos;2021T2;134,78
Castilla y León;Otros Países Europeos;2021T1;134,25
Castilla y León;Otros Países Europeos;2020T4;103,29
Castilla y León;Otros Países Europeos;2020T3;131,50
Castilla y León;Otros Países Europeos;2020T2;.
Castilla y León;Otros Países Europeos;2020T1;189,14
Castilla y León;Otros Países Europeos;2019T4;140,78
Castilla y León;Otros Países Europeos;2019T3;146,81
Castilla y León;Otros Países Europeos;2019T2;163,11
Castilla y León;Otros Países Europeos;2019T1;161,54
Castilla y León;Otros Países Europeos;2018T4;177,09
Castilla y León;Otros Países Europeos;2018T3;156,75
Castilla y León;Otros Países Europeos;2018T2;153,36
Castilla y León;Otros Países Europeos;2018T1;163,01
Castilla y León;Argentina;2025T2;222,28
Castilla y León;Argentina;2025T1;265,34
Castilla y León;Argentina;2024T4;202,47
Castilla y León;Argentina;2024T3;275,21
Castilla y León;Argentina;2024T2;277,30
Castilla y León;Argentina;2024T1;206,71
Castilla y León;Argentina;2023T4;174,06
Castilla y León;Argentina;2023T3;189,00
Castilla y León;Argentina;2023T2;227,56
Castilla y León;Argentina;2023T1;253,63
Castilla y León;Argentina;2022T4;147,65
Castilla y León;Argentina;2022T3;154,30
Castilla y León;Argentina;2022T2;121,24
Castilla y León;Argentina;2022T1;120,71
Castilla y León;Argentina;2021T4;145,15
Castilla y León;Argentina;2021T3;142,31
Castilla y León;Argentina;2021T2;107,07
Castilla y León;Argentina;2021T1;121,28
Castilla y León;Argentina;2020T4;119,16
Castilla y León;Argentina;2020T3;113,84
Castilla y León;Argentina;2020T2;.
Castilla y León;Argentina;2020T1;128,38
Castilla y León;Argentina;2019T4;104,84
Castilla y León;Argentina;2019T3;116,84
Castilla y León;Argentina;2019T2;128,67
Castilla y León;Argentina;2019T1;125,51
Castilla y León;Argentina;2018T4;141,00
Castilla y León;Argentina;2018T3;134,77
Castilla y León;Argentina;2018T2;129,53
Castilla y León;Argentina;2018T1;156,09
Castilla y León;Brasil;2025T2;168,43
Castilla y León;Brasil;2025T1;204,65
Castilla y León;Brasil;2024T4;150,97
Castilla y León;Brasil;2024T3;220,58
Castilla y León;Brasil;2024T2;237,97
Castilla y León;Brasil;2024T1;205,33
Castilla y León;Brasil;2023T4;172,66
Castilla y León;Brasil;2023T3;173,92
Castilla y León;Brasil;2023T2;231,45
Castilla y León;Brasil;2023T1;235,90
Castilla y León;Brasil;2022T4;158,87
Castilla y León;Brasil;2022T3;173,66
Castilla y León;Brasil;2022T2;152,73
Castilla y León;Brasil;2022T1;172,60
Castilla y León;Brasil;2021T4;222,29
Castilla y León;Brasil;2021T3;262,81
Castilla y León;Brasil;2021T2;192,92
Castilla y León;Brasil;2021T1;188,67
Castilla y León;Brasil;2020T4;136,45
Castilla y León;Brasil;2020T3;159,54
Castilla y León;Brasil;2020T2;.
Castilla y León;Brasil;2020T1;186,40
Castilla y León;Brasil;2019T4;153,30
Castilla y León;Brasil;2019T3;144,80
Castilla y León;Brasil;2019T2;165,51
Castilla y León;Brasil;2019T1;180,91
Castilla y León;Brasil;2018T4;177,64
Castilla y León;Brasil;2018T3;169,01
Castilla y León;Brasil;2018T2;153,79
Castilla y León;Brasil;2018T1;184,04
Castilla y León;Canadá;2025T2;226,01
Castilla y León;Canadá;2025T1;237,78
Castilla y León;Canadá;2024T4;221,01
Castilla y León;Canadá;2024T3;301,02
Castilla y León;Canadá;2024T2;314,59
Castilla y León;Canadá;2024T1;259,16
Castilla y León;Canadá;2023T4;228,86
Castilla y León;Canadá;2023T3;258,09
Castilla y León;Canadá;2023T2;320,71
Castilla y León;Canadá;2023T1;264,88
Castilla y León;Canadá;2022T4;221,30
Castilla y León;Canadá;2022T3;214,14
Castilla y León;Canadá;2022T2;198,71
Castilla y León;Canadá;2022T1;180,23
Castilla y León;Canadá;2021T4;250,08
Castilla y León;Canadá;2021T3;239,59
Castilla y León;Canadá;2021T2;243,74
Castilla y León;Canadá;2021T1;200,13
Castilla y León;Canadá;2020T4;161,77
Castilla y León;Canadá;2020T3;167,78
Castilla y León;Canadá;2020T2;.
Castilla y León;Canadá;2020T1;207,08
Castilla y León;Canadá;2019T4;190,75
Castilla y León;Canadá;2019T3;195,88
Castilla y León;Canadá;2019T2;219,83
Castilla y León;Canadá;2019T1;197,51
Castilla y León;Canadá;2018T4;246,03
Castilla y León;Canadá;2018T3;210,29
Castilla y León;Canadá;2018T2;220,25
Castilla y León;Canadá;2018T1;237,61
Castilla y León;Chile;2025T2;200,00
Castilla y León;Chile;2025T1;232,88
Castilla y León;Chile;2024T4;194,78
Castilla y León;Chile;2024T3;293,83
Castilla y León;Chile;2024T2;279,35
Castilla y León;Chile;2024T1;226,85
Castilla y León;Chile;2023T4;202,50
Castilla y León;Chile;2023T3;224,57
Castilla y León;Chile;2023T2;281,46
Castilla y León;Chile;2023T1;282,85
Castilla y León;Chile;2022T4;198,06
Castilla y León;Chile;2022T3;205,04
Castilla y León;Chile;2022T2;176,53
Castilla y León;Chile;2022T1;176,55
Castilla y León;Chile;2021T4;235,51
Castilla y León;Chile;2021T3;242,82
Castilla y León;Chile;2021T2;208,84
Castilla y León;Chile;2021T1;214,50
Castilla y León;Chile;2020T4;175,93
Castilla y León;Chile;2020T3;195,64
Castilla y León;Chile;2020T2;.
Castilla y León;Chile;2020T1;230,19
Castilla y León;Chile;2019T4;162,30
Castilla y León;Chile;2019T3;178,39
Castilla y León;Chile;2019T2;188,33
Castilla y León;Chile;2019T1;189,24
Castilla y León;Chile;2018T4;210,65
Castilla y León;Chile;2018T3;219,66
Castilla y León;Chile;2018T2;186,74
Castilla y León;Chile;2018T1;224,36
Castilla y León;Colombia;2025T2;241,47
Castilla y León;Colombia;2025T1;303,87
Castilla y León;Colombia;2024T4;226,47
Castilla y León;Colombia;2024T3;328,49
Castilla y León;Colombia;2024T2;360,86
Castilla y León;Colombia;2024T1;313,09
Castilla y León;Colombia;2023T4;259,18
Castilla y León;Colombia;2023T3;268,30
Castilla y León;Colombia;2023T2;318,46
Castilla y León;Colombia;2023T1;322,91
Castilla y León;Colombia;2022T4;228,08
Castilla y León;Colombia;2022T3;231,45
Castilla y León;Colombia;2022T2;202,40
Castilla y León;Colombia;2022T1;201,06
Castilla y León;Colombia;2021T4;251,71
Castilla y León;Colombia;2021T3;271,37
Castilla y León;Colombia;2021T2;241,75
Castilla y León;Colombia;2021T1;232,86
Castilla y León;Colombia;2020T4;194,77
Castilla y León;Colombia;2020T3;222,98
Castilla y León;Colombia;2020T2;.
Castilla y León;Colombia;2020T1;271,86
Castilla y León;Colombia;2019T4;209,80
Castilla y León;Colombia;2019T3;229,97
Castilla y León;Colombia;2019T2;223,06
Castilla y León;Colombia;2019T1;253,73
Castilla y León;Colombia;2018T4;272,12
Castilla y León;Colombia;2018T3;253,45
Castilla y León;Colombia;2018T2;224,40
Castilla y León;Colombia;2018T1;272,83
Castilla y León;Estados Unidos de América;2025T2;253,58
Castilla y León;Estados Unidos de América;2025T1;294,45
Castilla y León;Estados Unidos de América;2024T4;246,32
Castilla y León;Estados Unidos de América;2024T3;343,51
Castilla y León;Estados Unidos de América;2024T2;346,89
Castilla y León;Estados Unidos de América;2024T1;288,49
Castilla y León;Estados Unidos de América;2023T4;260,71
Castilla y León;Estados Unidos de América;2023T3;262,41
Castilla y León;Estados Unidos de América;2023T2;325,58
Castilla y León;Estados Unidos de América;2023T1;291,47
Castilla y León;Estados Unidos de América;2022T4;222,49
Castilla y León;Estados Unidos de América;2022T3;236,14
Castilla y León;Estados Unidos de América;2022T2;193,37
Castilla y León;Estados Unidos de América;2022T1;185,45
Castilla y León;Estados Unidos de América;2021T4;250,98
Castilla y León;Estados Unidos de América;2021T3;241,42
Castilla y León;Estados Unidos de América;2021T2;229,84
Castilla y León;Estados Unidos de América;2021T1;224,16
Castilla y León;Estados Unidos de América;2020T4;175,98
Castilla y León;Estados Unidos de América;2020T3;207,09
Castilla y León;Estados Unidos de América;2020T2;.
Castilla y León;Estados Unidos de América;2020T1;231,66
Castilla y León;Estados Unidos de América;2019T4;199,37
Castilla y León;Estados Unidos de América;2019T3;199,14
Castilla y León;Estados Unidos de América;2019T2;214,21
Castilla y León;Estados Unidos de América;2019T1;209,36
Castilla y León;Estados Unidos de América;2018T4;248,69
Castilla y León;Estados Unidos de América;2018T3;225,25
Castilla y León;Estados Unidos de América;2018T2;204,25
Castilla y León;Estados Unidos de América;2018T1;239,35
Castilla y León;México;2025T2;253,28
Castilla y León;México;2025T1;283,98
Castilla y León;México;2024T4;235,64
Castilla y León;México;2024T3;361,76
Castilla y León;México;2024T2;345,42
Castilla y León;México;2024T1;282,81
Castilla y León;México;2023T4;240,81
Castilla y León;México;2023T3;269,95
Castilla y León;México;2023T2;310,76
Castilla y León;México;2023T1;286,84
Castilla y León;México;2022T4;204,26
Castilla y León;México;2022T3;241,22
Castilla y León;México;2022T2;184,10
Castilla y León;México;2022T1;176,94
Castilla y León;México;2021T4;231,85
Castilla y León;México;2021T3;262,50
Castilla y León;México;2021T2;202,10
Castilla y León;México;2021T1;182,74
Castilla y León;México;2020T4;170,19
Castilla y León;México;2020T3;190,75
Castilla y León;México;2020T2;.
Castilla y León;México;2020T1;234,30
Castilla y León;México;2019T4;185,77
Castilla y León;México;2019T3;201,37
Castilla y León;México;2019T2;198,64
Castilla y León;México;2019T1;201,60
Castilla y León;México;2018T4;227,96
Castilla y León;México;2018T3;227,11
Castilla y León;México;2018T2;186,71
Castilla y León;México;2018T1;202,63
Castilla y León;Resto de América;2025T2;241,16
Castilla y León;Resto de América;2025T1;291,66
Castilla y León;Resto de América;2024T4;232,32
Castilla y León;Resto de América;2024T3;341,48
Castilla y León;Resto de América;2024T2;360,59
Castilla y León;Resto de América;2024T1;304,68
Castilla y León;Resto de América;2023T4;251,08
Castilla y León;Resto de América;2023T3;258,41
Castilla y León;Resto de América;2023T2;321,04
Castilla y León;Resto de América;2023T1;316,11
Castilla y León;Resto de América;2022T4;223,41
Castilla y León;Resto de América;2022T3;237,01
Castilla y León;Resto de América;2022T2;197,23
Castilla y León;Resto de América;2022T1;193,15
Castilla y León;Resto de América;2021T4;231,60
Castilla y León;Resto de América;2021T3;250,95
Castilla y León;Resto de América;2021T2;211,90
Castilla y León;Resto de América;2021T1;212,27
Castilla y León;Resto de América;2020T4;168,45
Castilla y León;Resto de América;2020T3;204,58
Castilla y León;Resto de América;2020T2;.
Castilla y León;Resto de América;2020T1;251,95
Castilla y León;Resto de América;2019T4;202,50
Castilla y León;Resto de América;2019T3;212,79
Castilla y León;Resto de América;2019T2;219,20
Castilla y León;Resto de América;2019T1;223,25
Castilla y León;Resto de América;2018T4;242,02
Castilla y León;Resto de América;2018T3;224,30
Castilla y León;Resto de América;2018T2;214,15
Castilla y León;Resto de América;2018T1;244,93
Castilla y León;Australia;2025T2;212,45
Castilla y León;Australia;2025T1;223,90
Castilla y León;Australia;2024T4;193,73
Castilla y León;Australia;2024T3;249,91
Castilla y León;Australia;2024T2;285,65
Castilla y León;Australia;2024T1;231,08
Castilla y León;Australia;2023T4;196,66
Castilla y León;Australia;2023T3;197,06
Castilla y León;Australia;2023T2;297,29
Castilla y León;Australia;2023T1;262,29
Castilla y León;Australia;2022T4;189,90
Castilla y León;Australia;2022T3;196,93
Castilla y León;Australia;2022T2;190,82
Castilla y León;Australia;2022T1;212,87
Castilla y León;Australia;2021T4;230,45
Castilla y León;Australia;2021T3;182,83
Castilla y León;Australia;2021T2;134,41
Castilla y León;Australia;2021T1;135,13
Castilla y León;Australia;2020T4;120,17
Castilla y León;Australia;2020T3;147,70
Castilla y León;Australia;2020T2;.
Castilla y León;Australia;2020T1;178,30
Castilla y León;Australia;2019T4;195,55
Castilla y León;Australia;2019T3;204,27
Castilla y León;Australia;2019T2;260,51
Castilla y León;Australia;2019T1;194,45
Castilla y León;Australia;2018T4;252,80
Castilla y León;Australia;2018T3;238,86
Castilla y León;Australia;2018T2;254,62
Castilla y León;Australia;2018T1;227,66
Castilla y León;China;2025T2;189,41
Castilla y León;China;2025T1;233,46
Castilla y León;China;2024T4;177,45
Castilla y León;China;2024T3;296,50
Castilla y León;China;2024T2;274,14
Castilla y León;China;2024T1;217,95
Castilla y León;China;2023T4;203,19
Castilla y León;China;2023T3;255,30
Castilla y León;China;2023T2;280,99
Castilla y León;China;2023T1;306,59
Castilla y León;China;2022T4;166,93
Castilla y León;China;2022T3;234,71
Castilla y León;China;2022T2;235,27
Castilla y León;China;2022T1;176,26
Castilla y León;China;2021T4;194,41
Castilla y León;China;2021T3;241,66
Castilla y León;China;2021T2;189,44
Castilla y León;China;2021T1;153,75
Castilla y León;China;2020T4;127,23
Castilla y León;China;2020T3;200,65
Castilla y León;China;2020T2;.
Castilla y León;China;2020T1;228,09
Castilla y León;China;2019T4;174,31
Castilla y León;China;2019T3;190,98
Castilla y León;China;2019T2;219,15
Castilla y León;China;2019T1;228,98
Castilla y León;China;2018T4;251,12
Castilla y León;China;2018T3;262,04
Castilla y León;China;2018T2;264,09
Castilla y León;China;2018T1;236,20
Castilla y León;Corea;2025T2;153,24
Castilla y León;Corea;2025T1;176,90
Castilla y León;Corea;2024T4;137,88
Castilla y León;Corea;2024T3;192,53
Castilla y León;Corea;2024T2;210,44
Castilla y León;Corea;2024T1;169,69
Castilla y León;Corea;2023T4;139,20
Castilla y León;Corea;2023T3;142,20
Castilla y León;Corea;2023T2;203,88
Castilla y León;Corea;2023T1;191,52
Castilla y León;Corea;2022T4;152,26
Castilla y León;Corea;2022T3;164,44
Castilla y León;Corea;2022T2;147,51
Castilla y León;Corea;2022T1;141,37
Castilla y León;Corea;2021T4;227,40
Castilla y León;Corea;2021T3;273,99
Castilla y León;Corea;2021T2;248,72
Castilla y León;Corea;2021T1;346,20
Castilla y León;Corea;2020T4;340,68
Castilla y León;Corea;2020T3;174,10
Castilla y León;Corea;2020T2;.
Castilla y León;Corea;2020T1;174,24
Castilla y León;Corea;2019T4;154,81
Castilla y León;Corea;2019T3;165,17
Castilla y León;Corea;2019T2;203,79
Castilla y León;Corea;2019T1;166,54
Castilla y León;Corea;2018T4;241,12
Castilla y León;Corea;2018T3;257,93
Castilla y León;Corea;2018T2;247,97
Castilla y León;Corea;2018T1;195,85
Castilla y León;Emiratos Árabes Unidos;2025T2;278,05
Castilla y León;Emiratos Árabes Unidos;2025T1;304,74
Castilla y León;Emiratos Árabes Unidos;2024T4;215,30
Castilla y León;Emiratos Árabes Unidos;2024T3;416,07
Castilla y León;Emiratos Árabes Unidos;2024T2;399,79
Castilla y León;Emiratos Árabes Unidos;2024T1;308,90
Castilla y León;Emiratos Árabes Unidos;2023T4;267,39
Castilla y León;Emiratos Árabes Unidos;2023T3;273,22
Castilla y León;Emiratos Árabes Unidos;2023T2;278,51
Castilla y León;Emiratos Árabes Unidos;2023T1;281,07
Castilla y León;Emiratos Árabes Unidos;2022T4;205,59
Castilla y León;Emiratos Árabes Unidos;2022T3;242,86
Castilla y León;Emiratos Árabes Unidos;2022T2;194,08
Castilla y León;Emiratos Árabes Unidos;2022T1;197,33
Castilla y León;Emiratos Árabes Unidos;2021T4;196,53
Castilla y León;Emiratos Árabes Unidos;2021T3;225,72
Castilla y León;Emiratos Árabes Unidos;2021T2;156,88
Castilla y León;Emiratos Árabes Unidos;2021T1;119,01
Castilla y León;Emiratos Árabes Unidos;2020T4;102,32
Castilla y León;Emiratos Árabes Unidos;2020T3;164,21
Castilla y León;Emiratos Árabes Unidos;2020T2;.
Castilla y León;Emiratos Árabes Unidos;2020T1;261,93
Castilla y León;Emiratos Árabes Unidos;2019T4;194,17
Castilla y León;Emiratos Árabes Unidos;2019T3;244,49
Castilla y León;Emiratos Árabes Unidos;2019T2;234,00
Castilla y León;Emiratos Árabes Unidos;2019T1;292,35
Castilla y León;Emiratos Árabes Unidos;2018T4;248,09
Castilla y León;Emiratos Árabes Unidos;2018T3;308,39
Castilla y León;Emiratos Árabes Unidos;2018T2;205,97
Castilla y León;Emiratos Árabes Unidos;2018T1;359,05
Castilla y León;Japón;2025T2;149,50
Castilla y León;Japón;2025T1;152,51
Castilla y León;Japón;2024T4;127,03
Castilla y León;Japón;2024T3;214,90
Castilla y León;Japón;2024T2;201,24
Castilla y León;Japón;2024T1;148,46
Castilla y León;Japón;2023T4;129,21
Castilla y León;Japón;2023T3;161,58
Castilla y León;Japón;2023T2;186,88
Castilla y León;Japón;2023T1;176,45
Castilla y León;Japón;2022T4;129,19
Castilla y León;Japón;2022T3;136,89
Castilla y León;Japón;2022T2;120,13
Castilla y León;Japón;2022T1;124,21
Castilla y León;Japón;2021T4;154,59
Castilla y León;Japón;2021T3;225,77
Castilla y León;Japón;2021T2;171,40
Castilla y León;Japón;2021T1;166,20
Castilla y León;Japón;2020T4;172,47
Castilla y León;Japón;2020T3;194,02
Castilla y León;Japón;2020T2;.
Castilla y León;Japón;2020T1;181,86
Castilla y León;Japón;2019T4;146,52
Castilla y León;Japón;2019T3;164,06
Castilla y León;Japón;2019T2;188,62
Castilla y León;Japón;2019T1;188,27
Castilla y León;Japón;2018T4;208,82
Castilla y León;Japón;2018T3;178,19
Castilla y León;Japón;2018T2;193,45
Castilla y León;Japón;2018T1;201,98
Castilla y León;Turquía;2025T2;.
Castilla y León;Turquía;2025T1;294,87
Castilla y León;Turquía;2024T4;199,76
Castilla y León;Turquía;2024T3;231,52
Castilla y León;Turquía;2024T2;.
Castilla y León;Turquía;2024T1;.
Castilla y León;Turquía;2023T4;.
Castilla y León;Turquía;2023T3;.
Castilla y León;Turquía;2023T2;.
Castilla y León;Turquía;2023T1;.
Castilla y León;Turquía;2022T4;.
Castilla y León;Turquía;2022T3;.
Castilla y León;Turquía;2022T2;.
Castilla y León;Turquía;2022T1;152,01
Castilla y León;Turquía;2021T4;210,63
Castilla y León;Turquía;2021T3;176,32
Castilla y León;Turquía;2021T2;119,77
Castilla y León;Turquía;2021T1;120,76
Castilla y León;Turquía;2020T4;114,59
Castilla y León;Turquía;2020T3;159,06
Castilla y León;Turquía;2020T2;.
Castilla y León;Turquía;2020T1;282,93
Castilla y León;Turquía;2019T4;185,50
Castilla y León;Turquía;2019T3;189,36
Castilla y León;Turquía;2019T2;172,05
Castilla y León;Turquía;2019T1;196,26
Castilla y León;Turquía;2018T4;197,99
Castilla y León;Turquía;2018T3;164,33
Castilla y León;Turquía;2018T2;194,02
Castilla y León;Turquía;2018T1;246,48
Castilla y León;Resto del mundo;2025T2;236,73
Castilla y León;Resto del mundo;2025T1;289,09
Castilla y León;Resto del mundo;2024T4;237,49
Castilla y León;Resto del mundo;2024T3;315,09
Castilla y León;Resto del mundo;2024T2;334,77
Castilla y León;Resto del mundo;2024T1;307,93
Castilla y León;Resto del mundo;2023T4;259,59
Castilla y León;Resto del mundo;2023T3;265,10
Castilla y León;Resto del mundo;2023T2;335,61
Castilla y León;Resto del mundo;2023T1;340,70
Castilla y León;Resto del mundo;2022T4;241,94
Castilla y León;Resto del mundo;2022T3;259,34
Castilla y León;Resto del mundo;2022T2;232,09
Castilla y León;Resto del mundo;2022T1;235,69
Castilla y León;Resto del mundo;2021T4;250,23
Castilla y León;Resto del mundo;2021T3;283,71
Castilla y León;Resto del mundo;2021T2;275,49
Castilla y León;Resto del mundo;2021T1;295,09
Castilla y León;Resto del mundo;2020T4;234,11
Castilla y León;Resto del mundo;2020T3;319,00
Castilla y León;Resto del mundo;2020T2;.
Castilla y León;Resto del mundo;2020T1;336,73
Castilla y León;Resto del mundo;2019T4;238,18
Castilla y León;Resto del mundo;2019T3;257,91
Castilla y León;Resto del mundo;2019T2;280,36
Castilla y León;Resto del mundo;2019T1;302,38
Castilla y León;Resto del mundo;2018T4;297,62
Castilla y León;Resto del mundo;2018T3;264,07
Castilla y León;Resto del mundo;2018T2;265,50
Castilla y León;Resto del mundo;2018T1;345,70
Castilla - La Mancha;Total;2025T2;427,03
Castilla - La Mancha;Total;2025T1;649,34
Castilla - La Mancha;Total;2024T4;337,22
Castilla - La Mancha;Total;2024T3;781,98
Castilla - La Mancha;Total;2024T2;401,26
Castilla - La Mancha;Total;2024T1;669,10
Castilla - La Mancha;Total;2023T4;610,01
Castilla - La Mancha;Total;2023T3;602,49
Castilla - La Mancha;Total;2023T2;460,08
Castilla - La Mancha;Total;2023T1;617,08
Castilla - La Mancha;Total;2022T4;471,22
Castilla - La Mancha;Total;2022T3;512,77
Castilla - La Mancha;Total;2022T2;577,06
Castilla - La Mancha;Total;2022T1;470,92
Castilla - La Mancha;Total;2021T4;676,83
Castilla - La Mancha;Total;2021T3;499,34
Castilla - La Mancha;Total;2021T2;567,96
Castilla - La Mancha;Total;2021T1;532,85
Castilla - La Mancha;Total;2020T4;330,77
Castilla - La Mancha;Total;2020T3;465,31
Castilla - La Mancha;Total;2020T2;.
Castilla - La Mancha;Total;2020T1;350,85
Castilla - La Mancha;Total;2019T4;386,83
Castilla - La Mancha;Total;2019T3;354,84
Castilla - La Mancha;Total;2019T2;262,99
Castilla - La Mancha;Total;2019T1;314,57
Castilla - La Mancha;Total;2018T4;527,31
Castilla - La Mancha;Total;2018T3;350,25
Castilla - La Mancha;Total;2018T2;297,45
Castilla - La Mancha;Total;2018T1;316,60
Castilla - La Mancha;Alemania;2025T2;457,63
Castilla - La Mancha;Alemania;2025T1;720,16
Castilla - La Mancha;Alemania;2024T4;362,49
Castilla - La Mancha;Alemania;2024T3;876,40
Castilla - La Mancha;Alemania;2024T2;435,76
Castilla - La Mancha;Alemania;2024T1;734,96
Castilla - La Mancha;Alemania;2023T4;691,15
Castilla - La Mancha;Alemania;2023T3;709,35
Castilla - La Mancha;Alemania;2023T2;536,27
Castilla - La Mancha;Alemania;2023T1;689,88
Castilla - La Mancha;Alemania;2022T4;506,06
Castilla - La Mancha;Alemania;2022T3;594,72
Castilla - La Mancha;Alemania;2022T2;692,32
Castilla - La Mancha;Alemania;2022T1;543,78
Castilla - La Mancha;Alemania;2021T4;807,56
Castilla - La Mancha;Alemania;2021T3;591,94
Castilla - La Mancha;Alemania;2021T2;659,26
Castilla - La Mancha;Alemania;2021T1;670,28
Castilla - La Mancha;Alemania;2020T4;385,32
Castilla - La Mancha;Alemania;2020T3;546,06
Castilla - La Mancha;Alemania;2020T2;.
Castilla - La Mancha;Alemania;2020T1;457,28
Castilla - La Mancha;Alemania;2019T4;492,70
Castilla - La Mancha;Alemania;2019T3;454,08
Castilla - La Mancha;Alemania;2019T2;343,02
Castilla - La Mancha;Alemania;2019T1;403,51
Castilla - La Mancha;Alemania;2018T4;617,73
Castilla - La Mancha;Alemania;2018T3;445,77
Castilla - La Mancha;Alemania;2018T2;381,28
Castilla - La Mancha;Alemania;2018T1;389,72
Castilla - La Mancha;Andorra;2025T2;.
Castilla - La Mancha;Andorra;2025T1;.
Castilla - La Mancha;Andorra;2024T4;408,63
Castilla - La Mancha;Andorra;2024T3;1.084,47
Castilla - La Mancha;Andorra;2024T2;541,09
Castilla - La Mancha;Andorra;2024T1;995,75
Castilla - La Mancha;Andorra;2023T4;746,90
Castilla - La Mancha;Andorra;2023T3;789,38
Castilla - La Mancha;Andorra;2023T2;633,56
Castilla - La Mancha;Andorra;2023T1;1.056,85
Castilla - La Mancha;Andorra;2022T4;633,35
Castilla - La Mancha;Andorra;2022T3;722,73
Castilla - La Mancha;Andorra;2022T2;700,40
Castilla - La Mancha;Andorra;2022T1;617,32
Castilla - La Mancha;Andorra;2021T4;893,42
Castilla - La Mancha;Andorra;2021T3;640,06
Castilla - La Mancha;Andorra;2021T2;722,20
Castilla - La Mancha;Andorra;2021T1;530,38
Castilla - La Mancha;Andorra;2020T4;349,50
Castilla - La Mancha;Andorra;2020T3;492,67
Castilla - La Mancha;Andorra;2020T2;.
Castilla - La Mancha;Andorra;2020T1;437,18
Castilla - La Mancha;Andorra;2019T4;409,92
Castilla - La Mancha;Andorra;2019T3;414,31
Castilla - La Mancha;Andorra;2019T2;299,95
Castilla - La Mancha;Andorra;2019T1;326,17
Castilla - La Mancha;Andorra;2018T4;527,10
Castilla - La Mancha;Andorra;2018T3;381,45
Castilla - La Mancha;Andorra;2018T2;270,10
Castilla - La Mancha;Andorra;2018T1;357,99
Castilla - La Mancha;Austria;2025T2;430,29
Castilla - La Mancha;Austria;2025T1;661,22
Castilla - La Mancha;Austria;2024T4;351,27
Castilla - La Mancha;Austria;2024T3;791,98
Castilla - La Mancha;Austria;2024T2;413,35
Castilla - La Mancha;Austria;2024T1;734,38
Castilla - La Mancha;Austria;2023T4;641,70
Castilla - La Mancha;Austria;2023T3;611,78
Castilla - La Mancha;Austria;2023T2;530,70
Castilla - La Mancha;Austria;2023T1;722,50
Castilla - La Mancha;Austria;2022T4;509,65
Castilla - La Mancha;Austria;2022T3;525,80
Castilla - La Mancha;Austria;2022T2;710,77
Castilla - La Mancha;Austria;2022T1;535,44
Castilla - La Mancha;Austria;2021T4;697,14
Castilla - La Mancha;Austria;2021T3;546,61
Castilla - La Mancha;Austria;2021T2;502,13
Castilla - La Mancha;Austria;2021T1;530,92
Castilla - La Mancha;Austria;2020T4;336,01
Castilla - La Mancha;Austria;2020T3;496,69
Castilla - La Mancha;Austria;2020T2;.
Castilla - La Mancha;Austria;2020T1;377,05
Castilla - La Mancha;Austria;2019T4;478,44
Castilla - La Mancha;Austria;2019T3;442,18
Castilla - La Mancha;Austria;2019T2;340,28
Castilla - La Mancha;Austria;2019T1;353,24
Castilla - La Mancha;Austria;2018T4;555,00
Castilla - La Mancha;Austria;2018T3;448,05
Castilla - La Mancha;Austria;2018T2;431,47
Castilla - La Mancha;Austria;2018T1;369,08
Castilla - La Mancha;Bélgica;2025T2;507,57
Castilla - La Mancha;Bélgica;2025T1;812,16
Castilla - La Mancha;Bélgica;2024T4;397,04
Castilla - La Mancha;Bélgica;2024T3;919,90
Castilla - La Mancha;Bélgica;2024T2;461,15
Castilla - La Mancha;Bélgica;2024T1;810,16
Castilla - La Mancha;Bélgica;2023T4;709,46
Castilla - La Mancha;Bélgica;2023T3;701,30
Castilla - La Mancha;Bélgica;2023T2;508,64
Castilla - La Mancha;Bélgica;2023T1;661,76
Castilla - La Mancha;Bélgica;2022T4;506,19
Castilla - La Mancha;Bélgica;2022T3;578,58
Castilla - La Mancha;Bélgica;2022T2;660,92
Castilla - La Mancha;Bélgica;2022T1;552,18
Castilla - La Mancha;Bélgica;2021T4;752,80
Castilla - La Mancha;Bélgica;2021T3;521,91
Castilla - La Mancha;Bélgica;2021T2;572,22
Castilla - La Mancha;Bélgica;2021T1;557,60
Castilla - La Mancha;Bélgica;2020T4;302,18
Castilla - La Mancha;Bélgica;2020T3;445,36
Castilla - La Mancha;Bélgica;2020T2;.
Castilla - La Mancha;Bélgica;2020T1;381,86
Castilla - La Mancha;Bélgica;2019T4;409,97
Castilla - La Mancha;Bélgica;2019T3;379,07
Castilla - La Mancha;Bélgica;2019T2;279,48
Castilla - La Mancha;Bélgica;2019T1;323,81
Castilla - La Mancha;Bélgica;2018T4;527,74
Castilla - La Mancha;Bélgica;2018T3;347,80
Castilla - La Mancha;Bélgica;2018T2;287,92
Castilla - La Mancha;Bélgica;2018T1;294,53
Castilla - La Mancha;Dinamarca;2025T2;426,39
Castilla - La Mancha;Dinamarca;2025T1;798,28
Castilla - La Mancha;Dinamarca;2024T4;308,59
Castilla - La Mancha;Dinamarca;2024T3;656,52
Castilla - La Mancha;Dinamarca;2024T2;379,28
Castilla - La Mancha;Dinamarca;2024T1;741,96
Castilla - La Mancha;Dinamarca;2023T4;544,86
Castilla - La Mancha;Dinamarca;2023T3;543,87
Castilla - La Mancha;Dinamarca;2023T2;427,22
Castilla - La Mancha;Dinamarca;2023T1;657,40
Castilla - La Mancha;Dinamarca;2022T4;472,71
Castilla - La Mancha;Dinamarca;2022T3;382,11
Castilla - La Mancha;Dinamarca;2022T2;557,70
Castilla - La Mancha;Dinamarca;2022T1;439,40
Castilla - La Mancha;Dinamarca;2021T4;598,91
Castilla - La Mancha;Dinamarca;2021T3;438,32
Castilla - La Mancha;Dinamarca;2021T2;616,73
Castilla - La Mancha;Dinamarca;2021T1;469,13
Castilla - La Mancha;Dinamarca;2020T4;378,04
Castilla - La Mancha;Dinamarca;2020T3;349,13
Castilla - La Mancha;Dinamarca;2020T2;.
Castilla - La Mancha;Dinamarca;2020T1;374,84
Castilla - La Mancha;Dinamarca;2019T4;474,14
Castilla - La Mancha;Dinamarca;2019T3;298,31
Castilla - La Mancha;Dinamarca;2019T2;336,54
Castilla - La Mancha;Dinamarca;2019T1;379,35
Castilla - La Mancha;Dinamarca;2018T4;620,66
Castilla - La Mancha;Dinamarca;2018T3;265,12
Castilla - La Mancha;Dinamarca;2018T2;230,55
Castilla - La Mancha;Dinamarca;2018T1;277,75
Castilla - La Mancha;Finlandia;2025T2;411,10
Castilla - La Mancha;Finlandia;2025T1;608,95
Castilla - La Mancha;Finlandia;2024T4;.
Castilla - La Mancha;Finlandia;2024T3;.
Castilla - La Mancha;Finlandia;2024T2;300,84
Castilla - La Mancha;Finlandia;2024T1;564,10
Castilla - La Mancha;Finlandia;2023T4;569,55
Castilla - La Mancha;Finlandia;2023T3;452,68
Castilla - La Mancha;Finlandia;2023T2;383,71
Castilla - La Mancha;Finlandia;2023T1;489,62
Castilla - La Mancha;Finlandia;2022T4;397,07
Castilla - La Mancha;Finlandia;2022T3;333,85
Castilla - La Mancha;Finlandia;2022T2;439,22
Castilla - La Mancha;Finlandia;2022T1;391,10
Castilla - La Mancha;Finlandia;2021T4;558,51
Castilla - La Mancha;Finlandia;2021T3;521,17
Castilla - La Mancha;Finlandia;2021T2;512,72
Castilla - La Mancha;Finlandia;2021T1;320,29
Castilla - La Mancha;Finlandia;2020T4;195,32
Castilla - La Mancha;Finlandia;2020T3;303,82
Castilla - La Mancha;Finlandia;2020T2;.
Castilla - La Mancha;Finlandia;2020T1;267,47
Castilla - La Mancha;Finlandia;2019T4;338,64
Castilla - La Mancha;Finlandia;2019T3;232,39
Castilla - La Mancha;Finlandia;2019T2;204,27
Castilla - La Mancha;Finlandia;2019T1;227,10
Castilla - La Mancha;Finlandia;2018T4;405,97
Castilla - La Mancha;Finlandia;2018T3;219,20
Castilla - La Mancha;Finlandia;2018T2;221,01
Castilla - La Mancha;Finlandia;2018T1;226,68
Castilla - La Mancha;Francia;2025T2;447,52
Castilla - La Mancha;Francia;2025T1;762,72
Castilla - La Mancha;Francia;2024T4;374,36
Castilla - La Mancha;Francia;2024T3;1.018,11
Castilla - La Mancha;Francia;2024T2;403,62
Castilla - La Mancha;Francia;2024T1;726,42
Castilla - La Mancha;Francia;2023T4;674,94
Castilla - La Mancha;Francia;2023T3;712,22
Castilla - La Mancha;Francia;2023T2;489,24
Castilla - La Mancha;Francia;2023T1;676,31
Castilla - La Mancha;Francia;2022T4;516,60
Castilla - La Mancha;Francia;2022T3;639,56
Castilla - La Mancha;Francia;2022T2;629,05
Castilla - La Mancha;Francia;2022T1;505,22
Castilla - La Mancha;Francia;2021T4;701,87
Castilla - La Mancha;Francia;2021T3;514,91
Castilla - La Mancha;Francia;2021T2;533,08
Castilla - La Mancha;Francia;2021T1;535,53
Castilla - La Mancha;Francia;2020T4;322,77
Castilla - La Mancha;Francia;2020T3;489,67
Castilla - La Mancha;Francia;2020T2;.
Castilla - La Mancha;Francia;2020T1;345,11
Castilla - La Mancha;Francia;2019T4;399,85
Castilla - La Mancha;Francia;2019T3;363,41
Castilla - La Mancha;Francia;2019T2;237,86
Castilla - La Mancha;Francia;2019T1;306,45
Castilla - La Mancha;Francia;2018T4;512,92
Castilla - La Mancha;Francia;2018T3;349,27
Castilla - La Mancha;Francia;2018T2;256,45
Castilla - La Mancha;Francia;2018T1;282,61
Castilla - La Mancha;Irlanda;2025T2;514,60
Castilla - La Mancha;Irlanda;2025T1;645,56
Castilla - La Mancha;Irlanda;2024T4;378,35
Castilla - La Mancha;Irlanda;2024T3;821,27
Castilla - La Mancha;Irlanda;2024T2;446,99
Castilla - La Mancha;Irlanda;2024T1;670,53
Castilla - La Mancha;Irlanda;2023T4;631,49
Castilla - La Mancha;Irlanda;2023T3;505,46
Castilla - La Mancha;Irlanda;2023T2;435,67
Castilla - La Mancha;Irlanda;2023T1;547,96
Castilla - La Mancha;Irlanda;2022T4;428,73
Castilla - La Mancha;Irlanda;2022T3;419,49
Castilla - La Mancha;Irlanda;2022T2;526,71
Castilla - La Mancha;Irlanda;2022T1;404,58
Castilla - La Mancha;Irlanda;2021T4;554,15
Castilla - La Mancha;Irlanda;2021T3;427,17
Castilla - La Mancha;Irlanda;2021T2;443,77
Castilla - La Mancha;Irlanda;2021T1;430,54
Castilla - La Mancha;Irlanda;2020T4;294,99
Castilla - La Mancha;Irlanda;2020T3;370,79
Castilla - La Mancha;Irlanda;2020T2;.
Castilla - La Mancha;Irlanda;2020T1;258,71
Castilla - La Mancha;Irlanda;2019T4;279,95
Castilla - La Mancha;Irlanda;2019T3;270,07
Castilla - La Mancha;Irlanda;2019T2;196,26
Castilla - La Mancha;Irlanda;2019T1;230,45
Castilla - La Mancha;Irlanda;2018T4;415,24
Castilla - La Mancha;Irlanda;2018T3;323,07
Castilla - La Mancha;Irlanda;2018T2;279,18
Castilla - La Mancha;Irlanda;2018T1;251,52
Castilla - La Mancha;Italia;2025T2;344,08
Castilla - La Mancha;Italia;2025T1;537,64
Castilla - La Mancha;Italia;2024T4;286,91
Castilla - La Mancha;Italia;2024T3;687,73
Castilla - La Mancha;Italia;2024T2;318,37
Castilla - La Mancha;Italia;2024T1;504,94
Castilla - La Mancha;Italia;2023T4;458,95
Castilla - La Mancha;Italia;2023T3;473,55
Castilla - La Mancha;Italia;2023T2;376,40
Castilla - La Mancha;Italia;2023T1;522,77
Castilla - La Mancha;Italia;2022T4;383,06
Castilla - La Mancha;Italia;2022T3;485,04
Castilla - La Mancha;Italia;2022T2;481,71
Castilla - La Mancha;Italia;2022T1;431,82
Castilla - La Mancha;Italia;2021T4;581,98
Castilla - La Mancha;Italia;2021T3;460,68
Castilla - La Mancha;Italia;2021T2;523,57
Castilla - La Mancha;Italia;2021T1;539,43
Castilla - La Mancha;Italia;2020T4;358,69
Castilla - La Mancha;Italia;2020T3;491,12
Castilla - La Mancha;Italia;2020T2;.
Castilla - La Mancha;Italia;2020T1;322,02
Castilla - La Mancha;Italia;2019T4;339,33
Castilla - La Mancha;Italia;2019T3;344,17
Castilla - La Mancha;Italia;2019T2;227,11
Castilla - La Mancha;Italia;2019T1;283,25
Castilla - La Mancha;Italia;2018T4;458,77
Castilla - La Mancha;Italia;2018T3;357,36
Castilla - La Mancha;Italia;2018T2;281,03
Castilla - La Mancha;Italia;2018T1;295,96
Castilla - La Mancha;Noruega;2025T2;428,18
Castilla - La Mancha;Noruega;2025T1;807,06
Castilla - La Mancha;Noruega;2024T4;355,64
Castilla - La Mancha;Noruega;2024T3;648,05
Castilla - La Mancha;Noruega;2024T2;364,82
Castilla - La Mancha;Noruega;2024T1;824,10
Castilla - La Mancha;Noruega;2023T4;716,55
Castilla - La Mancha;Noruega;2023T3;525,56
Castilla - La Mancha;Noruega;2023T2;466,29
Castilla - La Mancha;Noruega;2023T1;657,13
Castilla - La Mancha;Noruega;2022T4;522,60
Castilla - La Mancha;Noruega;2022T3;403,74
Castilla - La Mancha;Noruega;2022T2;503,79
Castilla - La Mancha;Noruega;2022T1;501,85
Castilla - La Mancha;Noruega;2021T4;697,96
Castilla - La Mancha;Noruega;2021T3;536,05
Castilla - La Mancha;Noruega;2021T2;634,11
Castilla - La Mancha;Noruega;2021T1;562,77
Castilla - La Mancha;Noruega;2020T4;396,81
Castilla - La Mancha;Noruega;2020T3;638,33
Castilla - La Mancha;Noruega;2020T2;.
Castilla - La Mancha;Noruega;2020T1;348,04
Castilla - La Mancha;Noruega;2019T4;438,30
Castilla - La Mancha;Noruega;2019T3;304,27
Castilla - La Mancha;Noruega;2019T2;296,35
Castilla - La Mancha;Noruega;2019T1;389,44
Castilla - La Mancha;Noruega;2018T4;639,11
Castilla - La Mancha;Noruega;2018T3;299,26
Castilla - La Mancha;Noruega;2018T2;338,82
Castilla - La Mancha;Noruega;2018T1;318,68
Castilla - La Mancha;Países Bajos;2025T2;422,59
Castilla - La Mancha;Países Bajos;2025T1;634,92
Castilla - La Mancha;Países Bajos;2024T4;329,78
Castilla - La Mancha;Países Bajos;2024T3;788,63
Castilla - La Mancha;Países Bajos;2024T2;395,11
Castilla - La Mancha;Países Bajos;2024T1;644,11
Castilla - La Mancha;Países Bajos;2023T4;598,35
Castilla - La Mancha;Países Bajos;2023T3;597,65
Castilla - La Mancha;Países Bajos;2023T2;436,74
Castilla - La Mancha;Países Bajos;2023T1;563,53
Castilla - La Mancha;Países Bajos;2022T4;452,25
Castilla - La Mancha;Países Bajos;2022T3;510,63
Castilla - La Mancha;Países Bajos;2022T2;580,39
Castilla - La Mancha;Países Bajos;2022T1;454,43
Castilla - La Mancha;Países Bajos;2021T4;736,22
Castilla - La Mancha;Países Bajos;2021T3;467,18
Castilla - La Mancha;Países Bajos;2021T2;588,54
Castilla - La Mancha;Países Bajos;2021T1;577,00
Castilla - La Mancha;Países Bajos;2020T4;341,01
Castilla - La Mancha;Países Bajos;2020T3;409,18
Castilla - La Mancha;Países Bajos;2020T2;.
Castilla - La Mancha;Países Bajos;2020T1;309,55
Castilla - La Mancha;Países Bajos;2019T4;361,01
Castilla - La Mancha;Países Bajos;2019T3;335,16
Castilla - La Mancha;Países Bajos;2019T2;246,37
Castilla - La Mancha;Países Bajos;2019T1;275,07
Castilla - La Mancha;Países Bajos;2018T4;463,56
Castilla - La Mancha;Países Bajos;2018T3;324,84
Castilla - La Mancha;Países Bajos;2018T2;274,25
Castilla - La Mancha;Países Bajos;2018T1;265,32
Castilla - La Mancha;Polonia;2025T2;315,94
Castilla - La Mancha;Polonia;2025T1;440,29
Castilla - La Mancha;Polonia;2024T4;218,89
Castilla - La Mancha;Polonia;2024T3;472,37
Castilla - La Mancha;Polonia;2024T2;259,02
Castilla - La Mancha;Polonia;2024T1;401,05
Castilla - La Mancha;Polonia;2023T4;393,59
Castilla - La Mancha;Polonia;2023T3;356,44
Castilla - La Mancha;Polonia;2023T2;285,74
Castilla - La Mancha;Polonia;2023T1;386,70
Castilla - La Mancha;Polonia;2022T4;282,80
Castilla - La Mancha;Polonia;2022T3;290,67
Castilla - La Mancha;Polonia;2022T2;344,55
Castilla - La Mancha;Polonia;2022T1;272,70
Castilla - La Mancha;Polonia;2021T4;368,28
Castilla - La Mancha;Polonia;2021T3;291,34
Castilla - La Mancha;Polonia;2021T2;297,80
Castilla - La Mancha;Polonia;2021T1;234,36
Castilla - La Mancha;Polonia;2020T4;164,16
Castilla - La Mancha;Polonia;2020T3;251,59
Castilla - La Mancha;Polonia;2020T2;.
Castilla - La Mancha;Polonia;2020T1;247,27
Castilla - La Mancha;Polonia;2019T4;245,60
Castilla - La Mancha;Polonia;2019T3;220,28
Castilla - La Mancha;Polonia;2019T2;201,67
Castilla - La Mancha;Polonia;2019T1;206,25
Castilla - La Mancha;Polonia;2018T4;314,90
Castilla - La Mancha;Polonia;2018T3;234,60
Castilla - La Mancha;Polonia;2018T2;189,45
Castilla - La Mancha;Polonia;2018T1;194,34
Castilla - La Mancha;Portugal;2025T2;345,48
Castilla - La Mancha;Portugal;2025T1;519,90
Castilla - La Mancha;Portugal;2024T4;274,64
Castilla - La Mancha;Portugal;2024T3;686,02
Castilla - La Mancha;Portugal;2024T2;335,06
Castilla - La Mancha;Portugal;2024T1;558,80
Castilla - La Mancha;Portugal;2023T4;495,27
Castilla - La Mancha;Portugal;2023T3;523,30
Castilla - La Mancha;Portugal;2023T2;381,49
Castilla - La Mancha;Portugal;2023T1;546,83
Castilla - La Mancha;Portugal;2022T4;386,05
Castilla - La Mancha;Portugal;2022T3;465,29
Castilla - La Mancha;Portugal;2022T2;493,15
Castilla - La Mancha;Portugal;2022T1;419,53
Castilla - La Mancha;Portugal;2021T4;567,87
Castilla - La Mancha;Portugal;2021T3;397,87
Castilla - La Mancha;Portugal;2021T2;439,17
Castilla - La Mancha;Portugal;2021T1;383,93
Castilla - La Mancha;Portugal;2020T4;233,78
Castilla - La Mancha;Portugal;2020T3;365,36
Castilla - La Mancha;Portugal;2020T2;.
Castilla - La Mancha;Portugal;2020T1;297,77
Castilla - La Mancha;Portugal;2019T4;306,68
Castilla - La Mancha;Portugal;2019T3;297,15
Castilla - La Mancha;Portugal;2019T2;209,58
Castilla - La Mancha;Portugal;2019T1;253,77
Castilla - La Mancha;Portugal;2018T4;413,24
Castilla - La Mancha;Portugal;2018T3;287,32
Castilla - La Mancha;Portugal;2018T2;248,73
Castilla - La Mancha;Portugal;2018T1;256,37
Castilla - La Mancha;Reino Unido;2025T2;388,60
Castilla - La Mancha;Reino Unido;2025T1;613,42
Castilla - La Mancha;Reino Unido;2024T4;290,42
Castilla - La Mancha;Reino Unido;2024T3;659,73
Castilla - La Mancha;Reino Unido;2024T2;370,43
Castilla - La Mancha;Reino Unido;2024T1;618,91
Castilla - La Mancha;Reino Unido;2023T4;530,35
Castilla - La Mancha;Reino Unido;2023T3;520,00
Castilla - La Mancha;Reino Unido;2023T2;418,94
Castilla - La Mancha;Reino Unido;2023T1;563,64
Castilla - La Mancha;Reino Unido;2022T4;420,07
Castilla - La Mancha;Reino Unido;2022T3;452,49
Castilla - La Mancha;Reino Unido;2022T2;540,31
Castilla - La Mancha;Reino Unido;2022T1;425,95
Castilla - La Mancha;Reino Unido;2021T4;629,90
Castilla - La Mancha;Reino Unido;2021T3;444,07
Castilla - La Mancha;Reino Unido;2021T2;530,42
Castilla - La Mancha;Reino Unido;2021T1;439,17
Castilla - La Mancha;Reino Unido;2020T4;286,67
Castilla - La Mancha;Reino Unido;2020T3;389,36
Castilla - La Mancha;Reino Unido;2020T2;.
Castilla - La Mancha;Reino Unido;2020T1;334,28
Castilla - La Mancha;Reino Unido;2019T4;358,88
Castilla - La Mancha;Reino Unido;2019T3;367,98
Castilla - La Mancha;Reino Unido;2019T2;270,25
Castilla - La Mancha;Reino Unido;2019T1;311,29
Castilla - La Mancha;Reino Unido;2018T4;536,87
Castilla - La Mancha;Reino Unido;2018T3;378,62
Castilla - La Mancha;Reino Unido;2018T2;325,63
Castilla - La Mancha;Reino Unido;2018T1;317,88
Castilla - La Mancha;Rumanía;2025T2;450,87
Castilla - La Mancha;Rumanía;2025T1;718,39
Castilla - La Mancha;Rumanía;2024T4;370,71
Castilla - La Mancha;Rumanía;2024T3;748,02
Castilla - La Mancha;Rumanía;2024T2;394,04
Castilla - La Mancha;Rumanía;2024T1;762,53
Castilla - La Mancha;Rumanía;2023T4;672,54
Castilla - La Mancha;Rumanía;2023T3;619,43
Castilla - La Mancha;Rumanía;2023T2;528,03
Castilla - La Mancha;Rumanía;2023T1;762,56
Castilla - La Mancha;Rumanía;2022T4;596,16
Castilla - La Mancha;Rumanía;2022T3;568,10
Castilla - La Mancha;Rumanía;2022T2;658,97
Castilla - La Mancha;Rumanía;2022T1;584,67
Castilla - La Mancha;Rumanía;2021T4;852,73
Castilla - La Mancha;Rumanía;2021T3;574,12
Castilla - La Mancha;Rumanía;2021T2;744,84
Castilla - La Mancha;Rumanía;2021T1;657,37
Castilla - La Mancha;Rumanía;2020T4;444,22
Castilla - La Mancha;Rumanía;2020T3;562,35
Castilla - La Mancha;Rumanía;2020T2;.
Castilla - La Mancha;Rumanía;2020T1;400,97
Castilla - La Mancha;Rumanía;2019T4;421,00
Castilla - La Mancha;Rumanía;2019T3;374,79
Castilla - La Mancha;Rumanía;2019T2;291,14
Castilla - La Mancha;Rumanía;2019T1;377,46
Castilla - La Mancha;Rumanía;2018T4;611,74
Castilla - La Mancha;Rumanía;2018T3;399,73
Castilla - La Mancha;Rumanía;2018T2;332,82
Castilla - La Mancha;Rumanía;2018T1;349,06
Castilla - La Mancha;Rusia;2025T2;.
Castilla - La Mancha;Rusia;2025T1;.
Castilla - La Mancha;Rusia;2024T4;.
Castilla - La Mancha;Rusia;2024T3;.
Castilla - La Mancha;Rusia;2024T2;.
Castilla - La Mancha;Rusia;2024T1;.
Castilla - La Mancha;Rusia;2023T4;.
Castilla - La Mancha;Rusia;2023T3;.
Castilla - La Mancha;Rusia;2023T2;.
Castilla - La Mancha;Rusia;2023T1;.
Castilla - La Mancha;Rusia;2022T4;.
Castilla - La Mancha;Rusia;2022T3;.
Castilla - La Mancha;Rusia;2022T2;.
Castilla - La Mancha;Rusia;2022T1;598,53
Castilla - La Mancha;Rusia;2021T4;515,94
Castilla - La Mancha;Rusia;2021T3;667,33
Castilla - La Mancha;Rusia;2021T2;498,50
Castilla - La Mancha;Rusia;2021T1;452,81
Castilla - La Mancha;Rusia;2020T4;294,00
Castilla - La Mancha;Rusia;2020T3;372,90
Castilla - La Mancha;Rusia;2020T2;.
Castilla - La Mancha;Rusia;2020T1;355,07
Castilla - La Mancha;Rusia;2019T4;354,48
Castilla - La Mancha;Rusia;2019T3;444,23
Castilla - La Mancha;Rusia;2019T2;275,29
Castilla - La Mancha;Rusia;2019T1;415,18
Castilla - La Mancha;Rusia;2018T4;592,49
Castilla - La Mancha;Rusia;2018T3;447,16
Castilla - La Mancha;Rusia;2018T2;335,74
Castilla - La Mancha;Rusia;2018T1;591,53
Castilla - La Mancha;Suecia;2025T2;393,20
Castilla - La Mancha;Suecia;2025T1;704,73
Castilla - La Mancha;Suecia;2024T4;341,48
Castilla - La Mancha;Suecia;2024T3;648,98
Castilla - La Mancha;Suecia;2024T2;370,06
Castilla - La Mancha;Suecia;2024T1;803,23
Castilla - La Mancha;Suecia;2023T4;596,15
Castilla - La Mancha;Suecia;2023T3;518,99
Castilla - La Mancha;Suecia;2023T2;484,34
Castilla - La Mancha;Suecia;2023T1;610,73
Castilla - La Mancha;Suecia;2022T4;508,52
Castilla - La Mancha;Suecia;2022T3;441,14
Castilla - La Mancha;Suecia;2022T2;533,99
Castilla - La Mancha;Suecia;2022T1;477,45
Castilla - La Mancha;Suecia;2021T4;621,21
Castilla - La Mancha;Suecia;2021T3;454,57
Castilla - La Mancha;Suecia;2021T2;562,43
Castilla - La Mancha;Suecia;2021T1;460,90
Castilla - La Mancha;Suecia;2020T4;358,93
Castilla - La Mancha;Suecia;2020T3;435,19
Castilla - La Mancha;Suecia;2020T2;.
Castilla - La Mancha;Suecia;2020T1;326,11
Castilla - La Mancha;Suecia;2019T4;339,14
Castilla - La Mancha;Suecia;2019T3;274,13
Castilla - La Mancha;Suecia;2019T2;218,15
Castilla - La Mancha;Suecia;2019T1;287,01
Castilla - La Mancha;Suecia;2018T4;466,98
Castilla - La Mancha;Suecia;2018T3;240,27
Castilla - La Mancha;Suecia;2018T2;241,54
Castilla - La Mancha;Suecia;2018T1;263,36
Castilla - La Mancha;Suiza;2025T2;623,79
Castilla - La Mancha;Suiza;2025T1;991,10
Castilla - La Mancha;Suiza;2024T4;522,21
Castilla - La Mancha;Suiza;2024T3;1.103,38
Castilla - La Mancha;Suiza;2024T2;511,07
Castilla - La Mancha;Suiza;2024T1;999,43
Castilla - La Mancha;Suiza;2023T4;947,92
Castilla - La Mancha;Suiza;2023T3;861,58
Castilla - La Mancha;Suiza;2023T2;677,96
Castilla - La Mancha;Suiza;2023T1;882,96
Castilla - La Mancha;Suiza;2022T4;660,86
Castilla - La Mancha;Suiza;2022T3;763,86
Castilla - La Mancha;Suiza;2022T2;885,97
Castilla - La Mancha;Suiza;2022T1;789,38
Castilla - La Mancha;Suiza;2021T4;1.090,02
Castilla - La Mancha;Suiza;2021T3;709,34
Castilla - La Mancha;Suiza;2021T2;864,07
Castilla - La Mancha;Suiza;2021T1;994,76
Castilla - La Mancha;Suiza;2020T4;511,51
Castilla - La Mancha;Suiza;2020T3;725,69
Castilla - La Mancha;Suiza;2020T2;.
Castilla - La Mancha;Suiza;2020T1;632,16
Castilla - La Mancha;Suiza;2019T4;661,75
Castilla - La Mancha;Suiza;2019T3;579,10
Castilla - La Mancha;Suiza;2019T2;441,80
Castilla - La Mancha;Suiza;2019T1;542,64
Castilla - La Mancha;Suiza;2018T4;967,14
Castilla - La Mancha;Suiza;2018T3;540,31
Castilla - La Mancha;Suiza;2018T2;466,69
Castilla - La Mancha;Suiza;2018T1;561,22
Castilla - La Mancha;Otros Países Europeos;2025T2;332,77
Castilla - La Mancha;Otros Países Europeos;2025T1;524,97
Castilla - La Mancha;Otros Países Europeos;2024T4;276,52
Castilla - La Mancha;Otros Países Europeos;2024T3;552,51
Castilla - La Mancha;Otros Países Europeos;2024T2;287,69
Castilla - La Mancha;Otros Países Europeos;2024T1;535,07
Castilla - La Mancha;Otros Países Europeos;2023T4;460,39
Castilla - La Mancha;Otros Países Europeos;2023T3;425,95
Castilla - La Mancha;Otros Países Europeos;2023T2;327,09
Castilla - La Mancha;Otros Países Europeos;2023T1;494,15
Castilla - La Mancha;Otros Países Europeos;2022T4;393,49
Castilla - La Mancha;Otros Países Europeos;2022T3;375,12
Castilla - La Mancha;Otros Países Europeos;2022T2;438,50
Castilla - La Mancha;Otros Países Europeos;2022T1;380,57
Castilla - La Mancha;Otros Países Europeos;2021T4;525,91
Castilla - La Mancha;Otros Países Europeos;2021T3;373,25
Castilla - La Mancha;Otros Países Europeos;2021T2;442,57
Castilla - La Mancha;Otros Países Europeos;2021T1;380,24
Castilla - La Mancha;Otros Países Europeos;2020T4;216,52
Castilla - La Mancha;Otros Países Europeos;2020T3;300,61
Castilla - La Mancha;Otros Países Europeos;2020T2;.
Castilla - La Mancha;Otros Países Europeos;2020T1;237,99
Castilla - La Mancha;Otros Países Europeos;2019T4;261,53
Castilla - La Mancha;Otros Países Europeos;2019T3;258,43
Castilla - La Mancha;Otros Países Europeos;2019T2;185,11
Castilla - La Mancha;Otros Países Europeos;2019T1;232,41
Castilla - La Mancha;Otros Países Europeos;2018T4;367,38
Castilla - La Mancha;Otros Países Europeos;2018T3;254,50
Castilla - La Mancha;Otros Países Europeos;2018T2;204,25
Castilla - La Mancha;Otros Países Europeos;2018T1;236,96
Castilla - La Mancha;Argentina;2025T2;396,98
Castilla - La Mancha;Argentina;2025T1;547,09
Castilla - La Mancha;Argentina;2024T4;266,36
Castilla - La Mancha;Argentina;2024T3;615,69
Castilla - La Mancha;Argentina;2024T2;335,54
Castilla - La Mancha;Argentina;2024T1;448,66
Castilla - La Mancha;Argentina;2023T4;401,04
Castilla - La Mancha;Argentina;2023T3;423,22
Castilla - La Mancha;Argentina;2023T2;317,15
Castilla - La Mancha;Argentina;2023T1;414,99
Castilla - La Mancha;Argentina;2022T4;329,01
Castilla - La Mancha;Argentina;2022T3;328,16
Castilla - La Mancha;Argentina;2022T2;402,37
Castilla - La Mancha;Argentina;2022T1;322,91
Castilla - La Mancha;Argentina;2021T4;421,71
Castilla - La Mancha;Argentina;2021T3;365,82
Castilla - La Mancha;Argentina;2021T2;366,52
Castilla - La Mancha;Argentina;2021T1;334,06
Castilla - La Mancha;Argentina;2020T4;248,97
Castilla - La Mancha;Argentina;2020T3;366,80
Castilla - La Mancha;Argentina;2020T2;.
Castilla - La Mancha;Argentina;2020T1;197,34
Castilla - La Mancha;Argentina;2019T4;228,36
Castilla - La Mancha;Argentina;2019T3;220,69
Castilla - La Mancha;Argentina;2019T2;168,34
Castilla - La Mancha;Argentina;2019T1;191,80
Castilla - La Mancha;Argentina;2018T4;308,91
Castilla - La Mancha;Argentina;2018T3;223,83
Castilla - La Mancha;Argentina;2018T2;186,67
Castilla - La Mancha;Argentina;2018T1;205,04
Castilla - La Mancha;Brasil;2025T2;271,04
Castilla - La Mancha;Brasil;2025T1;440,67
Castilla - La Mancha;Brasil;2024T4;212,41
Castilla - La Mancha;Brasil;2024T3;463,25
Castilla - La Mancha;Brasil;2024T2;278,20
Castilla - La Mancha;Brasil;2024T1;467,73
Castilla - La Mancha;Brasil;2023T4;410,43
Castilla - La Mancha;Brasil;2023T3;402,11
Castilla - La Mancha;Brasil;2023T2;333,79
Castilla - La Mancha;Brasil;2023T1;444,88
Castilla - La Mancha;Brasil;2022T4;344,96
Castilla - La Mancha;Brasil;2022T3;397,89
Castilla - La Mancha;Brasil;2022T2;456,92
Castilla - La Mancha;Brasil;2022T1;436,24
Castilla - La Mancha;Brasil;2021T4;616,05
Castilla - La Mancha;Brasil;2021T3;525,38
Castilla - La Mancha;Brasil;2021T2;652,70
Castilla - La Mancha;Brasil;2021T1;618,22
Castilla - La Mancha;Brasil;2020T4;355,10
Castilla - La Mancha;Brasil;2020T3;426,92
Castilla - La Mancha;Brasil;2020T2;.
Castilla - La Mancha;Brasil;2020T1;320,83
Castilla - La Mancha;Brasil;2019T4;314,48
Castilla - La Mancha;Brasil;2019T3;277,22
Castilla - La Mancha;Brasil;2019T2;228,03
Castilla - La Mancha;Brasil;2019T1;276,08
Castilla - La Mancha;Brasil;2018T4;447,12
Castilla - La Mancha;Brasil;2018T3;271,84
Castilla - La Mancha;Brasil;2018T2;249,84
Castilla - La Mancha;Brasil;2018T1;263,43
Castilla - La Mancha;Canadá;2025T2;402,25
Castilla - La Mancha;Canadá;2025T1;536,13
Castilla - La Mancha;Canadá;2024T4;293,09
Castilla - La Mancha;Canadá;2024T3;653,36
Castilla - La Mancha;Canadá;2024T2;363,46
Castilla - La Mancha;Canadá;2024T1;665,72
Castilla - La Mancha;Canadá;2023T4;625,80
Castilla - La Mancha;Canadá;2023T3;545,08
Castilla - La Mancha;Canadá;2023T2;434,78
Castilla - La Mancha;Canadá;2023T1;622,49
Castilla - La Mancha;Canadá;2022T4;483,77
Castilla - La Mancha;Canadá;2022T3;457,73
Castilla - La Mancha;Canadá;2022T2;576,91
Castilla - La Mancha;Canadá;2022T1;417,95
Castilla - La Mancha;Canadá;2021T4;761,84
Castilla - La Mancha;Canadá;2021T3;518,93
Castilla - La Mancha;Canadá;2021T2;716,69
Castilla - La Mancha;Canadá;2021T1;593,74
Castilla - La Mancha;Canadá;2020T4;410,58
Castilla - La Mancha;Canadá;2020T3;686,58
Castilla - La Mancha;Canadá;2020T2;.
Castilla - La Mancha;Canadá;2020T1;279,76
Castilla - La Mancha;Canadá;2019T4;375,67
Castilla - La Mancha;Canadá;2019T3;320,35
Castilla - La Mancha;Canadá;2019T2;222,51
Castilla - La Mancha;Canadá;2019T1;262,96
Castilla - La Mancha;Canadá;2018T4;450,88
Castilla - La Mancha;Canadá;2018T3;326,39
Castilla - La Mancha;Canadá;2018T2;277,62
Castilla - La Mancha;Canadá;2018T1;273,58
Castilla - La Mancha;Chile;2025T2;357,19
Castilla - La Mancha;Chile;2025T1;554,77
Castilla - La Mancha;Chile;2024T4;280,04
Castilla - La Mancha;Chile;2024T3;626,00
Castilla - La Mancha;Chile;2024T2;355,54
Castilla - La Mancha;Chile;2024T1;569,99
Castilla - La Mancha;Chile;2023T4;515,50
Castilla - La Mancha;Chile;2023T3;579,08
Castilla - La Mancha;Chile;2023T2;438,88
Castilla - La Mancha;Chile;2023T1;601,52
Castilla - La Mancha;Chile;2022T4;416,61
Castilla - La Mancha;Chile;2022T3;440,14
Castilla - La Mancha;Chile;2022T2;522,46
Castilla - La Mancha;Chile;2022T1;498,23
Castilla - La Mancha;Chile;2021T4;655,80
Castilla - La Mancha;Chile;2021T3;488,94
Castilla - La Mancha;Chile;2021T2;868,59
Castilla - La Mancha;Chile;2021T1;704,61
Castilla - La Mancha;Chile;2020T4;381,92
Castilla - La Mancha;Chile;2020T3;547,73
Castilla - La Mancha;Chile;2020T2;.
Castilla - La Mancha;Chile;2020T1;315,76
Castilla - La Mancha;Chile;2019T4;375,86
Castilla - La Mancha;Chile;2019T3;329,25
Castilla - La Mancha;Chile;2019T2;235,43
Castilla - La Mancha;Chile;2019T1;296,67
Castilla - La Mancha;Chile;2018T4;491,05
Castilla - La Mancha;Chile;2018T3;323,13
Castilla - La Mancha;Chile;2018T2;285,19
Castilla - La Mancha;Chile;2018T1;246,61
Castilla - La Mancha;Colombia;2025T2;453,86
Castilla - La Mancha;Colombia;2025T1;734,48
Castilla - La Mancha;Colombia;2024T4;368,47
Castilla - La Mancha;Colombia;2024T3;791,51
Castilla - La Mancha;Colombia;2024T2;435,42
Castilla - La Mancha;Colombia;2024T1;720,67
Castilla - La Mancha;Colombia;2023T4;641,25
Castilla - La Mancha;Colombia;2023T3;646,16
Castilla - La Mancha;Colombia;2023T2;480,96
Castilla - La Mancha;Colombia;2023T1;652,79
Castilla - La Mancha;Colombia;2022T4;508,12
Castilla - La Mancha;Colombia;2022T3;552,16
Castilla - La Mancha;Colombia;2022T2;640,37
Castilla - La Mancha;Colombia;2022T1;558,08
Castilla - La Mancha;Colombia;2021T4;794,14
Castilla - La Mancha;Colombia;2021T3;658,52
Castilla - La Mancha;Colombia;2021T2;778,98
Castilla - La Mancha;Colombia;2021T1;933,25
Castilla - La Mancha;Colombia;2020T4;650,81
Castilla - La Mancha;Colombia;2020T3;685,33
Castilla - La Mancha;Colombia;2020T2;.
Castilla - La Mancha;Colombia;2020T1;441,59
Castilla - La Mancha;Colombia;2019T4;480,23
Castilla - La Mancha;Colombia;2019T3;433,43
Castilla - La Mancha;Colombia;2019T2;300,22
Castilla - La Mancha;Colombia;2019T1;434,41
Castilla - La Mancha;Colombia;2018T4;642,67
Castilla - La Mancha;Colombia;2018T3;434,68
Castilla - La Mancha;Colombia;2018T2;357,08
Castilla - La Mancha;Colombia;2018T1;466,05
Castilla - La Mancha;Estados Unidos de América;2025T2;496,62
Castilla - La Mancha;Estados Unidos de América;2025T1;663,23
Castilla - La Mancha;Estados Unidos de América;2024T4;374,02
Castilla - La Mancha;Estados Unidos de América;2024T3;809,54
Castilla - La Mancha;Estados Unidos de América;2024T2;468,41
Castilla - La Mancha;Estados Unidos de América;2024T1;735,86
Castilla - La Mancha;Estados Unidos de América;2023T4;709,66
Castilla - La Mancha;Estados Unidos de América;2023T3;670,17
Castilla - La Mancha;Estados Unidos de América;2023T2;531,41
Castilla - La Mancha;Estados Unidos de América;2023T1;659,48
Castilla - La Mancha;Estados Unidos de América;2022T4;534,02
Castilla - La Mancha;Estados Unidos de América;2022T3;501,37
Castilla - La Mancha;Estados Unidos de América;2022T2;628,58
Castilla - La Mancha;Estados Unidos de América;2022T1;468,87
Castilla - La Mancha;Estados Unidos de América;2021T4;759,13
Castilla - La Mancha;Estados Unidos de América;2021T3;562,33
Castilla - La Mancha;Estados Unidos de América;2021T2;763,59
Castilla - La Mancha;Estados Unidos de América;2021T1;781,39
Castilla - La Mancha;Estados Unidos de América;2020T4;457,86
Castilla - La Mancha;Estados Unidos de América;2020T3;656,28
Castilla - La Mancha;Estados Unidos de América;2020T2;.
Castilla - La Mancha;Estados Unidos de América;2020T1;364,57
Castilla - La Mancha;Estados Unidos de América;2019T4;403,91
Castilla - La Mancha;Estados Unidos de América;2019T3;352,87
Castilla - La Mancha;Estados Unidos de América;2019T2;268,57
Castilla - La Mancha;Estados Unidos de América;2019T1;294,98
Castilla - La Mancha;Estados Unidos de América;2018T4;541,76
Castilla - La Mancha;Estados Unidos de América;2018T3;337,00
Castilla - La Mancha;Estados Unidos de América;2018T2;294,66
Castilla - La Mancha;Estados Unidos de América;2018T1;316,75
Castilla - La Mancha;México;2025T2;435,60
Castilla - La Mancha;México;2025T1;626,27
Castilla - La Mancha;México;2024T4;313,31
Castilla - La Mancha;México;2024T3;784,81
Castilla - La Mancha;México;2024T2;416,04
Castilla - La Mancha;México;2024T1;660,35
Castilla - La Mancha;México;2023T4;576,35
Castilla - La Mancha;México;2023T3;635,32
Castilla - La Mancha;México;2023T2;467,90
Castilla - La Mancha;México;2023T1;574,38
Castilla - La Mancha;México;2022T4;439,94
Castilla - La Mancha;México;2022T3;477,70
Castilla - La Mancha;México;2022T2;502,25
Castilla - La Mancha;México;2022T1;415,37
Castilla - La Mancha;México;2021T4;689,71
Castilla - La Mancha;México;2021T3;566,02
Castilla - La Mancha;México;2021T2;663,18
Castilla - La Mancha;México;2021T1;696,82
Castilla - La Mancha;México;2020T4;463,35
Castilla - La Mancha;México;2020T3;559,74
Castilla - La Mancha;México;2020T2;.
Castilla - La Mancha;México;2020T1;322,30
Castilla - La Mancha;México;2019T4;360,63
Castilla - La Mancha;México;2019T3;332,27
Castilla - La Mancha;México;2019T2;266,23
Castilla - La Mancha;México;2019T1;317,14
Castilla - La Mancha;México;2018T4;505,86
Castilla - La Mancha;México;2018T3;317,98
Castilla - La Mancha;México;2018T2;273,48
Castilla - La Mancha;México;2018T1;299,50
Castilla - La Mancha;Resto de América;2025T2;436,10
Castilla - La Mancha;Resto de América;2025T1;675,97
Castilla - La Mancha;Resto de América;2024T4;349,85
Castilla - La Mancha;Resto de América;2024T3;756,11
Castilla - La Mancha;Resto de América;2024T2;418,76
Castilla - La Mancha;Resto de América;2024T1;692,52
Castilla - La Mancha;Resto de América;2023T4;626,11
Castilla - La Mancha;Resto de América;2023T3;624,02
Castilla - La Mancha;Resto de América;2023T2;475,55
Castilla - La Mancha;Resto de América;2023T1;658,16
Castilla - La Mancha;Resto de América;2022T4;487,76
Castilla - La Mancha;Resto de América;2022T3;536,74
Castilla - La Mancha;Resto de América;2022T2;583,08
Castilla - La Mancha;Resto de América;2022T1;492,28
Castilla - La Mancha;Resto de América;2021T4;722,34
Castilla - La Mancha;Resto de América;2021T3;565,77
Castilla - La Mancha;Resto de América;2021T2;753,39
Castilla - La Mancha;Resto de América;2021T1;712,55
Castilla - La Mancha;Resto de América;2020T4;398,63
Castilla - La Mancha;Resto de América;2020T3;560,36
Castilla - La Mancha;Resto de América;2020T2;.
Castilla - La Mancha;Resto de América;2020T1;378,77
Castilla - La Mancha;Resto de América;2019T4;406,31
Castilla - La Mancha;Resto de América;2019T3;366,89
Castilla - La Mancha;Resto de América;2019T2;283,11
Castilla - La Mancha;Resto de América;2019T1;355,71
Castilla - La Mancha;Resto de América;2018T4;540,09
Castilla - La Mancha;Resto de América;2018T3;360,46
Castilla - La Mancha;Resto de América;2018T2;317,43
Castilla - La Mancha;Resto de América;2018T1;319,80
Castilla - La Mancha;Australia;2025T2;372,68
Castilla - La Mancha;Australia;2025T1;550,39
Castilla - La Mancha;Australia;2024T4;265,69
Castilla - La Mancha;Australia;2024T3;587,47
Castilla - La Mancha;Australia;2024T2;364,51
Castilla - La Mancha;Australia;2024T1;526,17
Castilla - La Mancha;Australia;2023T4;488,09
Castilla - La Mancha;Australia;2023T3;485,04
Castilla - La Mancha;Australia;2023T2;373,94
Castilla - La Mancha;Australia;2023T1;455,90
Castilla - La Mancha;Australia;2022T4;403,22
Castilla - La Mancha;Australia;2022T3;403,50
Castilla - La Mancha;Australia;2022T2;502,63
Castilla - La Mancha;Australia;2022T1;483,44
Castilla - La Mancha;Australia;2021T4;685,31
Castilla - La Mancha;Australia;2021T3;671,07
Castilla - La Mancha;Australia;2021T2;792,86
Castilla - La Mancha;Australia;2021T1;578,21
Castilla - La Mancha;Australia;2020T4;427,61
Castilla - La Mancha;Australia;2020T3;430,10
Castilla - La Mancha;Australia;2020T2;.
Castilla - La Mancha;Australia;2020T1;336,32
Castilla - La Mancha;Australia;2019T4;394,26
Castilla - La Mancha;Australia;2019T3;309,10
Castilla - La Mancha;Australia;2019T2;263,52
Castilla - La Mancha;Australia;2019T1;334,41
Castilla - La Mancha;Australia;2018T4;535,23
Castilla - La Mancha;Australia;2018T3;329,00
Castilla - La Mancha;Australia;2018T2;338,46
Castilla - La Mancha;Australia;2018T1;323,65
Castilla - La Mancha;China;2025T2;480,31
Castilla - La Mancha;China;2025T1;857,24
Castilla - La Mancha;China;2024T4;371,66
Castilla - La Mancha;China;2024T3;1.043,01
Castilla - La Mancha;China;2024T2;594,04
Castilla - La Mancha;China;2024T1;984,85
Castilla - La Mancha;China;2023T4;703,51
Castilla - La Mancha;China;2023T3;1.129,02
Castilla - La Mancha;China;2023T2;677,56
Castilla - La Mancha;China;2023T1;1.162,99
Castilla - La Mancha;China;2022T4;600,21
Castilla - La Mancha;China;2022T3;950,77
Castilla - La Mancha;China;2022T2;879,99
Castilla - La Mancha;China;2022T1;893,74
Castilla - La Mancha;China;2021T4;828,41
Castilla - La Mancha;China;2021T3;897,45
Castilla - La Mancha;China;2021T2;972,98
Castilla - La Mancha;China;2021T1;1.418,02
Castilla - La Mancha;China;2020T4;616,88
Castilla - La Mancha;China;2020T3;856,52
Castilla - La Mancha;China;2020T2;.
Castilla - La Mancha;China;2020T1;566,09
Castilla - La Mancha;China;2019T4;779,21
Castilla - La Mancha;China;2019T3;652,63
Castilla - La Mancha;China;2019T2;537,41
Castilla - La Mancha;China;2019T1;483,20
Castilla - La Mancha;China;2018T4;1.018,16
Castilla - La Mancha;China;2018T3;691,88
Castilla - La Mancha;China;2018T2;685,00
Castilla - La Mancha;China;2018T1;629,86
Castilla - La Mancha;Corea;2025T2;669,78
Castilla - La Mancha;Corea;2025T1;799,17
Castilla - La Mancha;Corea;2024T4;546,06
Castilla - La Mancha;Corea;2024T3;893,01
Castilla - La Mancha;Corea;2024T2;615,94
Castilla - La Mancha;Corea;2024T1;858,10
Castilla - La Mancha;Corea;2023T4;906,76
Castilla - La Mancha;Corea;2023T3;824,22
Castilla - La Mancha;Corea;2023T2;712,50
Castilla - La Mancha;Corea;2023T1;765,49
Castilla - La Mancha;Corea;2022T4;635,68
Castilla - La Mancha;Corea;2022T3;567,02
Castilla - La Mancha;Corea;2022T2;768,38
Castilla - La Mancha;Corea;2022T1;292,01
Castilla - La Mancha;Corea;2021T4;711,98
Castilla - La Mancha;Corea;2021T3;641,43
Castilla - La Mancha;Corea;2021T2;626,69
Castilla - La Mancha;Corea;2021T1;602,48
Castilla - La Mancha;Corea;2020T4;361,26
Castilla - La Mancha;Corea;2020T3;.
Castilla - La Mancha;Corea;2020T2;.
Castilla - La Mancha;Corea;2020T1;418,56
Castilla - La Mancha;Corea;2019T4;594,89
Castilla - La Mancha;Corea;2019T3;426,51
Castilla - La Mancha;Corea;2019T2;422,82
Castilla - La Mancha;Corea;2019T1;476,74
Castilla - La Mancha;Corea;2018T4;779,41
Castilla - La Mancha;Corea;2018T3;478,95
Castilla - La Mancha;Corea;2018T2;561,44
Castilla - La Mancha;Corea;2018T1;513,43
Castilla - La Mancha;Emiratos Árabes Unidos;2025T2;618,16
Castilla - La Mancha;Emiratos Árabes Unidos;2025T1;1.049,63
Castilla - La Mancha;Emiratos Árabes Unidos;2024T4;590,10
Castilla - La Mancha;Emiratos Árabes Unidos;2024T3;960,44
Castilla - La Mancha;Emiratos Árabes Unidos;2024T2;.
Castilla - La Mancha;Emiratos Árabes Unidos;2024T1;.
Castilla - La Mancha;Emiratos Árabes Unidos;2023T4;.
Castilla - La Mancha;Emiratos Árabes Unidos;2023T3;.
Castilla - La Mancha;Emiratos Árabes Unidos;2023T2;.
Castilla - La Mancha;Emiratos Árabes Unidos;2023T1;.
Castilla - La Mancha;Emiratos Árabes Unidos;2022T4;643,08
Castilla - La Mancha;Emiratos Árabes Unidos;2022T3;670,25
Castilla - La Mancha;Emiratos Árabes Unidos;2022T2;951,81
Castilla - La Mancha;Emiratos Árabes Unidos;2022T1;950,77
Castilla - La Mancha;Emiratos Árabes Unidos;2021T4;869,37
Castilla - La Mancha;Emiratos Árabes Unidos;2021T3;662,62
Castilla - La Mancha;Emiratos Árabes Unidos;2021T2;954,10
Castilla - La Mancha;Emiratos Árabes Unidos;2021T1;1.083,97
Castilla - La Mancha;Emiratos Árabes Unidos;2020T4;523,98
Castilla - La Mancha;Emiratos Árabes Unidos;2020T3;657,38
Castilla - La Mancha;Emiratos Árabes Unidos;2020T2;.
Castilla - La Mancha;Emiratos Árabes Unidos;2020T1;1.106,21
Castilla - La Mancha;Emiratos Árabes Unidos;2019T4;470,59
Castilla - La Mancha;Emiratos Árabes Unidos;2019T3;368,12
Castilla - La Mancha;Emiratos Árabes Unidos;2019T2;300,44
Castilla - La Mancha;Emiratos Árabes Unidos;2019T1;335,13
Castilla - La Mancha;Emiratos Árabes Unidos;2018T4;498,83
Castilla - La Mancha;Emiratos Árabes Unidos;2018T3;484,39
Castilla - La Mancha;Emiratos Árabes Unidos;2018T2;343,76
Castilla - La Mancha;Emiratos Árabes Unidos;2018T1;317,03
Castilla - La Mancha;Japón;2025T2;309,09
Castilla - La Mancha;Japón;2025T1;416,89
Castilla - La Mancha;Japón;2024T4;249,02
Castilla - La Mancha;Japón;2024T3;546,12
Castilla - La Mancha;Japón;2024T2;305,81
Castilla - La Mancha;Japón;2024T1;440,62
Castilla - La Mancha;Japón;2023T4;454,07
Castilla - La Mancha;Japón;2023T3;403,90
Castilla - La Mancha;Japón;2023T2;355,90
Castilla - La Mancha;Japón;2023T1;467,72
Castilla - La Mancha;Japón;2022T4;.
Castilla - La Mancha;Japón;2022T3;.
Castilla - La Mancha;Japón;2022T2;.
Castilla - La Mancha;Japón;2022T1;331,11
Castilla - La Mancha;Japón;2021T4;536,53
Castilla - La Mancha;Japón;2021T3;361,42
Castilla - La Mancha;Japón;2021T2;483,39
Castilla - La Mancha;Japón;2021T1;688,08
Castilla - La Mancha;Japón;2020T4;349,46
Castilla - La Mancha;Japón;2020T3;.
Castilla - La Mancha;Japón;2020T2;.
Castilla - La Mancha;Japón;2020T1;248,10
Castilla - La Mancha;Japón;2019T4;331,09
Castilla - La Mancha;Japón;2019T3;317,99
Castilla - La Mancha;Japón;2019T2;242,17
Castilla - La Mancha;Japón;2019T1;224,90
Castilla - La Mancha;Japón;2018T4;421,75
Castilla - La Mancha;Japón;2018T3;351,68
Castilla - La Mancha;Japón;2018T2;285,85
Castilla - La Mancha;Japón;2018T1;241,08
Castilla - La Mancha;Turquía;2025T2;345,83
Castilla - La Mancha;Turquía;2025T1;487,36
Castilla - La Mancha;Turquía;2024T4;258,61
Castilla - La Mancha;Turquía;2024T3;522,80
Castilla - La Mancha;Turquía;2024T2;299,64
Castilla - La Mancha;Turquía;2024T1;483,94
Castilla - La Mancha;Turquía;2023T4;503,91
Castilla - La Mancha;Turquía;2023T3;392,04
Castilla - La Mancha;Turquía;2023T2;360,43
Castilla - La Mancha;Turquía;2023T1;508,53
Castilla - La Mancha;Turquía;2022T4;397,19
Castilla - La Mancha;Turquía;2022T3;328,21
Castilla - La Mancha;Turquía;2022T2;360,19
Castilla - La Mancha;Turquía;2022T1;319,70
Castilla - La Mancha;Turquía;2021T4;621,03
Castilla - La Mancha;Turquía;2021T3;542,31
Castilla - La Mancha;Turquía;2021T2;470,35
Castilla - La Mancha;Turquía;2021T1;467,66
Castilla - La Mancha;Turquía;2020T4;293,28
Castilla - La Mancha;Turquía;2020T3;417,92
Castilla - La Mancha;Turquía;2020T2;.
Castilla - La Mancha;Turquía;2020T1;346,65
Castilla - La Mancha;Turquía;2019T4;386,41
Castilla - La Mancha;Turquía;2019T3;245,71
Castilla - La Mancha;Turquía;2019T2;198,98
Castilla - La Mancha;Turquía;2019T1;304,63
Castilla - La Mancha;Turquía;2018T4;474,01
Castilla - La Mancha;Turquía;2018T3;270,88
Castilla - La Mancha;Turquía;2018T2;238,96
Castilla - La Mancha;Turquía;2018T1;268,90
Castilla - La Mancha;Resto del mundo;2025T2;489,63
Castilla - La Mancha;Resto del mundo;2025T1;877,71
Castilla - La Mancha;Resto del mundo;2024T4;426,73
Castilla - La Mancha;Resto del mundo;2024T3;932,97
Castilla - La Mancha;Resto del mundo;2024T2;507,56
Castilla - La Mancha;Resto del mundo;2024T1;896,08
Castilla - La Mancha;Resto del mundo;2023T4;844,69
Castilla - La Mancha;Resto del mundo;2023T3;733,02
Castilla - La Mancha;Resto del mundo;2023T2;504,59
Castilla - La Mancha;Resto del mundo;2023T1;810,03
Castilla - La Mancha;Resto del mundo;2022T4;566,60
Castilla - La Mancha;Resto del mundo;2022T3;629,73
Castilla - La Mancha;Resto del mundo;2022T2;773,15
Castilla - La Mancha;Resto del mundo;2022T1;665,87
Castilla - La Mancha;Resto del mundo;2021T4;864,29
Castilla - La Mancha;Resto del mundo;2021T3;809,99
Castilla - La Mancha;Resto del mundo;2021T2;906,91
Castilla - La Mancha;Resto del mundo;2021T1;819,70
Castilla - La Mancha;Resto del mundo;2020T4;554,95
Castilla - La Mancha;Resto del mundo;2020T3;1.112,19
Castilla - La Mancha;Resto del mundo;2020T2;.
Castilla - La Mancha;Resto del mundo;2020T1;537,92
Castilla - La Mancha;Resto del mundo;2019T4;507,69
Castilla - La Mancha;Resto del mundo;2019T3;497,34
Castilla - La Mancha;Resto del mundo;2019T2;366,27
Castilla - La Mancha;Resto del mundo;2019T1;473,15
Castilla - La Mancha;Resto del mundo;2018T4;696,08
Castilla - La Mancha;Resto del mundo;2018T3;427,60
Castilla - La Mancha;Resto del mundo;2018T2;392,01
Castilla - La Mancha;Resto del mundo;2018T1;490,83
Cataluña;Total;2025T2;360,20
Cataluña;Total;2025T1;318,14
Cataluña;Total;2024T4;347,22
Cataluña;Total;2024T3;353,52
Cataluña;Total;2024T2;379,00
Cataluña;Total;2024T1;353,59
Cataluña;Total;2023T4;368,09
Cataluña;Total;2023T3;392,19
Cataluña;Total;2023T2;354,57
Cataluña;Total;2023T1;346,55
Cataluña;Total;2022T4;344,07
Cataluña;Total;2022T3;391,46
Cataluña;Total;2022T2;336,41
Cataluña;Total;2022T1;286,86
Cataluña;Total;2021T4;303,16
Cataluña;Total;2021T3;301,62
Cataluña;Total;2021T2;249,73
Cataluña;Total;2021T1;207,79
Cataluña;Total;2020T4;175,72
Cataluña;Total;2020T3;225,69
Cataluña;Total;2020T2;.
Cataluña;Total;2020T1;276,09
Cataluña;Total;2019T4;287,09
Cataluña;Total;2019T3;348,94
Cataluña;Total;2019T2;320,70
Cataluña;Total;2019T1;298,62
Cataluña;Total;2018T4;307,41
Cataluña;Total;2018T3;339,36
Cataluña;Total;2018T2;331,90
Cataluña;Total;2018T1;316,02
Cataluña;Alemania;2025T2;347,10
Cataluña;Alemania;2025T1;282,87
Cataluña;Alemania;2024T4;312,96
Cataluña;Alemania;2024T3;337,47
Cataluña;Alemania;2024T2;367,52
Cataluña;Alemania;2024T1;332,21
Cataluña;Alemania;2023T4;349,92
Cataluña;Alemania;2023T3;393,63
Cataluña;Alemania;2023T2;362,67
Cataluña;Alemania;2023T1;321,39
Cataluña;Alemania;2022T4;324,22
Cataluña;Alemania;2022T3;411,18
Cataluña;Alemania;2022T2;357,47
Cataluña;Alemania;2022T1;262,65
Cataluña;Alemania;2021T4;293,79
Cataluña;Alemania;2021T3;318,32
Cataluña;Alemania;2021T2;245,38
Cataluña;Alemania;2021T1;183,38
Cataluña;Alemania;2020T4;162,46
Cataluña;Alemania;2020T3;243,33
Cataluña;Alemania;2020T2;.
Cataluña;Alemania;2020T1;289,80
Cataluña;Alemania;2019T4;313,48
Cataluña;Alemania;2019T3;430,16
Cataluña;Alemania;2019T2;384,00
Cataluña;Alemania;2019T1;329,81
Cataluña;Alemania;2018T4;339,75
Cataluña;Alemania;2018T3;422,09
Cataluña;Alemania;2018T2;397,79
Cataluña;Alemania;2018T1;356,13
Cataluña;Andorra;2025T2;421,33
Cataluña;Andorra;2025T1;388,38
Cataluña;Andorra;2024T4;427,94
Cataluña;Andorra;2024T3;427,65
Cataluña;Andorra;2024T2;448,08
Cataluña;Andorra;2024T1;446,88
Cataluña;Andorra;2023T4;453,08
Cataluña;Andorra;2023T3;470,29
Cataluña;Andorra;2023T2;407,80
Cataluña;Andorra;2023T1;423,65
Cataluña;Andorra;2022T4;425,24
Cataluña;Andorra;2022T3;462,24
Cataluña;Andorra;2022T2;393,51
Cataluña;Andorra;2022T1;342,87
Cataluña;Andorra;2021T4;350,91
Cataluña;Andorra;2021T3;332,65
Cataluña;Andorra;2021T2;270,71
Cataluña;Andorra;2021T1;245,48
Cataluña;Andorra;2020T4;200,16
Cataluña;Andorra;2020T3;238,60
Cataluña;Andorra;2020T2;.
Cataluña;Andorra;2020T1;317,59
Cataluña;Andorra;2019T4;315,23
Cataluña;Andorra;2019T3;370,75
Cataluña;Andorra;2019T2;318,28
Cataluña;Andorra;2019T1;297,54
Cataluña;Andorra;2018T4;303,87
Cataluña;Andorra;2018T3;325,97
Cataluña;Andorra;2018T2;297,04
Cataluña;Andorra;2018T1;284,55
Cataluña;Austria;2025T2;326,60
Cataluña;Austria;2025T1;274,83
Cataluña;Austria;2024T4;316,52
Cataluña;Austria;2024T3;295,34
Cataluña;Austria;2024T2;354,24
Cataluña;Austria;2024T1;322,55
Cataluña;Austria;2023T4;335,37
Cataluña;Austria;2023T3;335,13
Cataluña;Austria;2023T2;336,40
Cataluña;Austria;2023T1;302,63
Cataluña;Austria;2022T4;316,07
Cataluña;Austria;2022T3;339,00
Cataluña;Austria;2022T2;324,76
Cataluña;Austria;2022T1;235,90
Cataluña;Austria;2021T4;266,19
Cataluña;Austria;2021T3;257,47
Cataluña;Austria;2021T2;206,78
Cataluña;Austria;2021T1;159,69
Cataluña;Austria;2020T4;135,16
Cataluña;Austria;2020T3;182,24
Cataluña;Austria;2020T2;.
Cataluña;Austria;2020T1;269,06
Cataluña;Austria;2019T4;297,41
Cataluña;Austria;2019T3;373,47
Cataluña;Austria;2019T2;359,48
Cataluña;Austria;2019T1;302,37
Cataluña;Austria;2018T4;341,51
Cataluña;Austria;2018T3;381,56
Cataluña;Austria;2018T2;394,93
Cataluña;Austria;2018T1;347,23
Cataluña;Bélgica;2025T2;362,04
Cataluña;Bélgica;2025T1;321,11
Cataluña;Bélgica;2024T4;346,62
Cataluña;Bélgica;2024T3;363,98
Cataluña;Bélgica;2024T2;383,36
Cataluña;Bélgica;2024T1;355,26
Cataluña;Bélgica;2023T4;378,28
Cataluña;Bélgica;2023T3;409,87
Cataluña;Bélgica;2023T2;367,04
Cataluña;Bélgica;2023T1;340,96
Cataluña;Bélgica;2022T4;347,89
Cataluña;Bélgica;2022T3;408,41
Cataluña;Bélgica;2022T2;353,19
Cataluña;Bélgica;2022T1;281,54
Cataluña;Bélgica;2021T4;303,31
Cataluña;Bélgica;2021T3;313,77
Cataluña;Bélgica;2021T2;260,09
Cataluña;Bélgica;2021T1;203,65
Cataluña;Bélgica;2020T4;177,40
Cataluña;Bélgica;2020T3;244,08
Cataluña;Bélgica;2020T2;.
Cataluña;Bélgica;2020T1;272,68
Cataluña;Bélgica;2019T4;286,26
Cataluña;Bélgica;2019T3;374,51
Cataluña;Bélgica;2019T2;324,15
Cataluña;Bélgica;2019T1;276,87
Cataluña;Bélgica;2018T4;281,93
Cataluña;Bélgica;2018T3;340,53
Cataluña;Bélgica;2018T2;321,65
Cataluña;Bélgica;2018T1;284,49
Cataluña;Dinamarca;2025T2;321,66
Cataluña;Dinamarca;2025T1;265,09
Cataluña;Dinamarca;2024T4;277,34
Cataluña;Dinamarca;2024T3;304,06
Cataluña;Dinamarca;2024T2;336,91
Cataluña;Dinamarca;2024T1;302,73
Cataluña;Dinamarca;2023T4;301,10
Cataluña;Dinamarca;2023T3;340,11
Cataluña;Dinamarca;2023T2;318,71
Cataluña;Dinamarca;2023T1;288,72
Cataluña;Dinamarca;2022T4;280,58
Cataluña;Dinamarca;2022T3;347,03
Cataluña;Dinamarca;2022T2;305,08
Cataluña;Dinamarca;2022T1;230,55
Cataluña;Dinamarca;2021T4;257,91
Cataluña;Dinamarca;2021T3;256,37
Cataluña;Dinamarca;2021T2;191,29
Cataluña;Dinamarca;2021T1;140,03
Cataluña;Dinamarca;2020T4;120,87
Cataluña;Dinamarca;2020T3;176,45
Cataluña;Dinamarca;2020T2;.
Cataluña;Dinamarca;2020T1;214,41
Cataluña;Dinamarca;2019T4;234,89
Cataluña;Dinamarca;2019T3;296,01
Cataluña;Dinamarca;2019T2;264,76
Cataluña;Dinamarca;2019T1;228,77
Cataluña;Dinamarca;2018T4;232,14
Cataluña;Dinamarca;2018T3;274,83
Cataluña;Dinamarca;2018T2;276,22
Cataluña;Dinamarca;2018T1;241,70
Cataluña;Finlandia;2025T2;264,92
Cataluña;Finlandia;2025T1;.
Cataluña;Finlandia;2024T4;247,39
Cataluña;Finlandia;2024T3;253,15
Cataluña;Finlandia;2024T2;278,80
Cataluña;Finlandia;2024T1;277,72
Cataluña;Finlandia;2023T4;264,77
Cataluña;Finlandia;2023T3;277,96
Cataluña;Finlandia;2023T2;269,31
Cataluña;Finlandia;2023T1;260,20
Cataluña;Finlandia;2022T4;252,18
Cataluña;Finlandia;2022T3;284,44
Cataluña;Finlandia;2022T2;257,64
Cataluña;Finlandia;2022T1;204,23
Cataluña;Finlandia;2021T4;223,10
Cataluña;Finlandia;2021T3;199,07
Cataluña;Finlandia;2021T2;159,36
Cataluña;Finlandia;2021T1;129,23
Cataluña;Finlandia;2020T4;108,32
Cataluña;Finlandia;2020T3;144,78
Cataluña;Finlandia;2020T2;.
Cataluña;Finlandia;2020T1;194,83
Cataluña;Finlandia;2019T4;206,81
Cataluña;Finlandia;2019T3;243,41
Cataluña;Finlandia;2019T2;226,97
Cataluña;Finlandia;2019T1;212,37
Cataluña;Finlandia;2018T4;213,93
Cataluña;Finlandia;2018T3;235,54
Cataluña;Finlandia;2018T2;241,13
Cataluña;Finlandia;2018T1;227,71
Cataluña;Francia;2025T2;478,78
Cataluña;Francia;2025T1;434,92
Cataluña;Francia;2024T4;469,94
Cataluña;Francia;2024T3;448,97
Cataluña;Francia;2024T2;490,57
Cataluña;Francia;2024T1;461,27
Cataluña;Francia;2023T4;481,71
Cataluña;Francia;2023T3;483,34
Cataluña;Francia;2023T2;439,30
Cataluña;Francia;2023T1;440,67
Cataluña;Francia;2022T4;431,77
Cataluña;Francia;2022T3;456,62
Cataluña;Francia;2022T2;401,55
Cataluña;Francia;2022T1;344,65
Cataluña;Francia;2021T4;356,71
Cataluña;Francia;2021T3;321,87
Cataluña;Francia;2021T2;265,50
Cataluña;Francia;2021T1;220,73
Cataluña;Francia;2020T4;178,97
Cataluña;Francia;2020T3;234,79
Cataluña;Francia;2020T2;.
Cataluña;Francia;2020T1;285,22
Cataluña;Francia;2019T4;284,39
Cataluña;Francia;2019T3;327,81
Cataluña;Francia;2019T2;297,58
Cataluña;Francia;2019T1;279,51
Cataluña;Francia;2018T4;270,52
Cataluña;Francia;2018T3;293,04
Cataluña;Francia;2018T2;275,40
Cataluña;Francia;2018T1;264,55
Cataluña;Irlanda;2025T2;300,60
Cataluña;Irlanda;2025T1;297,63
Cataluña;Irlanda;2024T4;298,24
Cataluña;Irlanda;2024T3;303,83
Cataluña;Irlanda;2024T2;303,17
Cataluña;Irlanda;2024T1;337,42
Cataluña;Irlanda;2023T4;307,72
Cataluña;Irlanda;2023T3;312,23
Cataluña;Irlanda;2023T2;269,04
Cataluña;Irlanda;2023T1;266,87
Cataluña;Irlanda;2022T4;254,99
Cataluña;Irlanda;2022T3;299,78
Cataluña;Irlanda;2022T2;261,78
Cataluña;Irlanda;2022T1;209,43
Cataluña;Irlanda;2021T4;223,51
Cataluña;Irlanda;2021T3;212,95
Cataluña;Irlanda;2021T2;150,22
Cataluña;Irlanda;2021T1;125,45
Cataluña;Irlanda;2020T4;110,05
Cataluña;Irlanda;2020T3;145,60
Cataluña;Irlanda;2020T2;.
Cataluña;Irlanda;2020T1;204,26
Cataluña;Irlanda;2019T4;235,08
Cataluña;Irlanda;2019T3;352,21
Cataluña;Irlanda;2019T2;310,28
Cataluña;Irlanda;2019T1;244,10
Cataluña;Irlanda;2018T4;265,79
Cataluña;Irlanda;2018T3;381,52
Cataluña;Irlanda;2018T2;376,01
Cataluña;Irlanda;2018T1;284,05
Cataluña;Italia;2025T2;259,30
Cataluña;Italia;2025T1;221,37
Cataluña;Italia;2024T4;249,59
Cataluña;Italia;2024T3;249,43
Cataluña;Italia;2024T2;277,52
Cataluña;Italia;2024T1;256,65
Cataluña;Italia;2023T4;269,45
Cataluña;Italia;2023T3;291,78
Cataluña;Italia;2023T2;269,18
Cataluña;Italia;2023T1;259,12
Cataluña;Italia;2022T4;260,87
Cataluña;Italia;2022T3;296,28
Cataluña;Italia;2022T2;268,71
Cataluña;Italia;2022T1;209,53
Cataluña;Italia;2021T4;222,12
Cataluña;Italia;2021T3;230,94
Cataluña;Italia;2021T2;185,28
Cataluña;Italia;2021T1;157,71
Cataluña;Italia;2020T4;142,52
Cataluña;Italia;2020T3;190,37
Cataluña;Italia;2020T2;.
Cataluña;Italia;2020T1;235,48
Cataluña;Italia;2019T4;241,96
Cataluña;Italia;2019T3;323,75
Cataluña;Italia;2019T2;292,89
Cataluña;Italia;2019T1;264,46
Cataluña;Italia;2018T4;275,26
Cataluña;Italia;2018T3;326,98
Cataluña;Italia;2018T2;319,53
Cataluña;Italia;2018T1;290,40
Cataluña;Noruega;2025T2;321,49
Cataluña;Noruega;2025T1;251,70
Cataluña;Noruega;2024T4;274,05
Cataluña;Noruega;2024T3;315,82
Cataluña;Noruega;2024T2;345,04
Cataluña;Noruega;2024T1;295,62
Cataluña;Noruega;2023T4;309,15
Cataluña;Noruega;2023T3;342,34
Cataluña;Noruega;2023T2;322,53
Cataluña;Noruega;2023T1;283,24
Cataluña;Noruega;2022T4;291,02
Cataluña;Noruega;2022T3;364,87
Cataluña;Noruega;2022T2;323,48
Cataluña;Noruega;2022T1;226,58
Cataluña;Noruega;2021T4;262,56
Cataluña;Noruega;2021T3;268,19
Cataluña;Noruega;2021T2;196,84
Cataluña;Noruega;2021T1;158,67
Cataluña;Noruega;2020T4;128,90
Cataluña;Noruega;2020T3;181,08
Cataluña;Noruega;2020T2;.
Cataluña;Noruega;2020T1;225,79
Cataluña;Noruega;2019T4;245,23
Cataluña;Noruega;2019T3;319,21
Cataluña;Noruega;2019T2;286,48
Cataluña;Noruega;2019T1;239,23
Cataluña;Noruega;2018T4;255,73
Cataluña;Noruega;2018T3;307,97
Cataluña;Noruega;2018T2;303,66
Cataluña;Noruega;2018T1;258,44
Cataluña;Países Bajos;2025T2;321,86
Cataluña;Países Bajos;2025T1;270,08
Cataluña;Países Bajos;2024T4;283,40
Cataluña;Países Bajos;2024T3;317,39
Cataluña;Países Bajos;2024T2;332,48
Cataluña;Países Bajos;2024T1;298,49
Cataluña;Países Bajos;2023T4;298,69
Cataluña;Países Bajos;2023T3;346,46
Cataluña;Países Bajos;2023T2;302,38
Cataluña;Países Bajos;2023T1;278,28
Cataluña;Países Bajos;2022T4;267,27
Cataluña;Países Bajos;2022T3;332,70
Cataluña;Países Bajos;2022T2;287,95
Cataluña;Países Bajos;2022T1;225,88
Cataluña;Países Bajos;2021T4;246,41
Cataluña;Países Bajos;2021T3;274,40
Cataluña;Países Bajos;2021T2;224,61
Cataluña;Países Bajos;2021T1;169,39
Cataluña;Países Bajos;2020T4;141,50
Cataluña;Países Bajos;2020T3;206,62
Cataluña;Países Bajos;2020T2;.
Cataluña;Países Bajos;2020T1;214,64
Cataluña;Países Bajos;2019T4;217,75
Cataluña;Países Bajos;2019T3;316,83
Cataluña;Países Bajos;2019T2;265,68
Cataluña;Países Bajos;2019T1;227,14
Cataluña;Países Bajos;2018T4;230,74
Cataluña;Países Bajos;2018T3;311,10
Cataluña;Países Bajos;2018T2;277,68
Cataluña;Países Bajos;2018T1;246,46
Cataluña;Polonia;2025T2;256,86
Cataluña;Polonia;2025T1;240,74
Cataluña;Polonia;2024T4;253,17
Cataluña;Polonia;2024T3;221,31
Cataluña;Polonia;2024T2;264,18
Cataluña;Polonia;2024T1;249,43
Cataluña;Polonia;2023T4;251,07
Cataluña;Polonia;2023T3;241,01
Cataluña;Polonia;2023T2;249,51
Cataluña;Polonia;2023T1;254,39
Cataluña;Polonia;2022T4;241,62
Cataluña;Polonia;2022T3;250,29
Cataluña;Polonia;2022T2;252,17
Cataluña;Polonia;2022T1;205,03
Cataluña;Polonia;2021T4;227,78
Cataluña;Polonia;2021T3;184,50
Cataluña;Polonia;2021T2;216,61
Cataluña;Polonia;2021T1;196,70
Cataluña;Polonia;2020T4;135,13
Cataluña;Polonia;2020T3;140,80
Cataluña;Polonia;2020T2;.
Cataluña;Polonia;2020T1;198,75
Cataluña;Polonia;2019T4;193,22
Cataluña;Polonia;2019T3;227,61
Cataluña;Polonia;2019T2;238,10
Cataluña;Polonia;2019T1;224,47
Cataluña;Polonia;2018T4;227,23
Cataluña;Polonia;2018T3;236,08
Cataluña;Polonia;2018T2;258,71
Cataluña;Polonia;2018T1;253,15
Cataluña;Portugal;2025T2;267,87
Cataluña;Portugal;2025T1;243,93
Cataluña;Portugal;2024T4;252,34
Cataluña;Portugal;2024T3;277,16
Cataluña;Portugal;2024T2;282,38
Cataluña;Portugal;2024T1;275,84
Cataluña;Portugal;2023T4;268,34
Cataluña;Portugal;2023T3;312,65
Cataluña;Portugal;2023T2;264,15
Cataluña;Portugal;2023T1;261,19
Cataluña;Portugal;2022T4;251,53
Cataluña;Portugal;2022T3;313,48
Cataluña;Portugal;2022T2;249,47
Cataluña;Portugal;2022T1;213,47
Cataluña;Portugal;2021T4;220,78
Cataluña;Portugal;2021T3;232,02
Cataluña;Portugal;2021T2;185,88
Cataluña;Portugal;2021T1;153,21
Cataluña;Portugal;2020T4;134,63
Cataluña;Portugal;2020T3;169,63
Cataluña;Portugal;2020T2;.
Cataluña;Portugal;2020T1;219,44
Cataluña;Portugal;2019T4;213,76
Cataluña;Portugal;2019T3;290,40
Cataluña;Portugal;2019T2;247,92
Cataluña;Portugal;2019T1;232,86
Cataluña;Portugal;2018T4;233,92
Cataluña;Portugal;2018T3;282,22
Cataluña;Portugal;2018T2;259,61
Cataluña;Portugal;2018T1;238,06
Cataluña;Reino Unido;2025T2;274,40
Cataluña;Reino Unido;2025T1;254,38
Cataluña;Reino Unido;2024T4;269,08
Cataluña;Reino Unido;2024T3;265,23
Cataluña;Reino Unido;2024T2;286,11
Cataluña;Reino Unido;2024T1;279,73
Cataluña;Reino Unido;2023T4;288,84
Cataluña;Reino Unido;2023T3;298,14
Cataluña;Reino Unido;2023T2;272,36
Cataluña;Reino Unido;2023T1;275,22
Cataluña;Reino Unido;2022T4;273,30
Cataluña;Reino Unido;2022T3;307,48
Cataluña;Reino Unido;2022T2;265,53
Cataluña;Reino Unido;2022T1;226,16
Cataluña;Reino Unido;2021T4;237,96
Cataluña;Reino Unido;2021T3;242,49
Cataluña;Reino Unido;2021T2;193,78
Cataluña;Reino Unido;2021T1;151,17
Cataluña;Reino Unido;2020T4;131,11
Cataluña;Reino Unido;2020T3;167,60
Cataluña;Reino Unido;2020T2;.
Cataluña;Reino Unido;2020T1;224,61
Cataluña;Reino Unido;2019T4;237,58
Cataluña;Reino Unido;2019T3;316,13
Cataluña;Reino Unido;2019T2;283,31
Cataluña;Reino Unido;2019T1;256,90
Cataluña;Reino Unido;2018T4;295,21
Cataluña;Reino Unido;2018T3;369,73
Cataluña;Reino Unido;2018T2;360,48
Cataluña;Reino Unido;2018T1;334,73
Cataluña;Rumanía;2025T2;308,18
Cataluña;Rumanía;2025T1;279,87
Cataluña;Rumanía;2024T4;295,81
Cataluña;Rumanía;2024T3;285,78
Cataluña;Rumanía;2024T2;324,56
Cataluña;Rumanía;2024T1;313,63
Cataluña;Rumanía;2023T4;322,53
Cataluña;Rumanía;2023T3;335,36
Cataluña;Rumanía;2023T2;324,53
Cataluña;Rumanía;2023T1;318,85
Cataluña;Rumanía;2022T4;320,96
Cataluña;Rumanía;2022T3;359,02
Cataluña;Rumanía;2022T2;321,70
Cataluña;Rumanía;2022T1;284,46
Cataluña;Rumanía;2021T4;293,88
Cataluña;Rumanía;2021T3;265,81
Cataluña;Rumanía;2021T2;249,38
Cataluña;Rumanía;2021T1;216,37
Cataluña;Rumanía;2020T4;189,86
Cataluña;Rumanía;2020T3;217,69
Cataluña;Rumanía;2020T2;.
Cataluña;Rumanía;2020T1;289,07
Cataluña;Rumanía;2019T4;292,34
Cataluña;Rumanía;2019T3;350,71
Cataluña;Rumanía;2019T2;323,96
Cataluña;Rumanía;2019T1;310,69
Cataluña;Rumanía;2018T4;313,35
Cataluña;Rumanía;2018T3;346,14
Cataluña;Rumanía;2018T2;345,38
Cataluña;Rumanía;2018T1;325,85
Cataluña;Rusia;2025T2;.
Cataluña;Rusia;2025T1;.
Cataluña;Rusia;2024T4;.
Cataluña;Rusia;2024T3;.
Cataluña;Rusia;2024T2;.
Cataluña;Rusia;2024T1;.
Cataluña;Rusia;2023T4;.
Cataluña;Rusia;2023T3;.
Cataluña;Rusia;2023T2;.
Cataluña;Rusia;2023T1;.
Cataluña;Rusia;2022T4;.
Cataluña;Rusia;2022T3;.
Cataluña;Rusia;2022T2;.
Cataluña;Rusia;2022T1;609,65
Cataluña;Rusia;2021T4;365,39
Cataluña;Rusia;2021T3;375,70
Cataluña;Rusia;2021T2;295,73
Cataluña;Rusia;2021T1;261,59
Cataluña;Rusia;2020T4;231,11
Cataluña;Rusia;2020T3;275,98
Cataluña;Rusia;2020T2;.
Cataluña;Rusia;2020T1;301,77
Cataluña;Rusia;2019T4;280,22
Cataluña;Rusia;2019T3;323,40
Cataluña;Rusia;2019T2;303,50
Cataluña;Rusia;2019T1;322,40
Cataluña;Rusia;2018T4;310,66
Cataluña;Rusia;2018T3;322,49
Cataluña;Rusia;2018T2;341,67
Cataluña;Rusia;2018T1;365,65
Cataluña;Suecia;2025T2;305,41
Cataluña;Suecia;2025T1;255,70
Cataluña;Suecia;2024T4;266,54
Cataluña;Suecia;2024T3;283,45
Cataluña;Suecia;2024T2;310,56
Cataluña;Suecia;2024T1;275,61
Cataluña;Suecia;2023T4;279,51
Cataluña;Suecia;2023T3;305,39
Cataluña;Suecia;2023T2;285,49
Cataluña;Suecia;2023T1;268,19
Cataluña;Suecia;2022T4;259,96
Cataluña;Suecia;2022T3;313,81
Cataluña;Suecia;2022T2;276,99
Cataluña;Suecia;2022T1;208,16
Cataluña;Suecia;2021T4;223,02
Cataluña;Suecia;2021T3;230,00
Cataluña;Suecia;2021T2;174,99
Cataluña;Suecia;2021T1;131,27
Cataluña;Suecia;2020T4;108,08
Cataluña;Suecia;2020T3;147,67
Cataluña;Suecia;2020T2;.
Cataluña;Suecia;2020T1;197,36
Cataluña;Suecia;2019T4;209,72
Cataluña;Suecia;2019T3;267,61
Cataluña;Suecia;2019T2;236,21
Cataluña;Suecia;2019T1;209,05
Cataluña;Suecia;2018T4;211,45
Cataluña;Suecia;2018T3;256,43
Cataluña;Suecia;2018T2;249,33
Cataluña;Suecia;2018T1;221,21
Cataluña;Suiza;2025T2;479,56
Cataluña;Suiza;2025T1;419,10
Cataluña;Suiza;2024T4;458,52
Cataluña;Suiza;2024T3;470,43
Cataluña;Suiza;2024T2;515,01
Cataluña;Suiza;2024T1;490,17
Cataluña;Suiza;2023T4;521,54
Cataluña;Suiza;2023T3;542,38
Cataluña;Suiza;2023T2;503,71
Cataluña;Suiza;2023T1;491,63
Cataluña;Suiza;2022T4;496,20
Cataluña;Suiza;2022T3;564,46
Cataluña;Suiza;2022T2;508,46
Cataluña;Suiza;2022T1;431,09
Cataluña;Suiza;2021T4;477,43
Cataluña;Suiza;2021T3;440,57
Cataluña;Suiza;2021T2;404,93
Cataluña;Suiza;2021T1;378,35
Cataluña;Suiza;2020T4;351,84
Cataluña;Suiza;2020T3;370,19
Cataluña;Suiza;2020T2;.
Cataluña;Suiza;2020T1;444,64
Cataluña;Suiza;2019T4;457,86
Cataluña;Suiza;2019T3;545,83
Cataluña;Suiza;2019T2;516,78
Cataluña;Suiza;2019T1;495,91
Cataluña;Suiza;2018T4;479,40
Cataluña;Suiza;2018T3;529,09
Cataluña;Suiza;2018T2;530,44
Cataluña;Suiza;2018T1;512,42
Cataluña;Otros Países Europeos;2025T2;300,55
Cataluña;Otros Países Europeos;2025T1;272,95
Cataluña;Otros Países Europeos;2024T4;289,41
Cataluña;Otros Países Europeos;2024T3;290,48
Cataluña;Otros Países Europeos;2024T2;315,15
Cataluña;Otros Países Europeos;2024T1;299,78
Cataluña;Otros Países Europeos;2023T4;309,94
Cataluña;Otros Países Europeos;2023T3;333,41
Cataluña;Otros Países Europeos;2023T2;304,67
Cataluña;Otros Países Europeos;2023T1;302,92
Cataluña;Otros Países Europeos;2022T4;300,20
Cataluña;Otros Países Europeos;2022T3;341,51
Cataluña;Otros Países Europeos;2022T2;289,36
Cataluña;Otros Países Europeos;2022T1;242,55
Cataluña;Otros Países Europeos;2021T4;249,55
Cataluña;Otros Países Europeos;2021T3;251,85
Cataluña;Otros Países Europeos;2021T2;219,01
Cataluña;Otros Países Europeos;2021T1;187,32
Cataluña;Otros Países Europeos;2020T4;165,87
Cataluña;Otros Países Europeos;2020T3;196,29
Cataluña;Otros Países Europeos;2020T2;.
Cataluña;Otros Países Europeos;2020T1;236,51
Cataluña;Otros Países Europeos;2019T4;235,10
Cataluña;Otros Países Europeos;2019T3;288,41
Cataluña;Otros Países Europeos;2019T2;270,16
Cataluña;Otros Países Europeos;2019T1;259,87
Cataluña;Otros Países Europeos;2018T4;262,59
Cataluña;Otros Países Europeos;2018T3;296,29
Cataluña;Otros Países Europeos;2018T2;294,97
Cataluña;Otros Países Europeos;2018T1;301,43
Cataluña;Argentina;2025T2;349,85
Cataluña;Argentina;2025T1;306,10
Cataluña;Argentina;2024T4;304,63
Cataluña;Argentina;2024T3;300,82
Cataluña;Argentina;2024T2;323,54
Cataluña;Argentina;2024T1;253,48
Cataluña;Argentina;2023T4;253,35
Cataluña;Argentina;2023T3;265,58
Cataluña;Argentina;2023T2;248,37
Cataluña;Argentina;2023T1;229,02
Cataluña;Argentina;2022T4;219,29
Cataluña;Argentina;2022T3;272,14
Cataluña;Argentina;2022T2;238,35
Cataluña;Argentina;2022T1;185,81
Cataluña;Argentina;2021T4;185,94
Cataluña;Argentina;2021T3;169,98
Cataluña;Argentina;2021T2;131,21
Cataluña;Argentina;2021T1;112,38
Cataluña;Argentina;2020T4;107,10
Cataluña;Argentina;2020T3;123,49
Cataluña;Argentina;2020T2;.
Cataluña;Argentina;2020T1;163,63
Cataluña;Argentina;2019T4;178,02
Cataluña;Argentina;2019T3;245,45
Cataluña;Argentina;2019T2;226,64
Cataluña;Argentina;2019T1;199,91
Cataluña;Argentina;2018T4;199,57
Cataluña;Argentina;2018T3;239,03
Cataluña;Argentina;2018T2;248,71
Cataluña;Argentina;2018T1;239,15
Cataluña;Brasil;2025T2;255,80
Cataluña;Brasil;2025T1;251,73
Cataluña;Brasil;2024T4;245,09
Cataluña;Brasil;2024T3;261,86
Cataluña;Brasil;2024T2;285,71
Cataluña;Brasil;2024T1;300,08
Cataluña;Brasil;2023T4;274,63
Cataluña;Brasil;2023T3;288,68
Cataluña;Brasil;2023T2;271,78
Cataluña;Brasil;2023T1;286,26
Cataluña;Brasil;2022T4;277,85
Cataluña;Brasil;2022T3;329,87
Cataluña;Brasil;2022T2;315,39
Cataluña;Brasil;2022T1;291,51
Cataluña;Brasil;2021T4;300,71
Cataluña;Brasil;2021T3;305,06
Cataluña;Brasil;2021T2;236,37
Cataluña;Brasil;2021T1;200,71
Cataluña;Brasil;2020T4;181,67
Cataluña;Brasil;2020T3;189,73
Cataluña;Brasil;2020T2;.
Cataluña;Brasil;2020T1;281,16
Cataluña;Brasil;2019T4;293,70
Cataluña;Brasil;2019T3;349,32
Cataluña;Brasil;2019T2;329,96
Cataluña;Brasil;2019T1;303,60
Cataluña;Brasil;2018T4;313,77
Cataluña;Brasil;2018T3;339,25
Cataluña;Brasil;2018T2;347,63
Cataluña;Brasil;2018T1;330,73
Cataluña;Canadá;2025T2;339,83
Cataluña;Canadá;2025T1;297,49
Cataluña;Canadá;2024T4;340,31
Cataluña;Canadá;2024T3;347,47
Cataluña;Canadá;2024T2;367,35
Cataluña;Canadá;2024T1;332,48
Cataluña;Canadá;2023T4;361,63
Cataluña;Canadá;2023T3;383,57
Cataluña;Canadá;2023T2;340,06
Cataluña;Canadá;2023T1;331,02
Cataluña;Canadá;2022T4;321,98
Cataluña;Canadá;2022T3;384,19
Cataluña;Canadá;2022T2;325,79
Cataluña;Canadá;2022T1;267,15
Cataluña;Canadá;2021T4;291,85
Cataluña;Canadá;2021T3;314,64
Cataluña;Canadá;2021T2;254,75
Cataluña;Canadá;2021T1;214,00
Cataluña;Canadá;2020T4;184,81
Cataluña;Canadá;2020T3;213,30
Cataluña;Canadá;2020T2;.
Cataluña;Canadá;2020T1;256,13
Cataluña;Canadá;2019T4;281,88
Cataluña;Canadá;2019T3;334,86
Cataluña;Canadá;2019T2;295,76
Cataluña;Canadá;2019T1;293,62
Cataluña;Canadá;2018T4;293,42
Cataluña;Canadá;2018T3;320,37
Cataluña;Canadá;2018T2;315,05
Cataluña;Canadá;2018T1;323,11
Cataluña;Chile;2025T2;282,78
Cataluña;Chile;2025T1;235,46
Cataluña;Chile;2024T4;256,36
Cataluña;Chile;2024T3;278,29
Cataluña;Chile;2024T2;297,15
Cataluña;Chile;2024T1;270,74
Cataluña;Chile;2023T4;291,32
Cataluña;Chile;2023T3;321,75
Cataluña;Chile;2023T2;296,30
Cataluña;Chile;2023T1;278,28
Cataluña;Chile;2022T4;278,98
Cataluña;Chile;2022T3;318,65
Cataluña;Chile;2022T2;287,06
Cataluña;Chile;2022T1;242,35
Cataluña;Chile;2021T4;272,54
Cataluña;Chile;2021T3;282,81
Cataluña;Chile;2021T2;257,54
Cataluña;Chile;2021T1;228,01
Cataluña;Chile;2020T4;201,10
Cataluña;Chile;2020T3;212,38
Cataluña;Chile;2020T2;.
Cataluña;Chile;2020T1;258,84
Cataluña;Chile;2019T4;283,85
Cataluña;Chile;2019T3;343,39
Cataluña;Chile;2019T2;327,75
Cataluña;Chile;2019T1;291,06
Cataluña;Chile;2018T4;329,57
Cataluña;Chile;2018T3;366,79
Cataluña;Chile;2018T2;362,67
Cataluña;Chile;2018T1;334,86
Cataluña;Colombia;2025T2;302,89
Cataluña;Colombia;2025T1;279,22
Cataluña;Colombia;2024T4;299,91
Cataluña;Colombia;2024T3;302,94
Cataluña;Colombia;2024T2;328,73
Cataluña;Colombia;2024T1;331,30
Cataluña;Colombia;2023T4;332,41
Cataluña;Colombia;2023T3;353,09
Cataluña;Colombia;2023T2;308,08
Cataluña;Colombia;2023T1;296,62
Cataluña;Colombia;2022T4;306,15
Cataluña;Colombia;2022T3;363,69
Cataluña;Colombia;2022T2;311,43
Cataluña;Colombia;2022T1;265,93
Cataluña;Colombia;2021T4;297,53
Cataluña;Colombia;2021T3;333,16
Cataluña;Colombia;2021T2;253,47
Cataluña;Colombia;2021T1;240,08
Cataluña;Colombia;2020T4;208,08
Cataluña;Colombia;2020T3;230,37
Cataluña;Colombia;2020T2;.
Cataluña;Colombia;2020T1;329,90
Cataluña;Colombia;2019T4;342,03
Cataluña;Colombia;2019T3;441,67
Cataluña;Colombia;2019T2;386,28
Cataluña;Colombia;2019T1;371,44
Cataluña;Colombia;2018T4;375,24
Cataluña;Colombia;2018T3;446,43
Cataluña;Colombia;2018T2;417,76
Cataluña;Colombia;2018T1;405,79
Cataluña;Estados Unidos de América;2025T2;384,36
Cataluña;Estados Unidos de América;2025T1;294,36
Cataluña;Estados Unidos de América;2024T4;368,65
Cataluña;Estados Unidos de América;2024T3;384,58
Cataluña;Estados Unidos de América;2024T2;402,19
Cataluña;Estados Unidos de América;2024T1;333,92
Cataluña;Estados Unidos de América;2023T4;387,37
Cataluña;Estados Unidos de América;2023T3;413,13
Cataluña;Estados Unidos de América;2023T2;371,69
Cataluña;Estados Unidos de América;2023T1;328,51
Cataluña;Estados Unidos de América;2022T4;358,36
Cataluña;Estados Unidos de América;2022T3;411,46
Cataluña;Estados Unidos de América;2022T2;348,87
Cataluña;Estados Unidos de América;2022T1;253,89
Cataluña;Estados Unidos de América;2021T4;314,12
Cataluña;Estados Unidos de América;2021T3;317,19
Cataluña;Estados Unidos de América;2021T2;285,16
Cataluña;Estados Unidos de América;2021T1;255,35
Cataluña;Estados Unidos de América;2020T4;222,12
Cataluña;Estados Unidos de América;2020T3;265,70
Cataluña;Estados Unidos de América;2020T2;.
Cataluña;Estados Unidos de América;2020T1;250,43
Cataluña;Estados Unidos de América;2019T4;285,60
Cataluña;Estados Unidos de América;2019T3;365,70
Cataluña;Estados Unidos de América;2019T2;330,57
Cataluña;Estados Unidos de América;2019T1;274,27
Cataluña;Estados Unidos de América;2018T4;327,40
Cataluña;Estados Unidos de América;2018T3;384,48
Cataluña;Estados Unidos de América;2018T2;348,94
Cataluña;Estados Unidos de América;2018T1;298,06
Cataluña;México;2025T2;336,91
Cataluña;México;2025T1;295,38
Cataluña;México;2024T4;318,20
Cataluña;México;2024T3;332,19
Cataluña;México;2024T2;347,36
Cataluña;México;2024T1;331,22
Cataluña;México;2023T4;339,90
Cataluña;México;2023T3;384,40
Cataluña;México;2023T2;331,20
Cataluña;México;2023T1;320,69
Cataluña;México;2022T4;318,00
Cataluña;México;2022T3;376,10
Cataluña;México;2022T2;303,80
Cataluña;México;2022T1;248,51
Cataluña;México;2021T4;281,52
Cataluña;México;2021T3;318,80
Cataluña;México;2021T2;249,25
Cataluña;México;2021T1;220,09
Cataluña;México;2020T4;202,59
Cataluña;México;2020T3;223,06
Cataluña;México;2020T2;.
Cataluña;México;2020T1;262,13
Cataluña;México;2019T4;273,71
Cataluña;México;2019T3;342,17
Cataluña;México;2019T2;301,73
Cataluña;México;2019T1;282,35
Cataluña;México;2018T4;297,75
Cataluña;México;2018T3;341,43
Cataluña;México;2018T2;297,95
Cataluña;México;2018T1;295,53
Cataluña;Resto de América;2025T2;344,18
Cataluña;Resto de América;2025T1;313,99
Cataluña;Resto de América;2024T4;332,12
Cataluña;Resto de América;2024T3;340,35
Cataluña;Resto de América;2024T2;369,14
Cataluña;Resto de América;2024T1;362,28
Cataluña;Resto de América;2023T4;363,45
Cataluña;Resto de América;2023T3;385,73
Cataluña;Resto de América;2023T2;354,41
Cataluña;Resto de América;2023T1;357,00
Cataluña;Resto de América;2022T4;353,49
Cataluña;Resto de América;2022T3;400,28
Cataluña;Resto de América;2022T2;347,15
Cataluña;Resto de América;2022T1;292,55
Cataluña;Resto de América;2021T4;316,03
Cataluña;Resto de América;2021T3;338,26
Cataluña;Resto de América;2021T2;277,52
Cataluña;Resto de América;2021T1;250,61
Cataluña;Resto de América;2020T4;216,08
Cataluña;Resto de América;2020T3;245,88
Cataluña;Resto de América;2020T2;.
Cataluña;Resto de América;2020T1;303,33
Cataluña;Resto de América;2019T4;308,33
Cataluña;Resto de América;2019T3;388,68
Cataluña;Resto de América;2019T2;343,92
Cataluña;Resto de América;2019T1;324,76
Cataluña;Resto de América;2018T4;336,35
Cataluña;Resto de América;2018T3;388,09
Cataluña;Resto de América;2018T2;358,79
Cataluña;Resto de América;2018T1;349,47
Cataluña;Australia;2025T2;308,87
Cataluña;Australia;2025T1;267,47
Cataluña;Australia;2024T4;283,82
Cataluña;Australia;2024T3;280,26
Cataluña;Australia;2024T2;327,06
Cataluña;Australia;2024T1;305,93
Cataluña;Australia;2023T4;306,15
Cataluña;Australia;2023T3;292,22
Cataluña;Australia;2023T2;301,24
Cataluña;Australia;2023T1;287,26
Cataluña;Australia;2022T4;284,09
Cataluña;Australia;2022T3;310,31
Cataluña;Australia;2022T2;322,74
Cataluña;Australia;2022T1;246,32
Cataluña;Australia;2021T4;247,22
Cataluña;Australia;2021T3;246,84
Cataluña;Australia;2021T2;173,55
Cataluña;Australia;2021T1;148,83
Cataluña;Australia;2020T4;136,77
Cataluña;Australia;2020T3;151,54
Cataluña;Australia;2020T2;.
Cataluña;Australia;2020T1;235,72
Cataluña;Australia;2019T4;268,04
Cataluña;Australia;2019T3;332,69
Cataluña;Australia;2019T2;341,77
Cataluña;Australia;2019T1;289,04
Cataluña;Australia;2018T4;303,49
Cataluña;Australia;2018T3;357,37
Cataluña;Australia;2018T2;393,63
Cataluña;Australia;2018T1;351,83
Cataluña;China;2025T2;435,36
Cataluña;China;2025T1;485,85
Cataluña;China;2024T4;474,43
Cataluña;China;2024T3;518,62
Cataluña;China;2024T2;534,52
Cataluña;China;2024T1;576,69
Cataluña;China;2023T4;589,02
Cataluña;China;2023T3;681,09
Cataluña;China;2023T2;538,53
Cataluña;China;2023T1;649,45
Cataluña;China;2022T4;481,99
Cataluña;China;2022T3;610,53
Cataluña;China;2022T2;469,70
Cataluña;China;2022T1;497,59
Cataluña;China;2021T4;482,73
Cataluña;China;2021T3;625,13
Cataluña;China;2021T2;398,38
Cataluña;China;2021T1;410,45
Cataluña;China;2020T4;311,34
Cataluña;China;2020T3;366,88
Cataluña;China;2020T2;.
Cataluña;China;2020T1;762,14
Cataluña;China;2019T4;966,54
Cataluña;China;2019T3;1.269,26
Cataluña;China;2019T2;1.188,54
Cataluña;China;2019T1;1.065,51
Cataluña;China;2018T4;1.116,73
Cataluña;China;2018T3;1.413,33
Cataluña;China;2018T2;1.388,68
Cataluña;China;2018T1;1.187,46
Cataluña;Corea;2025T2;302,50
Cataluña;Corea;2025T1;277,08
Cataluña;Corea;2024T4;303,47
Cataluña;Corea;2024T3;277,00
Cataluña;Corea;2024T2;326,15
Cataluña;Corea;2024T1;313,28
Cataluña;Corea;2023T4;345,21
Cataluña;Corea;2023T3;317,03
Cataluña;Corea;2023T2;327,14
Cataluña;Corea;2023T1;320,58
Cataluña;Corea;2022T4;338,93
Cataluña;Corea;2022T3;343,92
Cataluña;Corea;2022T2;363,41
Cataluña;Corea;2022T1;276,55
Cataluña;Corea;2021T4;327,51
Cataluña;Corea;2021T3;318,26
Cataluña;Corea;2021T2;260,70
Cataluña;Corea;2021T1;208,93
Cataluña;Corea;2020T4;198,36
Cataluña;Corea;2020T3;263,85
Cataluña;Corea;2020T2;.
Cataluña;Corea;2020T1;312,17
Cataluña;Corea;2019T4;395,65
Cataluña;Corea;2019T3;385,69
Cataluña;Corea;2019T2;388,82
Cataluña;Corea;2019T1;329,35
Cataluña;Corea;2018T4;377,45
Cataluña;Corea;2018T3;366,53
Cataluña;Corea;2018T2;400,65
Cataluña;Corea;2018T1;336,23
Cataluña;Emiratos Árabes Unidos;2025T2;559,76
Cataluña;Emiratos Árabes Unidos;2025T1;505,16
Cataluña;Emiratos Árabes Unidos;2024T4;.
Cataluña;Emiratos Árabes Unidos;2024T3;566,67
Cataluña;Emiratos Árabes Unidos;2024T2;603,75
Cataluña;Emiratos Árabes Unidos;2024T1;.
Cataluña;Emiratos Árabes Unidos;2023T4;585,30
Cataluña;Emiratos Árabes Unidos;2023T3;625,26
Cataluña;Emiratos Árabes Unidos;2023T2;591,06
Cataluña;Emiratos Árabes Unidos;2023T1;645,15
Cataluña;Emiratos Árabes Unidos;2022T4;597,63
Cataluña;Emiratos Árabes Unidos;2022T3;668,39
Cataluña;Emiratos Árabes Unidos;2022T2;636,66
Cataluña;Emiratos Árabes Unidos;2022T1;554,06
Cataluña;Emiratos Árabes Unidos;2021T4;553,02
Cataluña;Emiratos Árabes Unidos;2021T3;555,54
Cataluña;Emiratos Árabes Unidos;2021T2;542,28
Cataluña;Emiratos Árabes Unidos;2021T1;539,14
Cataluña;Emiratos Árabes Unidos;2020T4;342,12
Cataluña;Emiratos Árabes Unidos;2020T3;378,28
Cataluña;Emiratos Árabes Unidos;2020T2;.
Cataluña;Emiratos Árabes Unidos;2020T1;589,84
Cataluña;Emiratos Árabes Unidos;2019T4;623,22
Cataluña;Emiratos Árabes Unidos;2019T3;768,38
Cataluña;Emiratos Árabes Unidos;2019T2;755,32
Cataluña;Emiratos Árabes Unidos;2019T1;716,81
Cataluña;Emiratos Árabes Unidos;2018T4;776,48
Cataluña;Emiratos Árabes Unidos;2018T3;779,67
Cataluña;Emiratos Árabes Unidos;2018T2;783,12
Cataluña;Emiratos Árabes Unidos;2018T1;742,86
Cataluña;Japón;2025T2;.
Cataluña;Japón;2025T1;257,22
Cataluña;Japón;2024T4;286,68
Cataluña;Japón;2024T3;.
Cataluña;Japón;2024T2;.
Cataluña;Japón;2024T1;272,67
Cataluña;Japón;2023T4;305,84
Cataluña;Japón;2023T3;.
Cataluña;Japón;2023T2;.
Cataluña;Japón;2023T1;290,23
Cataluña;Japón;2022T4;.
Cataluña;Japón;2022T3;.
Cataluña;Japón;2022T2;.
Cataluña;Japón;2022T1;232,55
Cataluña;Japón;2021T4;238,82
Cataluña;Japón;2021T3;265,31
Cataluña;Japón;2021T2;210,37
Cataluña;Japón;2021T1;204,51
Cataluña;Japón;2020T4;187,17
Cataluña;Japón;2020T3;233,47
Cataluña;Japón;2020T2;.
Cataluña;Japón;2020T1;275,49
Cataluña;Japón;2019T4;330,48
Cataluña;Japón;2019T3;412,44
Cataluña;Japón;2019T2;378,65
Cataluña;Japón;2019T1;280,52
Cataluña;Japón;2018T4;331,61
Cataluña;Japón;2018T3;370,95
Cataluña;Japón;2018T2;393,91
Cataluña;Japón;2018T1;284,12
Cataluña;Turquía;2025T2;380,47
Cataluña;Turquía;2025T1;335,12
Cataluña;Turquía;2024T4;382,99
Cataluña;Turquía;2024T3;331,01
Cataluña;Turquía;2024T2;410,49
Cataluña;Turquía;2024T1;389,28
Cataluña;Turquía;2023T4;.
Cataluña;Turquía;2023T3;400,89
Cataluña;Turquía;2023T2;425,53
Cataluña;Turquía;2023T1;.
Cataluña;Turquía;2022T4;401,28
Cataluña;Turquía;2022T3;391,56
Cataluña;Turquía;2022T2;368,18
Cataluña;Turquía;2022T1;291,83
Cataluña;Turquía;2021T4;314,80
Cataluña;Turquía;2021T3;314,16
Cataluña;Turquía;2021T2;260,21
Cataluña;Turquía;2021T1;211,65
Cataluña;Turquía;2020T4;191,79
Cataluña;Turquía;2020T3;232,77
Cataluña;Turquía;2020T2;.
Cataluña;Turquía;2020T1;293,38
Cataluña;Turquía;2019T4;317,98
Cataluña;Turquía;2019T3;355,93
Cataluña;Turquía;2019T2;385,78
Cataluña;Turquía;2019T1;323,39
Cataluña;Turquía;2018T4;328,97
Cataluña;Turquía;2018T3;343,21
Cataluña;Turquía;2018T2;368,16
Cataluña;Turquía;2018T1;342,74
Cataluña;Resto del mundo;2025T2;453,69
Cataluña;Resto del mundo;2025T1;439,22
Cataluña;Resto del mundo;2024T4;452,13
Cataluña;Resto del mundo;2024T3;454,14
Cataluña;Resto del mundo;2024T2;503,30
Cataluña;Resto del mundo;2024T1;518,55
Cataluña;Resto del mundo;2023T4;498,87
Cataluña;Resto del mundo;2023T3;516,99
Cataluña;Resto del mundo;2023T2;493,01
Cataluña;Resto del mundo;2023T1;535,28
Cataluña;Resto del mundo;2022T4;501,64
Cataluña;Resto del mundo;2022T3;588,41
Cataluña;Resto del mundo;2022T2;532,06
Cataluña;Resto del mundo;2022T1;484,02
Cataluña;Resto del mundo;2021T4;488,74
Cataluña;Resto del mundo;2021T3;520,19
Cataluña;Resto del mundo;2021T2;435,19
Cataluña;Resto del mundo;2021T1;357,60
Cataluña;Resto del mundo;2020T4;325,01
Cataluña;Resto del mundo;2020T3;401,42
Cataluña;Resto del mundo;2020T2;.
Cataluña;Resto del mundo;2020T1;495,38
Cataluña;Resto del mundo;2019T4;501,40
Cataluña;Resto del mundo;2019T3;600,63
Cataluña;Resto del mundo;2019T2;580,82
Cataluña;Resto del mundo;2019T1;562,12
Cataluña;Resto del mundo;2018T4;561,85
Cataluña;Resto del mundo;2018T3;614,79
Cataluña;Resto del mundo;2018T2;628,21
Cataluña;Resto del mundo;2018T1;593,90
Comunitat Valenciana;Total;2025T2;657,80
Comunitat Valenciana;Total;2025T1;702,80
Comunitat Valenciana;Total;2024T4;709,26
Comunitat Valenciana;Total;2024T3;786,41
Comunitat Valenciana;Total;2024T2;631,64
Comunitat Valenciana;Total;2024T1;735,39
Comunitat Valenciana;Total;2023T4;641,40
Comunitat Valenciana;Total;2023T3;722,84
Comunitat Valenciana;Total;2023T2;569,42
Comunitat Valenciana;Total;2023T1;664,45
Comunitat Valenciana;Total;2022T4;671,81
Comunitat Valenciana;Total;2022T3;727,57
Comunitat Valenciana;Total;2022T2;619,99
Comunitat Valenciana;Total;2022T1;747,19
Comunitat Valenciana;Total;2021T4;677,22
Comunitat Valenciana;Total;2021T3;701,55
Comunitat Valenciana;Total;2021T2;695,72
Comunitat Valenciana;Total;2021T1;875,01
Comunitat Valenciana;Total;2020T4;661,62
Comunitat Valenciana;Total;2020T3;632,43
Comunitat Valenciana;Total;2020T2;.
Comunitat Valenciana;Total;2020T1;579,56
Comunitat Valenciana;Total;2019T4;545,56
Comunitat Valenciana;Total;2019T3;622,68
Comunitat Valenciana;Total;2019T2;485,46
Comunitat Valenciana;Total;2019T1;605,32
Comunitat Valenciana;Total;2018T4;564,71
Comunitat Valenciana;Total;2018T3;580,46
Comunitat Valenciana;Total;2018T2;519,72
Comunitat Valenciana;Total;2018T1;563,99
Comunitat Valenciana;Alemania;2025T2;731,46
Comunitat Valenciana;Alemania;2025T1;822,52
Comunitat Valenciana;Alemania;2024T4;812,83
Comunitat Valenciana;Alemania;2024T3;889,04
Comunitat Valenciana;Alemania;2024T2;735,93
Comunitat Valenciana;Alemania;2024T1;869,63
Comunitat Valenciana;Alemania;2023T4;749,58
Comunitat Valenciana;Alemania;2023T3;842,98
Comunitat Valenciana;Alemania;2023T2;692,88
Comunitat Valenciana;Alemania;2023T1;803,42
Comunitat Valenciana;Alemania;2022T4;790,31
Comunitat Valenciana;Alemania;2022T3;869,99
Comunitat Valenciana;Alemania;2022T2;752,86
Comunitat Valenciana;Alemania;2022T1;875,70
Comunitat Valenciana;Alemania;2021T4;791,28
Comunitat Valenciana;Alemania;2021T3;828,73
Comunitat Valenciana;Alemania;2021T2;831,30
Comunitat Valenciana;Alemania;2021T1;1.088,82
Comunitat Valenciana;Alemania;2020T4;823,54
Comunitat Valenciana;Alemania;2020T3;789,25
Comunitat Valenciana;Alemania;2020T2;.
Comunitat Valenciana;Alemania;2020T1;767,33
Comunitat Valenciana;Alemania;2019T4;674,20
Comunitat Valenciana;Alemania;2019T3;788,51
Comunitat Valenciana;Alemania;2019T2;615,72
Comunitat Valenciana;Alemania;2019T1;754,62
Comunitat Valenciana;Alemania;2018T4;670,41
Comunitat Valenciana;Alemania;2018T3;714,63
Comunitat Valenciana;Alemania;2018T2;617,82
Comunitat Valenciana;Alemania;2018T1;673,58
Comunitat Valenciana;Andorra;2025T2;862,43
Comunitat Valenciana;Andorra;2025T1;.
Comunitat Valenciana;Andorra;2024T4;.
Comunitat Valenciana;Andorra;2024T3;1.033,63
Comunitat Valenciana;Andorra;2024T2;787,39
Comunitat Valenciana;Andorra;2024T1;.
Comunitat Valenciana;Andorra;2023T4;832,00
Comunitat Valenciana;Andorra;2023T3;927,65
Comunitat Valenciana;Andorra;2023T2;708,37
Comunitat Valenciana;Andorra;2023T1;838,86
Comunitat Valenciana;Andorra;2022T4;1.057,94
Comunitat Valenciana;Andorra;2022T3;938,42
Comunitat Valenciana;Andorra;2022T2;797,42
Comunitat Valenciana;Andorra;2022T1;830,38
Comunitat Valenciana;Andorra;2021T4;819,84
Comunitat Valenciana;Andorra;2021T3;801,37
Comunitat Valenciana;Andorra;2021T2;651,86
Comunitat Valenciana;Andorra;2021T1;956,63
Comunitat Valenciana;Andorra;2020T4;688,11
Comunitat Valenciana;Andorra;2020T3;633,98
Comunitat Valenciana;Andorra;2020T2;.
Comunitat Valenciana;Andorra;2020T1;683,45
Comunitat Valenciana;Andorra;2019T4;530,98
Comunitat Valenciana;Andorra;2019T3;636,09
Comunitat Valenciana;Andorra;2019T2;419,97
Comunitat Valenciana;Andorra;2019T1;547,60
Comunitat Valenciana;Andorra;2018T4;511,76
Comunitat Valenciana;Andorra;2018T3;526,39
Comunitat Valenciana;Andorra;2018T2;447,56
Comunitat Valenciana;Andorra;2018T1;497,03
Comunitat Valenciana;Austria;2025T2;605,39
Comunitat Valenciana;Austria;2025T1;655,98
Comunitat Valenciana;Austria;2024T4;695,27
Comunitat Valenciana;Austria;2024T3;704,04
Comunitat Valenciana;Austria;2024T2;596,69
Comunitat Valenciana;Austria;2024T1;715,45
Comunitat Valenciana;Austria;2023T4;635,55
Comunitat Valenciana;Austria;2023T3;666,89
Comunitat Valenciana;Austria;2023T2;563,17
Comunitat Valenciana;Austria;2023T1;684,88
Comunitat Valenciana;Austria;2022T4;672,59
Comunitat Valenciana;Austria;2022T3;680,39
Comunitat Valenciana;Austria;2022T2;606,92
Comunitat Valenciana;Austria;2022T1;665,24
Comunitat Valenciana;Austria;2021T4;664,19
Comunitat Valenciana;Austria;2021T3;640,56
Comunitat Valenciana;Austria;2021T2;634,80
Comunitat Valenciana;Austria;2021T1;873,61
Comunitat Valenciana;Austria;2020T4;714,90
Comunitat Valenciana;Austria;2020T3;658,38
Comunitat Valenciana;Austria;2020T2;.
Comunitat Valenciana;Austria;2020T1;614,72
Comunitat Valenciana;Austria;2019T4;598,10
Comunitat Valenciana;Austria;2019T3;680,80
Comunitat Valenciana;Austria;2019T2;539,95
Comunitat Valenciana;Austria;2019T1;642,80
Comunitat Valenciana;Austria;2018T4;643,13
Comunitat Valenciana;Austria;2018T3;653,13
Comunitat Valenciana;Austria;2018T2;571,65
Comunitat Valenciana;Austria;2018T1;632,15
Comunitat Valenciana;Bélgica;2025T2;879,08
Comunitat Valenciana;Bélgica;2025T1;880,81
Comunitat Valenciana;Bélgica;2024T4;895,62
Comunitat Valenciana;Bélgica;2024T3;962,46
Comunitat Valenciana;Bélgica;2024T2;821,84
Comunitat Valenciana;Bélgica;2024T1;912,76
Comunitat Valenciana;Bélgica;2023T4;788,56
Comunitat Valenciana;Bélgica;2023T3;866,20
Comunitat Valenciana;Bélgica;2023T2;718,65
Comunitat Valenciana;Bélgica;2023T1;781,65
Comunitat Valenciana;Bélgica;2022T4;785,59
Comunitat Valenciana;Bélgica;2022T3;811,42
Comunitat Valenciana;Bélgica;2022T2;728,28
Comunitat Valenciana;Bélgica;2022T1;816,96
Comunitat Valenciana;Bélgica;2021T4;746,72
Comunitat Valenciana;Bélgica;2021T3;735,17
Comunitat Valenciana;Bélgica;2021T2;775,18
Comunitat Valenciana;Bélgica;2021T1;925,78
Comunitat Valenciana;Bélgica;2020T4;705,22
Comunitat Valenciana;Bélgica;2020T3;655,59
Comunitat Valenciana;Bélgica;2020T2;.
Comunitat Valenciana;Bélgica;2020T1;635,26
Comunitat Valenciana;Bélgica;2019T4;600,98
Comunitat Valenciana;Bélgica;2019T3;652,63
Comunitat Valenciana;Bélgica;2019T2;530,76
Comunitat Valenciana;Bélgica;2019T1;639,11
Comunitat Valenciana;Bélgica;2018T4;584,67
Comunitat Valenciana;Bélgica;2018T3;570,42
Comunitat Valenciana;Bélgica;2018T2;528,86
Comunitat Valenciana;Bélgica;2018T1;565,36
Comunitat Valenciana;Dinamarca;2025T2;665,03
Comunitat Valenciana;Dinamarca;2025T1;661,64
Comunitat Valenciana;Dinamarca;2024T4;660,99
Comunitat Valenciana;Dinamarca;2024T3;761,07
Comunitat Valenciana;Dinamarca;2024T2;601,88
Comunitat Valenciana;Dinamarca;2024T1;716,90
Comunitat Valenciana;Dinamarca;2023T4;592,77
Comunitat Valenciana;Dinamarca;2023T3;684,82
Comunitat Valenciana;Dinamarca;2023T2;529,21
Comunitat Valenciana;Dinamarca;2023T1;614,71
Comunitat Valenciana;Dinamarca;2022T4;589,03
Comunitat Valenciana;Dinamarca;2022T3;681,84
Comunitat Valenciana;Dinamarca;2022T2;576,85
Comunitat Valenciana;Dinamarca;2022T1;660,96
Comunitat Valenciana;Dinamarca;2021T4;620,55
Comunitat Valenciana;Dinamarca;2021T3;653,19
Comunitat Valenciana;Dinamarca;2021T2;621,52
Comunitat Valenciana;Dinamarca;2021T1;679,28
Comunitat Valenciana;Dinamarca;2020T4;534,52
Comunitat Valenciana;Dinamarca;2020T3;537,60
Comunitat Valenciana;Dinamarca;2020T2;.
Comunitat Valenciana;Dinamarca;2020T1;466,52
Comunitat Valenciana;Dinamarca;2019T4;437,11
Comunitat Valenciana;Dinamarca;2019T3;515,53
Comunitat Valenciana;Dinamarca;2019T2;380,30
Comunitat Valenciana;Dinamarca;2019T1;457,91
Comunitat Valenciana;Dinamarca;2018T4;417,64
Comunitat Valenciana;Dinamarca;2018T3;455,36
Comunitat Valenciana;Dinamarca;2018T2;380,26
Comunitat Valenciana;Dinamarca;2018T1;407,00
Comunitat Valenciana;Finlandia;2025T2;512,25
Comunitat Valenciana;Finlandia;2025T1;556,59
Comunitat Valenciana;Finlandia;2024T4;570,92
Comunitat Valenciana;Finlandia;2024T3;577,88
Comunitat Valenciana;Finlandia;2024T2;475,20
Comunitat Valenciana;Finlandia;2024T1;575,59
Comunitat Valenciana;Finlandia;2023T4;504,50
Comunitat Valenciana;Finlandia;2023T3;546,21
Comunitat Valenciana;Finlandia;2023T2;433,87
Comunitat Valenciana;Finlandia;2023T1;503,96
Comunitat Valenciana;Finlandia;2022T4;508,58
Comunitat Valenciana;Finlandia;2022T3;515,92
Comunitat Valenciana;Finlandia;2022T2;435,36
Comunitat Valenciana;Finlandia;2022T1;556,84
Comunitat Valenciana;Finlandia;2021T4;502,82
Comunitat Valenciana;Finlandia;2021T3;514,93
Comunitat Valenciana;Finlandia;2021T2;519,49
Comunitat Valenciana;Finlandia;2021T1;636,92
Comunitat Valenciana;Finlandia;2020T4;474,34
Comunitat Valenciana;Finlandia;2020T3;469,96
Comunitat Valenciana;Finlandia;2020T2;.
Comunitat Valenciana;Finlandia;2020T1;402,71
Comunitat Valenciana;Finlandia;2019T4;389,29
Comunitat Valenciana;Finlandia;2019T3;429,40
Comunitat Valenciana;Finlandia;2019T2;326,11
Comunitat Valenciana;Finlandia;2019T1;394,67
Comunitat Valenciana;Finlandia;2018T4;383,81
Comunitat Valenciana;Finlandia;2018T3;388,58
Comunitat Valenciana;Finlandia;2018T2;340,20
Comunitat Valenciana;Finlandia;2018T1;385,57
Comunitat Valenciana;Francia;2025T2;681,96
Comunitat Valenciana;Francia;2025T1;727,10
Comunitat Valenciana;Francia;2024T4;733,99
Comunitat Valenciana;Francia;2024T3;869,59
Comunitat Valenciana;Francia;2024T2;641,83
Comunitat Valenciana;Francia;2024T1;740,77
Comunitat Valenciana;Francia;2023T4;659,18
Comunitat Valenciana;Francia;2023T3;775,27
Comunitat Valenciana;Francia;2023T2;567,90
Comunitat Valenciana;Francia;2023T1;652,34
Comunitat Valenciana;Francia;2022T4;661,75
Comunitat Valenciana;Francia;2022T3;752,65
Comunitat Valenciana;Francia;2022T2;595,35
Comunitat Valenciana;Francia;2022T1;678,71
Comunitat Valenciana;Francia;2021T4;630,65
Comunitat Valenciana;Francia;2021T3;663,76
Comunitat Valenciana;Francia;2021T2;587,23
Comunitat Valenciana;Francia;2021T1;732,76
Comunitat Valenciana;Francia;2020T4;549,66
Comunitat Valenciana;Francia;2020T3;571,30
Comunitat Valenciana;Francia;2020T2;.
Comunitat Valenciana;Francia;2020T1;500,06
Comunitat Valenciana;Francia;2019T4;460,14
Comunitat Valenciana;Francia;2019T3;543,79
Comunitat Valenciana;Francia;2019T2;396,07
Comunitat Valenciana;Francia;2019T1;478,22
Comunitat Valenciana;Francia;2018T4;441,56
Comunitat Valenciana;Francia;2018T3;468,09
Comunitat Valenciana;Francia;2018T2;387,71
Comunitat Valenciana;Francia;2018T1;418,03
Comunitat Valenciana;Irlanda;2025T2;639,27
Comunitat Valenciana;Irlanda;2025T1;693,47
Comunitat Valenciana;Irlanda;2024T4;687,48
Comunitat Valenciana;Irlanda;2024T3;730,49
Comunitat Valenciana;Irlanda;2024T2;602,85
Comunitat Valenciana;Irlanda;2024T1;702,45
Comunitat Valenciana;Irlanda;2023T4;588,58
Comunitat Valenciana;Irlanda;2023T3;624,71
Comunitat Valenciana;Irlanda;2023T2;501,65
Comunitat Valenciana;Irlanda;2023T1;578,64
Comunitat Valenciana;Irlanda;2022T4;574,85
Comunitat Valenciana;Irlanda;2022T3;605,22
Comunitat Valenciana;Irlanda;2022T2;538,92
Comunitat Valenciana;Irlanda;2022T1;626,77
Comunitat Valenciana;Irlanda;2021T4;592,06
Comunitat Valenciana;Irlanda;2021T3;582,62
Comunitat Valenciana;Irlanda;2021T2;544,94
Comunitat Valenciana;Irlanda;2021T1;732,02
Comunitat Valenciana;Irlanda;2020T4;572,79
Comunitat Valenciana;Irlanda;2020T3;569,36
Comunitat Valenciana;Irlanda;2020T2;.
Comunitat Valenciana;Irlanda;2020T1;542,78
Comunitat Valenciana;Irlanda;2019T4;567,08
Comunitat Valenciana;Irlanda;2019T3;700,74
Comunitat Valenciana;Irlanda;2019T2;521,34
Comunitat Valenciana;Irlanda;2019T1;617,93
Comunitat Valenciana;Irlanda;2018T4;606,96
Comunitat Valenciana;Irlanda;2018T3;691,62
Comunitat Valenciana;Irlanda;2018T2;600,41
Comunitat Valenciana;Irlanda;2018T1;620,81
Comunitat Valenciana;Italia;2025T2;445,86
Comunitat Valenciana;Italia;2025T1;443,50
Comunitat Valenciana;Italia;2024T4;451,83
Comunitat Valenciana;Italia;2024T3;515,95
Comunitat Valenciana;Italia;2024T2;434,67
Comunitat Valenciana;Italia;2024T1;481,31
Comunitat Valenciana;Italia;2023T4;424,12
Comunitat Valenciana;Italia;2023T3;491,07
Comunitat Valenciana;Italia;2023T2;401,30
Comunitat Valenciana;Italia;2023T1;443,00
Comunitat Valenciana;Italia;2022T4;444,36
Comunitat Valenciana;Italia;2022T3;524,34
Comunitat Valenciana;Italia;2022T2;426,69
Comunitat Valenciana;Italia;2022T1;469,57
Comunitat Valenciana;Italia;2021T4;445,45
Comunitat Valenciana;Italia;2021T3;491,86
Comunitat Valenciana;Italia;2021T2;435,77
Comunitat Valenciana;Italia;2021T1;586,40
Comunitat Valenciana;Italia;2020T4;441,07
Comunitat Valenciana;Italia;2020T3;485,85
Comunitat Valenciana;Italia;2020T2;.
Comunitat Valenciana;Italia;2020T1;417,75
Comunitat Valenciana;Italia;2019T4;394,64
Comunitat Valenciana;Italia;2019T3;515,87
Comunitat Valenciana;Italia;2019T2;369,79
Comunitat Valenciana;Italia;2019T1;443,41
Comunitat Valenciana;Italia;2018T4;446,54
Comunitat Valenciana;Italia;2018T3;516,17
Comunitat Valenciana;Italia;2018T2;417,87
Comunitat Valenciana;Italia;2018T1;430,54
Comunitat Valenciana;Noruega;2025T2;731,21
Comunitat Valenciana;Noruega;2025T1;778,02
Comunitat Valenciana;Noruega;2024T4;759,08
Comunitat Valenciana;Noruega;2024T3;817,55
Comunitat Valenciana;Noruega;2024T2;698,86
Comunitat Valenciana;Noruega;2024T1;806,80
Comunitat Valenciana;Noruega;2023T4;688,00
Comunitat Valenciana;Noruega;2023T3;743,28
Comunitat Valenciana;Noruega;2023T2;612,19
Comunitat Valenciana;Noruega;2023T1;722,28
Comunitat Valenciana;Noruega;2022T4;701,49
Comunitat Valenciana;Noruega;2022T3;736,97
Comunitat Valenciana;Noruega;2022T2;661,71
Comunitat Valenciana;Noruega;2022T1;799,30
Comunitat Valenciana;Noruega;2021T4;746,92
Comunitat Valenciana;Noruega;2021T3;829,42
Comunitat Valenciana;Noruega;2021T2;827,70
Comunitat Valenciana;Noruega;2021T1;940,64
Comunitat Valenciana;Noruega;2020T4;717,79
Comunitat Valenciana;Noruega;2020T3;704,82
Comunitat Valenciana;Noruega;2020T2;.
Comunitat Valenciana;Noruega;2020T1;593,28
Comunitat Valenciana;Noruega;2019T4;551,45
Comunitat Valenciana;Noruega;2019T3;597,06
Comunitat Valenciana;Noruega;2019T2;485,77
Comunitat Valenciana;Noruega;2019T1;632,01
Comunitat Valenciana;Noruega;2018T4;550,85
Comunitat Valenciana;Noruega;2018T3;538,78
Comunitat Valenciana;Noruega;2018T2;499,37
Comunitat Valenciana;Noruega;2018T1;566,36
Comunitat Valenciana;Países Bajos;2025T2;721,34
Comunitat Valenciana;Países Bajos;2025T1;739,76
Comunitat Valenciana;Países Bajos;2024T4;745,51
Comunitat Valenciana;Países Bajos;2024T3;805,66
Comunitat Valenciana;Países Bajos;2024T2;659,03
Comunitat Valenciana;Países Bajos;2024T1;744,89
Comunitat Valenciana;Países Bajos;2023T4;640,58
Comunitat Valenciana;Países Bajos;2023T3;699,93
Comunitat Valenciana;Países Bajos;2023T2;561,97
Comunitat Valenciana;Países Bajos;2023T1;630,61
Comunitat Valenciana;Países Bajos;2022T4;630,31
Comunitat Valenciana;Países Bajos;2022T3;662,15
Comunitat Valenciana;Países Bajos;2022T2;569,61
Comunitat Valenciana;Países Bajos;2022T1;656,30
Comunitat Valenciana;Países Bajos;2021T4;601,55
Comunitat Valenciana;Países Bajos;2021T3;611,44
Comunitat Valenciana;Países Bajos;2021T2;693,72
Comunitat Valenciana;Países Bajos;2021T1;844,22
Comunitat Valenciana;Países Bajos;2020T4;627,46
Comunitat Valenciana;Países Bajos;2020T3;556,75
Comunitat Valenciana;Países Bajos;2020T2;.
Comunitat Valenciana;Países Bajos;2020T1;501,48
Comunitat Valenciana;Países Bajos;2019T4;476,42
Comunitat Valenciana;Países Bajos;2019T3;540,40
Comunitat Valenciana;Países Bajos;2019T2;422,02
Comunitat Valenciana;Países Bajos;2019T1;530,13
Comunitat Valenciana;Países Bajos;2018T4;493,92
Comunitat Valenciana;Países Bajos;2018T3;500,55
Comunitat Valenciana;Países Bajos;2018T2;450,90
Comunitat Valenciana;Países Bajos;2018T1;489,26
Comunitat Valenciana;Polonia;2025T2;503,40
Comunitat Valenciana;Polonia;2025T1;501,47
Comunitat Valenciana;Polonia;2024T4;516,55
Comunitat Valenciana;Polonia;2024T3;587,84
Comunitat Valenciana;Polonia;2024T2;473,77
Comunitat Valenciana;Polonia;2024T1;490,47
Comunitat Valenciana;Polonia;2023T4;424,74
Comunitat Valenciana;Polonia;2023T3;535,82
Comunitat Valenciana;Polonia;2023T2;417,84
Comunitat Valenciana;Polonia;2023T1;449,77
Comunitat Valenciana;Polonia;2022T4;462,32
Comunitat Valenciana;Polonia;2022T3;527,31
Comunitat Valenciana;Polonia;2022T2;448,01
Comunitat Valenciana;Polonia;2022T1;466,71
Comunitat Valenciana;Polonia;2021T4;442,45
Comunitat Valenciana;Polonia;2021T3;440,01
Comunitat Valenciana;Polonia;2021T2;468,59
Comunitat Valenciana;Polonia;2021T1;554,65
Comunitat Valenciana;Polonia;2020T4;428,96
Comunitat Valenciana;Polonia;2020T3;424,33
Comunitat Valenciana;Polonia;2020T2;.
Comunitat Valenciana;Polonia;2020T1;349,42
Comunitat Valenciana;Polonia;2019T4;321,83
Comunitat Valenciana;Polonia;2019T3;418,68
Comunitat Valenciana;Polonia;2019T2;325,46
Comunitat Valenciana;Polonia;2019T1;365,88
Comunitat Valenciana;Polonia;2018T4;343,51
Comunitat Valenciana;Polonia;2018T3;404,91
Comunitat Valenciana;Polonia;2018T2;357,66
Comunitat Valenciana;Polonia;2018T1;353,74
Comunitat Valenciana;Portugal;2025T2;523,50
Comunitat Valenciana;Portugal;2025T1;552,54
Comunitat Valenciana;Portugal;2024T4;564,39
Comunitat Valenciana;Portugal;2024T3;800,19
Comunitat Valenciana;Portugal;2024T2;518,36
Comunitat Valenciana;Portugal;2024T1;594,53
Comunitat Valenciana;Portugal;2023T4;511,09
Comunitat Valenciana;Portugal;2023T3;736,48
Comunitat Valenciana;Portugal;2023T2;464,42
Comunitat Valenciana;Portugal;2023T1;523,02
Comunitat Valenciana;Portugal;2022T4;525,62
Comunitat Valenciana;Portugal;2022T3;755,00
Comunitat Valenciana;Portugal;2022T2;515,95
Comunitat Valenciana;Portugal;2022T1;556,30
Comunitat Valenciana;Portugal;2021T4;530,47
Comunitat Valenciana;Portugal;2021T3;683,64
Comunitat Valenciana;Portugal;2021T2;538,77
Comunitat Valenciana;Portugal;2021T1;648,51
Comunitat Valenciana;Portugal;2020T4;546,70
Comunitat Valenciana;Portugal;2020T3;564,49
Comunitat Valenciana;Portugal;2020T2;.
Comunitat Valenciana;Portugal;2020T1;400,58
Comunitat Valenciana;Portugal;2019T4;380,12
Comunitat Valenciana;Portugal;2019T3;590,45
Comunitat Valenciana;Portugal;2019T2;351,83
Comunitat Valenciana;Portugal;2019T1;440,76
Comunitat Valenciana;Portugal;2018T4;412,60
Comunitat Valenciana;Portugal;2018T3;546,43
Comunitat Valenciana;Portugal;2018T2;357,65
Comunitat Valenciana;Portugal;2018T1;395,93
Comunitat Valenciana;Reino Unido;2025T2;592,61
Comunitat Valenciana;Reino Unido;2025T1;663,41
Comunitat Valenciana;Reino Unido;2024T4;661,49
Comunitat Valenciana;Reino Unido;2024T3;719,12
Comunitat Valenciana;Reino Unido;2024T2;581,20
Comunitat Valenciana;Reino Unido;2024T1;701,89
Comunitat Valenciana;Reino Unido;2023T4;610,05
Comunitat Valenciana;Reino Unido;2023T3;666,95
Comunitat Valenciana;Reino Unido;2023T2;529,34
Comunitat Valenciana;Reino Unido;2023T1;648,90
Comunitat Valenciana;Reino Unido;2022T4;655,79
Comunitat Valenciana;Reino Unido;2022T3;690,77
Comunitat Valenciana;Reino Unido;2022T2;621,85
Comunitat Valenciana;Reino Unido;2022T1;770,94
Comunitat Valenciana;Reino Unido;2021T4;717,05
Comunitat Valenciana;Reino Unido;2021T3;765,42
Comunitat Valenciana;Reino Unido;2021T2;765,76
Comunitat Valenciana;Reino Unido;2021T1;923,62
Comunitat Valenciana;Reino Unido;2020T4;702,27
Comunitat Valenciana;Reino Unido;2020T3;676,46
Comunitat Valenciana;Reino Unido;2020T2;.
Comunitat Valenciana;Reino Unido;2020T1;653,85
Comunitat Valenciana;Reino Unido;2019T4;633,62
Comunitat Valenciana;Reino Unido;2019T3;724,56
Comunitat Valenciana;Reino Unido;2019T2;567,14
Comunitat Valenciana;Reino Unido;2019T1;714,88
Comunitat Valenciana;Reino Unido;2018T4;683,37
Comunitat Valenciana;Reino Unido;2018T3;746,63
Comunitat Valenciana;Reino Unido;2018T2;651,42
Comunitat Valenciana;Reino Unido;2018T1;699,32
Comunitat Valenciana;Rumanía;2025T2;602,19
Comunitat Valenciana;Rumanía;2025T1;634,04
Comunitat Valenciana;Rumanía;2024T4;633,59
Comunitat Valenciana;Rumanía;2024T3;689,11
Comunitat Valenciana;Rumanía;2024T2;570,27
Comunitat Valenciana;Rumanía;2024T1;680,43
Comunitat Valenciana;Rumanía;2023T4;598,88
Comunitat Valenciana;Rumanía;2023T3;682,53
Comunitat Valenciana;Rumanía;2023T2;546,16
Comunitat Valenciana;Rumanía;2023T1;614,50
Comunitat Valenciana;Rumanía;2022T4;661,77
Comunitat Valenciana;Rumanía;2022T3;677,62
Comunitat Valenciana;Rumanía;2022T2;575,49
Comunitat Valenciana;Rumanía;2022T1;723,42
Comunitat Valenciana;Rumanía;2021T4;670,16
Comunitat Valenciana;Rumanía;2021T3;667,44
Comunitat Valenciana;Rumanía;2021T2;690,84
Comunitat Valenciana;Rumanía;2021T1;943,80
Comunitat Valenciana;Rumanía;2020T4;673,94
Comunitat Valenciana;Rumanía;2020T3;637,03
Comunitat Valenciana;Rumanía;2020T2;.
Comunitat Valenciana;Rumanía;2020T1;610,50
Comunitat Valenciana;Rumanía;2019T4;586,94
Comunitat Valenciana;Rumanía;2019T3;678,36
Comunitat Valenciana;Rumanía;2019T2;536,17
Comunitat Valenciana;Rumanía;2019T1;663,21
Comunitat Valenciana;Rumanía;2018T4;628,95
Comunitat Valenciana;Rumanía;2018T3;637,91
Comunitat Valenciana;Rumanía;2018T2;543,39
Comunitat Valenciana;Rumanía;2018T1;579,53
Comunitat Valenciana;Rusia;2025T2;.
Comunitat Valenciana;Rusia;2025T1;.
Comunitat Valenciana;Rusia;2024T4;.
Comunitat Valenciana;Rusia;2024T3;.
Comunitat Valenciana;Rusia;2024T2;.
Comunitat Valenciana;Rusia;2024T1;.
Comunitat Valenciana;Rusia;2023T4;.
Comunitat Valenciana;Rusia;2023T3;.
Comunitat Valenciana;Rusia;2023T2;.
Comunitat Valenciana;Rusia;2023T1;.
Comunitat Valenciana;Rusia;2022T4;.
Comunitat Valenciana;Rusia;2022T3;.
Comunitat Valenciana;Rusia;2022T2;.
Comunitat Valenciana;Rusia;2022T1;1.534,95
Comunitat Valenciana;Rusia;2021T4;754,16
Comunitat Valenciana;Rusia;2021T3;787,52
Comunitat Valenciana;Rusia;2021T2;713,17
Comunitat Valenciana;Rusia;2021T1;881,15
Comunitat Valenciana;Rusia;2020T4;666,72
Comunitat Valenciana;Rusia;2020T3;660,26
Comunitat Valenciana;Rusia;2020T2;.
Comunitat Valenciana;Rusia;2020T1;563,89
Comunitat Valenciana;Rusia;2019T4;512,56
Comunitat Valenciana;Rusia;2019T3;588,56
Comunitat Valenciana;Rusia;2019T2;452,16
Comunitat Valenciana;Rusia;2019T1;599,80
Comunitat Valenciana;Rusia;2018T4;525,10
Comunitat Valenciana;Rusia;2018T3;535,45
Comunitat Valenciana;Rusia;2018T2;514,77
Comunitat Valenciana;Rusia;2018T1;585,88
Comunitat Valenciana;Suecia;2025T2;674,47
Comunitat Valenciana;Suecia;2025T1;693,75
Comunitat Valenciana;Suecia;2024T4;682,85
Comunitat Valenciana;Suecia;2024T3;736,26
Comunitat Valenciana;Suecia;2024T2;621,87
Comunitat Valenciana;Suecia;2024T1;732,70
Comunitat Valenciana;Suecia;2023T4;609,92
Comunitat Valenciana;Suecia;2023T3;671,70
Comunitat Valenciana;Suecia;2023T2;550,90
Comunitat Valenciana;Suecia;2023T1;640,12
Comunitat Valenciana;Suecia;2022T4;632,88
Comunitat Valenciana;Suecia;2022T3;677,86
Comunitat Valenciana;Suecia;2022T2;602,13
Comunitat Valenciana;Suecia;2022T1;725,13
Comunitat Valenciana;Suecia;2021T4;646,74
Comunitat Valenciana;Suecia;2021T3;654,20
Comunitat Valenciana;Suecia;2021T2;653,73
Comunitat Valenciana;Suecia;2021T1;789,93
Comunitat Valenciana;Suecia;2020T4;559,94
Comunitat Valenciana;Suecia;2020T3;543,81
Comunitat Valenciana;Suecia;2020T2;.
Comunitat Valenciana;Suecia;2020T1;502,69
Comunitat Valenciana;Suecia;2019T4;461,71
Comunitat Valenciana;Suecia;2019T3;510,98
Comunitat Valenciana;Suecia;2019T2;397,25
Comunitat Valenciana;Suecia;2019T1;515,24
Comunitat Valenciana;Suecia;2018T4;449,51
Comunitat Valenciana;Suecia;2018T3;452,96
Comunitat Valenciana;Suecia;2018T2;406,88
Comunitat Valenciana;Suecia;2018T1;461,57
Comunitat Valenciana;Suiza;2025T2;976,08
Comunitat Valenciana;Suiza;2025T1;1.069,29
Comunitat Valenciana;Suiza;2024T4;1.060,31
Comunitat Valenciana;Suiza;2024T3;1.115,04
Comunitat Valenciana;Suiza;2024T2;946,70
Comunitat Valenciana;Suiza;2024T1;1.165,90
Comunitat Valenciana;Suiza;2023T4;997,43
Comunitat Valenciana;Suiza;2023T3;1.064,91
Comunitat Valenciana;Suiza;2023T2;891,72
Comunitat Valenciana;Suiza;2023T1;1.084,06
Comunitat Valenciana;Suiza;2022T4;1.056,68
Comunitat Valenciana;Suiza;2022T3;1.102,59
Comunitat Valenciana;Suiza;2022T2;1.007,19
Comunitat Valenciana;Suiza;2022T1;1.273,85
Comunitat Valenciana;Suiza;2021T4;1.128,36
Comunitat Valenciana;Suiza;2021T3;1.069,10
Comunitat Valenciana;Suiza;2021T2;1.145,22
Comunitat Valenciana;Suiza;2021T1;1.674,76
Comunitat Valenciana;Suiza;2020T4;1.368,02
Comunitat Valenciana;Suiza;2020T3;1.047,29
Comunitat Valenciana;Suiza;2020T2;.
Comunitat Valenciana;Suiza;2020T1;1.076,09
Comunitat Valenciana;Suiza;2019T4;917,35
Comunitat Valenciana;Suiza;2019T3;1.016,26
Comunitat Valenciana;Suiza;2019T2;823,92
Comunitat Valenciana;Suiza;2019T1;1.060,97
Comunitat Valenciana;Suiza;2018T4;922,87
Comunitat Valenciana;Suiza;2018T3;914,26
Comunitat Valenciana;Suiza;2018T2;839,35
Comunitat Valenciana;Suiza;2018T1;963,95
Comunitat Valenciana;Otros Países Europeos;2025T2;601,90
Comunitat Valenciana;Otros Países Europeos;2025T1;627,47
Comunitat Valenciana;Otros Países Europeos;2024T4;631,65
Comunitat Valenciana;Otros Países Europeos;2024T3;701,10
Comunitat Valenciana;Otros Países Europeos;2024T2;569,88
Comunitat Valenciana;Otros Países Europeos;2024T1;655,74
Comunitat Valenciana;Otros Países Europeos;2023T4;586,05
Comunitat Valenciana;Otros Países Europeos;2023T3;677,65
Comunitat Valenciana;Otros Países Europeos;2023T2;528,66
Comunitat Valenciana;Otros Países Europeos;2023T1;615,48
Comunitat Valenciana;Otros Países Europeos;2022T4;634,78
Comunitat Valenciana;Otros Países Europeos;2022T3;684,57
Comunitat Valenciana;Otros Países Europeos;2022T2;568,34
Comunitat Valenciana;Otros Países Europeos;2022T1;664,16
Comunitat Valenciana;Otros Países Europeos;2021T4;589,63
Comunitat Valenciana;Otros Países Europeos;2021T3;594,44
Comunitat Valenciana;Otros Países Europeos;2021T2;581,92
Comunitat Valenciana;Otros Países Europeos;2021T1;737,86
Comunitat Valenciana;Otros Países Europeos;2020T4;585,15
Comunitat Valenciana;Otros Países Europeos;2020T3;562,15
Comunitat Valenciana;Otros Países Europeos;2020T2;.
Comunitat Valenciana;Otros Países Europeos;2020T1;479,98
Comunitat Valenciana;Otros Países Europeos;2019T4;469,95
Comunitat Valenciana;Otros Países Europeos;2019T3;553,70
Comunitat Valenciana;Otros Países Europeos;2019T2;436,80
Comunitat Valenciana;Otros Países Europeos;2019T1;531,39
Comunitat Valenciana;Otros Países Europeos;2018T4;506,14
Comunitat Valenciana;Otros Países Europeos;2018T3;533,43
Comunitat Valenciana;Otros Países Europeos;2018T2;477,97
Comunitat Valenciana;Otros Países Europeos;2018T1;514,17
Comunitat Valenciana;Argentina;2025T2;614,57
Comunitat Valenciana;Argentina;2025T1;621,00
Comunitat Valenciana;Argentina;2024T4;604,71
Comunitat Valenciana;Argentina;2024T3;681,37
Comunitat Valenciana;Argentina;2024T2;499,13
Comunitat Valenciana;Argentina;2024T1;457,85
Comunitat Valenciana;Argentina;2023T4;424,00
Comunitat Valenciana;Argentina;2023T3;500,69
Comunitat Valenciana;Argentina;2023T2;379,71
Comunitat Valenciana;Argentina;2023T1;391,43
Comunitat Valenciana;Argentina;2022T4;404,01
Comunitat Valenciana;Argentina;2022T3;499,26
Comunitat Valenciana;Argentina;2022T2;400,92
Comunitat Valenciana;Argentina;2022T1;444,40
Comunitat Valenciana;Argentina;2021T4;413,64
Comunitat Valenciana;Argentina;2021T3;421,36
Comunitat Valenciana;Argentina;2021T2;338,16
Comunitat Valenciana;Argentina;2021T1;411,02
Comunitat Valenciana;Argentina;2020T4;334,43
Comunitat Valenciana;Argentina;2020T3;308,40
Comunitat Valenciana;Argentina;2020T2;.
Comunitat Valenciana;Argentina;2020T1;307,36
Comunitat Valenciana;Argentina;2019T4;302,93
Comunitat Valenciana;Argentina;2019T3;411,68
Comunitat Valenciana;Argentina;2019T2;296,32
Comunitat Valenciana;Argentina;2019T1;338,53
Comunitat Valenciana;Argentina;2018T4;327,78
Comunitat Valenciana;Argentina;2018T3;397,36
Comunitat Valenciana;Argentina;2018T2;348,37
Comunitat Valenciana;Argentina;2018T1;373,59
Comunitat Valenciana;Brasil;2025T2;436,81
Comunitat Valenciana;Brasil;2025T1;459,19
Comunitat Valenciana;Brasil;2024T4;458,03
Comunitat Valenciana;Brasil;2024T3;544,15
Comunitat Valenciana;Brasil;2024T2;442,45
Comunitat Valenciana;Brasil;2024T1;480,81
Comunitat Valenciana;Brasil;2023T4;436,66
Comunitat Valenciana;Brasil;2023T3;508,09
Comunitat Valenciana;Brasil;2023T2;388,81
Comunitat Valenciana;Brasil;2023T1;427,34
Comunitat Valenciana;Brasil;2022T4;466,12
Comunitat Valenciana;Brasil;2022T3;535,54
Comunitat Valenciana;Brasil;2022T2;495,59
Comunitat Valenciana;Brasil;2022T1;559,35
Comunitat Valenciana;Brasil;2021T4;625,66
Comunitat Valenciana;Brasil;2021T3;719,08
Comunitat Valenciana;Brasil;2021T2;610,55
Comunitat Valenciana;Brasil;2021T1;730,20
Comunitat Valenciana;Brasil;2020T4;625,78
Comunitat Valenciana;Brasil;2020T3;603,80
Comunitat Valenciana;Brasil;2020T2;.
Comunitat Valenciana;Brasil;2020T1;548,89
Comunitat Valenciana;Brasil;2019T4;489,07
Comunitat Valenciana;Brasil;2019T3;586,07
Comunitat Valenciana;Brasil;2019T2;484,16
Comunitat Valenciana;Brasil;2019T1;522,21
Comunitat Valenciana;Brasil;2018T4;498,65
Comunitat Valenciana;Brasil;2018T3;763,34
Comunitat Valenciana;Brasil;2018T2;585,69
Comunitat Valenciana;Brasil;2018T1;523,63
Comunitat Valenciana;Canadá;2025T2;636,90
Comunitat Valenciana;Canadá;2025T1;682,73
Comunitat Valenciana;Canadá;2024T4;703,64
Comunitat Valenciana;Canadá;2024T3;788,12
Comunitat Valenciana;Canadá;2024T2;608,26
Comunitat Valenciana;Canadá;2024T1;712,63
Comunitat Valenciana;Canadá;2023T4;625,10
Comunitat Valenciana;Canadá;2023T3;737,25
Comunitat Valenciana;Canadá;2023T2;541,11
Comunitat Valenciana;Canadá;2023T1;663,34
Comunitat Valenciana;Canadá;2022T4;685,71
Comunitat Valenciana;Canadá;2022T3;742,16
Comunitat Valenciana;Canadá;2022T2;611,33
Comunitat Valenciana;Canadá;2022T1;728,13
Comunitat Valenciana;Canadá;2021T4;742,19
Comunitat Valenciana;Canadá;2021T3;840,69
Comunitat Valenciana;Canadá;2021T2;866,27
Comunitat Valenciana;Canadá;2021T1;1.078,94
Comunitat Valenciana;Canadá;2020T4;691,94
Comunitat Valenciana;Canadá;2020T3;705,57
Comunitat Valenciana;Canadá;2020T2;.
Comunitat Valenciana;Canadá;2020T1;546,73
Comunitat Valenciana;Canadá;2019T4;500,77
Comunitat Valenciana;Canadá;2019T3;576,10
Comunitat Valenciana;Canadá;2019T2;416,15
Comunitat Valenciana;Canadá;2019T1;583,06
Comunitat Valenciana;Canadá;2018T4;583,18
Comunitat Valenciana;Canadá;2018T3;569,57
Comunitat Valenciana;Canadá;2018T2;470,84
Comunitat Valenciana;Canadá;2018T1;599,92
Comunitat Valenciana;Chile;2025T2;545,54
Comunitat Valenciana;Chile;2025T1;555,27
Comunitat Valenciana;Chile;2024T4;547,59
Comunitat Valenciana;Chile;2024T3;659,05
Comunitat Valenciana;Chile;2024T2;535,99
Comunitat Valenciana;Chile;2024T1;580,43
Comunitat Valenciana;Chile;2023T4;515,82
Comunitat Valenciana;Chile;2023T3;667,29
Comunitat Valenciana;Chile;2023T2;510,54
Comunitat Valenciana;Chile;2023T1;536,35
Comunitat Valenciana;Chile;2022T4;561,15
Comunitat Valenciana;Chile;2022T3;632,22
Comunitat Valenciana;Chile;2022T2;529,80
Comunitat Valenciana;Chile;2022T1;574,57
Comunitat Valenciana;Chile;2021T4;594,91
Comunitat Valenciana;Chile;2021T3;705,09
Comunitat Valenciana;Chile;2021T2;674,27
Comunitat Valenciana;Chile;2021T1;895,35
Comunitat Valenciana;Chile;2020T4;658,91
Comunitat Valenciana;Chile;2020T3;658,53
Comunitat Valenciana;Chile;2020T2;.
Comunitat Valenciana;Chile;2020T1;426,56
Comunitat Valenciana;Chile;2019T4;428,89
Comunitat Valenciana;Chile;2019T3;575,09
Comunitat Valenciana;Chile;2019T2;415,88
Comunitat Valenciana;Chile;2019T1;528,93
Comunitat Valenciana;Chile;2018T4;483,70
Comunitat Valenciana;Chile;2018T3;580,23
Comunitat Valenciana;Chile;2018T2;490,26
Comunitat Valenciana;Chile;2018T1;473,60
Comunitat Valenciana;Colombia;2025T2;601,50
Comunitat Valenciana;Colombia;2025T1;659,91
Comunitat Valenciana;Colombia;2024T4;670,25
Comunitat Valenciana;Colombia;2024T3;759,09
Comunitat Valenciana;Colombia;2024T2;606,91
Comunitat Valenciana;Colombia;2024T1;696,63
Comunitat Valenciana;Colombia;2023T4;630,66
Comunitat Valenciana;Colombia;2023T3;737,08
Comunitat Valenciana;Colombia;2023T2;551,09
Comunitat Valenciana;Colombia;2023T1;585,83
Comunitat Valenciana;Colombia;2022T4;648,32
Comunitat Valenciana;Colombia;2022T3;743,17
Comunitat Valenciana;Colombia;2022T2;642,05
Comunitat Valenciana;Colombia;2022T1;721,82
Comunitat Valenciana;Colombia;2021T4;732,16
Comunitat Valenciana;Colombia;2021T3;843,45
Comunitat Valenciana;Colombia;2021T2;830,56
Comunitat Valenciana;Colombia;2021T1;1.108,52
Comunitat Valenciana;Colombia;2020T4;787,63
Comunitat Valenciana;Colombia;2020T3;683,73
Comunitat Valenciana;Colombia;2020T2;.
Comunitat Valenciana;Colombia;2020T1;637,04
Comunitat Valenciana;Colombia;2019T4;617,40
Comunitat Valenciana;Colombia;2019T3;776,54
Comunitat Valenciana;Colombia;2019T2;582,91
Comunitat Valenciana;Colombia;2019T1;684,91
Comunitat Valenciana;Colombia;2018T4;638,31
Comunitat Valenciana;Colombia;2018T3;758,32
Comunitat Valenciana;Colombia;2018T2;655,71
Comunitat Valenciana;Colombia;2018T1;716,80
Comunitat Valenciana;Estados Unidos de América;2025T2;686,79
Comunitat Valenciana;Estados Unidos de América;2025T1;718,75
Comunitat Valenciana;Estados Unidos de América;2024T4;749,28
Comunitat Valenciana;Estados Unidos de América;2024T3;875,29
Comunitat Valenciana;Estados Unidos de América;2024T2;667,60
Comunitat Valenciana;Estados Unidos de América;2024T1;758,04
Comunitat Valenciana;Estados Unidos de América;2023T4;688,41
Comunitat Valenciana;Estados Unidos de América;2023T3;800,18
Comunitat Valenciana;Estados Unidos de América;2023T2;582,51
Comunitat Valenciana;Estados Unidos de América;2023T1;664,89
Comunitat Valenciana;Estados Unidos de América;2022T4;690,57
Comunitat Valenciana;Estados Unidos de América;2022T3;782,21
Comunitat Valenciana;Estados Unidos de América;2022T2;613,09
Comunitat Valenciana;Estados Unidos de América;2022T1;709,07
Comunitat Valenciana;Estados Unidos de América;2021T4;711,06
Comunitat Valenciana;Estados Unidos de América;2021T3;796,91
Comunitat Valenciana;Estados Unidos de América;2021T2;782,49
Comunitat Valenciana;Estados Unidos de América;2021T1;1.018,95
Comunitat Valenciana;Estados Unidos de América;2020T4;800,01
Comunitat Valenciana;Estados Unidos de América;2020T3;817,48
Comunitat Valenciana;Estados Unidos de América;2020T2;.
Comunitat Valenciana;Estados Unidos de América;2020T1;572,77
Comunitat Valenciana;Estados Unidos de América;2019T4;537,04
Comunitat Valenciana;Estados Unidos de América;2019T3;674,06
Comunitat Valenciana;Estados Unidos de América;2019T2;464,45
Comunitat Valenciana;Estados Unidos de América;2019T1;584,60
Comunitat Valenciana;Estados Unidos de América;2018T4;602,26
Comunitat Valenciana;Estados Unidos de América;2018T3;699,80
Comunitat Valenciana;Estados Unidos de América;2018T2;541,42
Comunitat Valenciana;Estados Unidos de América;2018T1;551,24
Comunitat Valenciana;México;2025T2;649,78
Comunitat Valenciana;México;2025T1;661,01
Comunitat Valenciana;México;2024T4;671,73
Comunitat Valenciana;México;2024T3;763,57
Comunitat Valenciana;México;2024T2;587,82
Comunitat Valenciana;México;2024T1;655,84
Comunitat Valenciana;México;2023T4;561,86
Comunitat Valenciana;México;2023T3;696,71
Comunitat Valenciana;México;2023T2;512,90
Comunitat Valenciana;México;2023T1;593,95
Comunitat Valenciana;México;2022T4;585,98
Comunitat Valenciana;México;2022T3;704,61
Comunitat Valenciana;México;2022T2;568,70
Comunitat Valenciana;México;2022T1;638,50
Comunitat Valenciana;México;2021T4;647,96
Comunitat Valenciana;México;2021T3;766,05
Comunitat Valenciana;México;2021T2;648,73
Comunitat Valenciana;México;2021T1;920,26
Comunitat Valenciana;México;2020T4;689,24
Comunitat Valenciana;México;2020T3;610,58
Comunitat Valenciana;México;2020T2;.
Comunitat Valenciana;México;2020T1;491,44
Comunitat Valenciana;México;2019T4;494,84
Comunitat Valenciana;México;2019T3;606,63
Comunitat Valenciana;México;2019T2;441,74
Comunitat Valenciana;México;2019T1;530,43
Comunitat Valenciana;México;2018T4;535,02
Comunitat Valenciana;México;2018T3;647,49
Comunitat Valenciana;México;2018T2;473,37
Comunitat Valenciana;México;2018T1;490,72
Comunitat Valenciana;Resto de América;2025T2;642,46
Comunitat Valenciana;Resto de América;2025T1;677,47
Comunitat Valenciana;Resto de América;2024T4;685,80
Comunitat Valenciana;Resto de América;2024T3;804,85
Comunitat Valenciana;Resto de América;2024T2;623,98
Comunitat Valenciana;Resto de América;2024T1;716,95
Comunitat Valenciana;Resto de América;2023T4;623,08
Comunitat Valenciana;Resto de América;2023T3;770,92
Comunitat Valenciana;Resto de América;2023T2;579,68
Comunitat Valenciana;Resto de América;2023T1;664,49
Comunitat Valenciana;Resto de América;2022T4;696,72
Comunitat Valenciana;Resto de América;2022T3;813,36
Comunitat Valenciana;Resto de América;2022T2;655,85
Comunitat Valenciana;Resto de América;2022T1;729,86
Comunitat Valenciana;Resto de América;2021T4;690,31
Comunitat Valenciana;Resto de América;2021T3;795,96
Comunitat Valenciana;Resto de América;2021T2;716,98
Comunitat Valenciana;Resto de América;2021T1;1.003,38
Comunitat Valenciana;Resto de América;2020T4;731,96
Comunitat Valenciana;Resto de América;2020T3;707,16
Comunitat Valenciana;Resto de América;2020T2;.
Comunitat Valenciana;Resto de América;2020T1;593,51
Comunitat Valenciana;Resto de América;2019T4;586,28
Comunitat Valenciana;Resto de América;2019T3;726,41
Comunitat Valenciana;Resto de América;2019T2;528,42
Comunitat Valenciana;Resto de América;2019T1;590,47
Comunitat Valenciana;Resto de América;2018T4;589,43
Comunitat Valenciana;Resto de América;2018T3;666,37
Comunitat Valenciana;Resto de América;2018T2;575,81
Comunitat Valenciana;Resto de América;2018T1;597,97
Comunitat Valenciana;Australia;2025T2;519,37
Comunitat Valenciana;Australia;2025T1;552,79
Comunitat Valenciana;Australia;2024T4;521,61
Comunitat Valenciana;Australia;2024T3;575,30
Comunitat Valenciana;Australia;2024T2;504,33
Comunitat Valenciana;Australia;2024T1;588,33
Comunitat Valenciana;Australia;2023T4;462,58
Comunitat Valenciana;Australia;2023T3;517,75
Comunitat Valenciana;Australia;2023T2;444,72
Comunitat Valenciana;Australia;2023T1;489,17
Comunitat Valenciana;Australia;2022T4;491,62
Comunitat Valenciana;Australia;2022T3;544,14
Comunitat Valenciana;Australia;2022T2;536,79
Comunitat Valenciana;Australia;2022T1;639,10
Comunitat Valenciana;Australia;2021T4;625,37
Comunitat Valenciana;Australia;2021T3;628,16
Comunitat Valenciana;Australia;2021T2;619,42
Comunitat Valenciana;Australia;2021T1;791,79
Comunitat Valenciana;Australia;2020T4;645,95
Comunitat Valenciana;Australia;2020T3;538,83
Comunitat Valenciana;Australia;2020T2;.
Comunitat Valenciana;Australia;2020T1;452,13
Comunitat Valenciana;Australia;2019T4;430,88
Comunitat Valenciana;Australia;2019T3;539,86
Comunitat Valenciana;Australia;2019T2;438,93
Comunitat Valenciana;Australia;2019T1;512,24
Comunitat Valenciana;Australia;2018T4;502,95
Comunitat Valenciana;Australia;2018T3;570,54
Comunitat Valenciana;Australia;2018T2;559,21
Comunitat Valenciana;Australia;2018T1;549,34
Comunitat Valenciana;China;2025T2;860,24
Comunitat Valenciana;China;2025T1;894,95
Comunitat Valenciana;China;2024T4;966,37
Comunitat Valenciana;China;2024T3;1.272,66
Comunitat Valenciana;China;2024T2;980,98
Comunitat Valenciana;China;2024T1;1.060,13
Comunitat Valenciana;China;2023T4;791,86
Comunitat Valenciana;China;2023T3;1.011,55
Comunitat Valenciana;China;2023T2;781,73
Comunitat Valenciana;China;2023T1;1.061,37
Comunitat Valenciana;China;2022T4;1.008,24
Comunitat Valenciana;China;2022T3;1.272,91
Comunitat Valenciana;China;2022T2;1.038,53
Comunitat Valenciana;China;2022T1;1.124,62
Comunitat Valenciana;China;2021T4;988,97
Comunitat Valenciana;China;2021T3;1.114,88
Comunitat Valenciana;China;2021T2;932,08
Comunitat Valenciana;China;2021T1;1.391,16
Comunitat Valenciana;China;2020T4;1.169,00
Comunitat Valenciana;China;2020T3;1.324,77
Comunitat Valenciana;China;2020T2;.
Comunitat Valenciana;China;2020T1;897,94
Comunitat Valenciana;China;2019T4;907,51
Comunitat Valenciana;China;2019T3;1.251,70
Comunitat Valenciana;China;2019T2;933,85
Comunitat Valenciana;China;2019T1;1.310,83
Comunitat Valenciana;China;2018T4;1.127,20
Comunitat Valenciana;China;2018T3;1.425,69
Comunitat Valenciana;China;2018T2;1.196,13
Comunitat Valenciana;China;2018T1;1.222,64
Comunitat Valenciana;Corea;2025T2;.
Comunitat Valenciana;Corea;2025T1;423,29
Comunitat Valenciana;Corea;2024T4;426,24
Comunitat Valenciana;Corea;2024T3;.
Comunitat Valenciana;Corea;2024T2;.
Comunitat Valenciana;Corea;2024T1;458,02
Comunitat Valenciana;Corea;2023T4;.
Comunitat Valenciana;Corea;2023T3;.
Comunitat Valenciana;Corea;2023T2;.
Comunitat Valenciana;Corea;2023T1;.
Comunitat Valenciana;Corea;2022T4;.
Comunitat Valenciana;Corea;2022T3;.
Comunitat Valenciana;Corea;2022T2;.
Comunitat Valenciana;Corea;2022T1;470,43
Comunitat Valenciana;Corea;2021T4;520,71
Comunitat Valenciana;Corea;2021T3;530,60
Comunitat Valenciana;Corea;2021T2;562,15
Comunitat Valenciana;Corea;2021T1;770,02
Comunitat Valenciana;Corea;2020T4;480,07
Comunitat Valenciana;Corea;2020T3;552,12
Comunitat Valenciana;Corea;2020T2;.
Comunitat Valenciana;Corea;2020T1;402,47
Comunitat Valenciana;Corea;2019T4;385,16
Comunitat Valenciana;Corea;2019T3;442,60
Comunitat Valenciana;Corea;2019T2;330,81
Comunitat Valenciana;Corea;2019T1;390,96
Comunitat Valenciana;Corea;2018T4;413,20
Comunitat Valenciana;Corea;2018T3;476,09
Comunitat Valenciana;Corea;2018T2;394,15
Comunitat Valenciana;Corea;2018T1;424,04
Comunitat Valenciana;Emiratos Árabes Unidos;2025T2;1.157,90
Comunitat Valenciana;Emiratos Árabes Unidos;2025T1;1.414,24
Comunitat Valenciana;Emiratos Árabes Unidos;2024T4;1.249,13
Comunitat Valenciana;Emiratos Árabes Unidos;2024T3;1.424,03
Comunitat Valenciana;Emiratos Árabes Unidos;2024T2;1.164,42
Comunitat Valenciana;Emiratos Árabes Unidos;2024T1;1.405,49
Comunitat Valenciana;Emiratos Árabes Unidos;2023T4;1.302,67
Comunitat Valenciana;Emiratos Árabes Unidos;2023T3;1.412,53
Comunitat Valenciana;Emiratos Árabes Unidos;2023T2;1.112,79
Comunitat Valenciana;Emiratos Árabes Unidos;2023T1;1.215,04
Comunitat Valenciana;Emiratos Árabes Unidos;2022T4;1.343,42
Comunitat Valenciana;Emiratos Árabes Unidos;2022T3;1.335,38
Comunitat Valenciana;Emiratos Árabes Unidos;2022T2;1.258,04
Comunitat Valenciana;Emiratos Árabes Unidos;2022T1;1.418,07
Comunitat Valenciana;Emiratos Árabes Unidos;2021T4;1.263,80
Comunitat Valenciana;Emiratos Árabes Unidos;2021T3;1.224,68
Comunitat Valenciana;Emiratos Árabes Unidos;2021T2;1.690,74
Comunitat Valenciana;Emiratos Árabes Unidos;2021T1;1.813,72
Comunitat Valenciana;Emiratos Árabes Unidos;2020T4;1.247,89
Comunitat Valenciana;Emiratos Árabes Unidos;2020T3;1.107,29
Comunitat Valenciana;Emiratos Árabes Unidos;2020T2;.
Comunitat Valenciana;Emiratos Árabes Unidos;2020T1;1.206,47
Comunitat Valenciana;Emiratos Árabes Unidos;2019T4;1.010,92
Comunitat Valenciana;Emiratos Árabes Unidos;2019T3;1.235,42
Comunitat Valenciana;Emiratos Árabes Unidos;2019T2;995,78
Comunitat Valenciana;Emiratos Árabes Unidos;2019T1;1.153,44
Comunitat Valenciana;Emiratos Árabes Unidos;2018T4;1.231,92
Comunitat Valenciana;Emiratos Árabes Unidos;2018T3;1.133,50
Comunitat Valenciana;Emiratos Árabes Unidos;2018T2;1.015,91
Comunitat Valenciana;Emiratos Árabes Unidos;2018T1;1.184,46
Comunitat Valenciana;Japón;2025T2;456,99
Comunitat Valenciana;Japón;2025T1;441,04
Comunitat Valenciana;Japón;2024T4;443,05
Comunitat Valenciana;Japón;2024T3;544,67
Comunitat Valenciana;Japón;2024T2;458,31
Comunitat Valenciana;Japón;2024T1;456,46
Comunitat Valenciana;Japón;2023T4;435,54
Comunitat Valenciana;Japón;2023T3;450,79
Comunitat Valenciana;Japón;2023T2;384,17
Comunitat Valenciana;Japón;2023T1;449,96
Comunitat Valenciana;Japón;2022T4;422,88
Comunitat Valenciana;Japón;2022T3;441,83
Comunitat Valenciana;Japón;2022T2;327,24
Comunitat Valenciana;Japón;2022T1;412,96
Comunitat Valenciana;Japón;2021T4;424,21
Comunitat Valenciana;Japón;2021T3;494,14
Comunitat Valenciana;Japón;2021T2;508,57
Comunitat Valenciana;Japón;2021T1;615,94
Comunitat Valenciana;Japón;2020T4;666,27
Comunitat Valenciana;Japón;2020T3;528,13
Comunitat Valenciana;Japón;2020T2;.
Comunitat Valenciana;Japón;2020T1;401,01
Comunitat Valenciana;Japón;2019T4;429,90
Comunitat Valenciana;Japón;2019T3;551,05
Comunitat Valenciana;Japón;2019T2;426,17
Comunitat Valenciana;Japón;2019T1;480,84
Comunitat Valenciana;Japón;2018T4;497,26
Comunitat Valenciana;Japón;2018T3;507,46
Comunitat Valenciana;Japón;2018T2;454,41
Comunitat Valenciana;Japón;2018T1;439,60
Comunitat Valenciana;Turquía;2025T2;640,96
Comunitat Valenciana;Turquía;2025T1;689,16
Comunitat Valenciana;Turquía;2024T4;715,61
Comunitat Valenciana;Turquía;2024T3;753,08
Comunitat Valenciana;Turquía;2024T2;674,00
Comunitat Valenciana;Turquía;2024T1;827,38
Comunitat Valenciana;Turquía;2023T4;768,22
Comunitat Valenciana;Turquía;2023T3;757,35
Comunitat Valenciana;Turquía;2023T2;627,22
Comunitat Valenciana;Turquía;2023T1;821,26
Comunitat Valenciana;Turquía;2022T4;756,29
Comunitat Valenciana;Turquía;2022T3;731,10
Comunitat Valenciana;Turquía;2022T2;625,80
Comunitat Valenciana;Turquía;2022T1;618,95
Comunitat Valenciana;Turquía;2021T4;648,04
Comunitat Valenciana;Turquía;2021T3;670,11
Comunitat Valenciana;Turquía;2021T2;594,62
Comunitat Valenciana;Turquía;2021T1;727,01
Comunitat Valenciana;Turquía;2020T4;518,42
Comunitat Valenciana;Turquía;2020T3;533,97
Comunitat Valenciana;Turquía;2020T2;.
Comunitat Valenciana;Turquía;2020T1;546,86
Comunitat Valenciana;Turquía;2019T4;577,42
Comunitat Valenciana;Turquía;2019T3;530,97
Comunitat Valenciana;Turquía;2019T2;433,17
Comunitat Valenciana;Turquía;2019T1;583,88
Comunitat Valenciana;Turquía;2018T4;487,31
Comunitat Valenciana;Turquía;2018T3;533,28
Comunitat Valenciana;Turquía;2018T2;485,22
Comunitat Valenciana;Turquía;2018T1;576,83
Comunitat Valenciana;Resto del mundo;2025T2;884,78
Comunitat Valenciana;Resto del mundo;2025T1;1.024,53
Comunitat Valenciana;Resto del mundo;2024T4;963,98
Comunitat Valenciana;Resto del mundo;2024T3;1.098,73
Comunitat Valenciana;Resto del mundo;2024T2;853,69
Comunitat Valenciana;Resto del mundo;2024T1;1.040,30
Comunitat Valenciana;Resto del mundo;2023T4;900,91
Comunitat Valenciana;Resto del mundo;2023T3;1.071,86
Comunitat Valenciana;Resto del mundo;2023T2;850,06
Comunitat Valenciana;Resto del mundo;2023T1;1.065,60
Comunitat Valenciana;Resto del mundo;2022T4;1.078,37
Comunitat Valenciana;Resto del mundo;2022T3;1.239,38
Comunitat Valenciana;Resto del mundo;2022T2;1.034,35
Comunitat Valenciana;Resto del mundo;2022T1;1.342,53
Comunitat Valenciana;Resto del mundo;2021T4;1.225,14
Comunitat Valenciana;Resto del mundo;2021T3;1.365,13
Comunitat Valenciana;Resto del mundo;2021T2;1.358,82
Comunitat Valenciana;Resto del mundo;2021T1;1.745,59
Comunitat Valenciana;Resto del mundo;2020T4;1.428,41
Comunitat Valenciana;Resto del mundo;2020T3;1.285,79
Comunitat Valenciana;Resto del mundo;2020T2;.
Comunitat Valenciana;Resto del mundo;2020T1;1.129,94
Comunitat Valenciana;Resto del mundo;2019T4;1.063,15
Comunitat Valenciana;Resto del mundo;2019T3;1.162,51
Comunitat Valenciana;Resto del mundo;2019T2;946,44
Comunitat Valenciana;Resto del mundo;2019T1;1.231,10
Comunitat Valenciana;Resto del mundo;2018T4;1.077,18
Comunitat Valenciana;Resto del mundo;2018T3;1.052,41
Comunitat Valenciana;Resto del mundo;2018T2;994,41
Comunitat Valenciana;Resto del mundo;2018T1;1.105,10
Extremadura;Total;2025T2;144,69
Extremadura;Total;2025T1;132,46
Extremadura;Total;2024T4;159,74
Extremadura;Total;2024T3;116,56
Extremadura;Total;2024T2;180,88
Extremadura;Total;2024T1;137,83
Extremadura;Total;2023T4;125,22
Extremadura;Total;2023T3;153,81
Extremadura;Total;2023T2;151,34
Extremadura;Total;2023T1;146,51
Extremadura;Total;2022T4;126,73
Extremadura;Total;2022T3;194,31
Extremadura;Total;2022T2;144,09
Extremadura;Total;2022T1;146,76
Extremadura;Total;2021T4;93,08
Extremadura;Total;2021T3;87,62
Extremadura;Total;2021T2;91,65
Extremadura;Total;2021T1;131,84
Extremadura;Total;2020T4;80,27
Extremadura;Total;2020T3;92,70
Extremadura;Total;2020T2;.
Extremadura;Total;2020T1;77,41
Extremadura;Total;2019T4;120,98
Extremadura;Total;2019T3;107,54
Extremadura;Total;2019T2;120,12
Extremadura;Total;2019T1;92,65
Extremadura;Total;2018T4;99,47
Extremadura;Total;2018T3;101,37
Extremadura;Total;2018T2;108,64
Extremadura;Total;2018T1;82,13
Extremadura;Alemania;2025T2;154,43
Extremadura;Alemania;2025T1;135,94
Extremadura;Alemania;2024T4;162,80
Extremadura;Alemania;2024T3;124,90
Extremadura;Alemania;2024T2;213,63
Extremadura;Alemania;2024T1;142,23
Extremadura;Alemania;2023T4;141,53
Extremadura;Alemania;2023T3;170,82
Extremadura;Alemania;2023T2;181,02
Extremadura;Alemania;2023T1;150,54
Extremadura;Alemania;2022T4;133,47
Extremadura;Alemania;2022T3;215,37
Extremadura;Alemania;2022T2;159,93
Extremadura;Alemania;2022T1;138,81
Extremadura;Alemania;2021T4;93,78
Extremadura;Alemania;2021T3;97,54
Extremadura;Alemania;2021T2;99,43
Extremadura;Alemania;2021T1;137,42
Extremadura;Alemania;2020T4;84,88
Extremadura;Alemania;2020T3;99,60
Extremadura;Alemania;2020T2;.
Extremadura;Alemania;2020T1;77,32
Extremadura;Alemania;2019T4;150,77
Extremadura;Alemania;2019T3;141,15
Extremadura;Alemania;2019T2;173,10
Extremadura;Alemania;2019T1;118,97
Extremadura;Alemania;2018T4;135,40
Extremadura;Alemania;2018T3;141,76
Extremadura;Alemania;2018T2;156,80
Extremadura;Alemania;2018T1;104,71
Extremadura;Andorra;2025T2;188,80
Extremadura;Andorra;2025T1;140,05
Extremadura;Andorra;2024T4;201,17
Extremadura;Andorra;2024T3;125,14
Extremadura;Andorra;2024T2;187,60
Extremadura;Andorra;2024T1;133,50
Extremadura;Andorra;2023T4;121,70
Extremadura;Andorra;2023T3;158,24
Extremadura;Andorra;2023T2;157,62
Extremadura;Andorra;2023T1;132,02
Extremadura;Andorra;2022T4;129,59
Extremadura;Andorra;2022T3;209,42
Extremadura;Andorra;2022T2;154,82
Extremadura;Andorra;2022T1;210,04
Extremadura;Andorra;2021T4;108,13
Extremadura;Andorra;2021T3;85,35
Extremadura;Andorra;2021T2;107,76
Extremadura;Andorra;2021T1;126,12
Extremadura;Andorra;2020T4;82,89
Extremadura;Andorra;2020T3;81,82
Extremadura;Andorra;2020T2;.
Extremadura;Andorra;2020T1;60,95
Extremadura;Andorra;2019T4;127,23
Extremadura;Andorra;2019T3;112,66
Extremadura;Andorra;2019T2;126,36
Extremadura;Andorra;2019T1;138,87
Extremadura;Andorra;2018T4;116,53
Extremadura;Andorra;2018T3;94,75
Extremadura;Andorra;2018T2;132,54
Extremadura;Andorra;2018T1;73,09
Extremadura;Austria;2025T2;138,23
Extremadura;Austria;2025T1;125,79
Extremadura;Austria;2024T4;156,61
Extremadura;Austria;2024T3;113,66
Extremadura;Austria;2024T2;218,14
Extremadura;Austria;2024T1;146,16
Extremadura;Austria;2023T4;146,46
Extremadura;Austria;2023T3;160,40
Extremadura;Austria;2023T2;188,23
Extremadura;Austria;2023T1;152,71
Extremadura;Austria;2022T4;124,08
Extremadura;Austria;2022T3;169,81
Extremadura;Austria;2022T2;155,83
Extremadura;Austria;2022T1;122,51
Extremadura;Austria;2021T4;91,45
Extremadura;Austria;2021T3;86,09
Extremadura;Austria;2021T2;81,64
Extremadura;Austria;2021T1;113,08
Extremadura;Austria;2020T4;68,65
Extremadura;Austria;2020T3;85,04
Extremadura;Austria;2020T2;.
Extremadura;Austria;2020T1;65,90
Extremadura;Austria;2019T4;151,01
Extremadura;Austria;2019T3;132,25
Extremadura;Austria;2019T2;187,70
Extremadura;Austria;2019T1;114,22
Extremadura;Austria;2018T4;148,87
Extremadura;Austria;2018T3;129,32
Extremadura;Austria;2018T2;163,78
Extremadura;Austria;2018T1;93,91
Extremadura;Bélgica;2025T2;155,07
Extremadura;Bélgica;2025T1;134,19
Extremadura;Bélgica;2024T4;163,24
Extremadura;Bélgica;2024T3;125,42
Extremadura;Bélgica;2024T2;203,57
Extremadura;Bélgica;2024T1;134,34
Extremadura;Bélgica;2023T4;127,38
Extremadura;Bélgica;2023T3;172,46
Extremadura;Bélgica;2023T2;172,57
Extremadura;Bélgica;2023T1;149,43
Extremadura;Bélgica;2022T4;136,34
Extremadura;Bélgica;2022T3;189,59
Extremadura;Bélgica;2022T2;158,60
Extremadura;Bélgica;2022T1;156,04
Extremadura;Bélgica;2021T4;97,53
Extremadura;Bélgica;2021T3;89,05
Extremadura;Bélgica;2021T2;97,90
Extremadura;Bélgica;2021T1;128,72
Extremadura;Bélgica;2020T4;82,18
Extremadura;Bélgica;2020T3;84,70
Extremadura;Bélgica;2020T2;.
Extremadura;Bélgica;2020T1;74,73
Extremadura;Bélgica;2019T4;131,41
Extremadura;Bélgica;2019T3;109,47
Extremadura;Bélgica;2019T2;145,72
Extremadura;Bélgica;2019T1;109,12
Extremadura;Bélgica;2018T4;116,51
Extremadura;Bélgica;2018T3;107,80
Extremadura;Bélgica;2018T2;132,08
Extremadura;Bélgica;2018T1;100,43
Extremadura;Dinamarca;2025T2;112,29
Extremadura;Dinamarca;2025T1;80,09
Extremadura;Dinamarca;2024T4;112,10
Extremadura;Dinamarca;2024T3;96,51
Extremadura;Dinamarca;2024T2;177,82
Extremadura;Dinamarca;2024T1;98,91
Extremadura;Dinamarca;2023T4;96,38
Extremadura;Dinamarca;2023T3;131,11
Extremadura;Dinamarca;2023T2;151,08
Extremadura;Dinamarca;2023T1;106,65
Extremadura;Dinamarca;2022T4;126,81
Extremadura;Dinamarca;2022T3;147,88
Extremadura;Dinamarca;2022T2;134,70
Extremadura;Dinamarca;2022T1;118,01
Extremadura;Dinamarca;2021T4;93,21
Extremadura;Dinamarca;2021T3;76,60
Extremadura;Dinamarca;2021T2;83,23
Extremadura;Dinamarca;2021T1;133,75
Extremadura;Dinamarca;2020T4;56,46
Extremadura;Dinamarca;2020T3;78,66
Extremadura;Dinamarca;2020T2;.
Extremadura;Dinamarca;2020T1;54,83
Extremadura;Dinamarca;2019T4;128,37
Extremadura;Dinamarca;2019T3;96,39
Extremadura;Dinamarca;2019T2;119,22
Extremadura;Dinamarca;2019T1;90,95
Extremadura;Dinamarca;2018T4;113,76
Extremadura;Dinamarca;2018T3;107,36
Extremadura;Dinamarca;2018T2;113,34
Extremadura;Dinamarca;2018T1;81,05
Extremadura;Finlandia;2025T2;112,08
Extremadura;Finlandia;2025T1;109,37
Extremadura;Finlandia;2024T4;126,67
Extremadura;Finlandia;2024T3;80,13
Extremadura;Finlandia;2024T2;124,76
Extremadura;Finlandia;2024T1;130,28
Extremadura;Finlandia;2023T4;88,78
Extremadura;Finlandia;2023T3;99,20
Extremadura;Finlandia;2023T2;90,17
Extremadura;Finlandia;2023T1;128,38
Extremadura;Finlandia;2022T4;84,01
Extremadura;Finlandia;2022T3;99,98
Extremadura;Finlandia;2022T2;103,41
Extremadura;Finlandia;2022T1;100,65
Extremadura;Finlandia;2021T4;63,68
Extremadura;Finlandia;2021T3;52,92
Extremadura;Finlandia;2021T2;82,25
Extremadura;Finlandia;2021T1;89,95
Extremadura;Finlandia;2020T4;55,53
Extremadura;Finlandia;2020T3;58,70
Extremadura;Finlandia;2020T2;.
Extremadura;Finlandia;2020T1;57,63
Extremadura;Finlandia;2019T4;85,70
Extremadura;Finlandia;2019T3;82,10
Extremadura;Finlandia;2019T2;98,11
Extremadura;Finlandia;2019T1;105,57
Extremadura;Finlandia;2018T4;90,95
Extremadura;Finlandia;2018T3;79,24
Extremadura;Finlandia;2018T2;125,79
Extremadura;Finlandia;2018T1;131,86
Extremadura;Francia;2025T2;144,13
Extremadura;Francia;2025T1;131,27
Extremadura;Francia;2024T4;159,05
Extremadura;Francia;2024T3;126,75
Extremadura;Francia;2024T2;189,48
Extremadura;Francia;2024T1;137,88
Extremadura;Francia;2023T4;135,77
Extremadura;Francia;2023T3;176,90
Extremadura;Francia;2023T2;158,65
Extremadura;Francia;2023T1;147,11
Extremadura;Francia;2022T4;132,62
Extremadura;Francia;2022T3;208,81
Extremadura;Francia;2022T2;134,00
Extremadura;Francia;2022T1;133,45
Extremadura;Francia;2021T4;90,71
Extremadura;Francia;2021T3;84,16
Extremadura;Francia;2021T2;88,63
Extremadura;Francia;2021T1;118,34
Extremadura;Francia;2020T4;71,58
Extremadura;Francia;2020T3;83,69
Extremadura;Francia;2020T2;.
Extremadura;Francia;2020T1;65,04
Extremadura;Francia;2019T4;118,92
Extremadura;Francia;2019T3;105,33
Extremadura;Francia;2019T2;111,54
Extremadura;Francia;2019T1;86,43
Extremadura;Francia;2018T4;101,34
Extremadura;Francia;2018T3;97,02
Extremadura;Francia;2018T2;103,01
Extremadura;Francia;2018T1;81,66
Extremadura;Irlanda;2025T2;117,99
Extremadura;Irlanda;2025T1;107,37
Extremadura;Irlanda;2024T4;139,25
Extremadura;Irlanda;2024T3;90,60
Extremadura;Irlanda;2024T2;149,80
Extremadura;Irlanda;2024T1;123,40
Extremadura;Irlanda;2023T4;104,33
Extremadura;Irlanda;2023T3;124,93
Extremadura;Irlanda;2023T2;121,06
Extremadura;Irlanda;2023T1;110,67
Extremadura;Irlanda;2022T4;96,92
Extremadura;Irlanda;2022T3;144,23
Extremadura;Irlanda;2022T2;116,07
Extremadura;Irlanda;2022T1;114,60
Extremadura;Irlanda;2021T4;77,65
Extremadura;Irlanda;2021T3;77,74
Extremadura;Irlanda;2021T2;83,36
Extremadura;Irlanda;2021T1;97,46
Extremadura;Irlanda;2020T4;60,55
Extremadura;Irlanda;2020T3;71,65
Extremadura;Irlanda;2020T2;.
Extremadura;Irlanda;2020T1;64,89
Extremadura;Irlanda;2019T4;104,43
Extremadura;Irlanda;2019T3;95,37
Extremadura;Irlanda;2019T2;110,97
Extremadura;Irlanda;2019T1;91,29
Extremadura;Irlanda;2018T4;95,68
Extremadura;Irlanda;2018T3;106,72
Extremadura;Irlanda;2018T2;127,42
Extremadura;Irlanda;2018T1;102,57
Extremadura;Italia;2025T2;95,59
Extremadura;Italia;2025T1;81,31
Extremadura;Italia;2024T4;98,62
Extremadura;Italia;2024T3;85,25
Extremadura;Italia;2024T2;131,40
Extremadura;Italia;2024T1;86,54
Extremadura;Italia;2023T4;76,35
Extremadura;Italia;2023T3;102,23
Extremadura;Italia;2023T2;94,13
Extremadura;Italia;2023T1;85,23
Extremadura;Italia;2022T4;83,44
Extremadura;Italia;2022T3;141,47
Extremadura;Italia;2022T2;82,76
Extremadura;Italia;2022T1;85,35
Extremadura;Italia;2021T4;61,74
Extremadura;Italia;2021T3;69,20
Extremadura;Italia;2021T2;65,61
Extremadura;Italia;2021T1;106,36
Extremadura;Italia;2020T4;59,44
Extremadura;Italia;2020T3;72,51
Extremadura;Italia;2020T2;.
Extremadura;Italia;2020T1;60,66
Extremadura;Italia;2019T4;98,00
Extremadura;Italia;2019T3;94,96
Extremadura;Italia;2019T2;105,26
Extremadura;Italia;2019T1;77,90
Extremadura;Italia;2018T4;87,94
Extremadura;Italia;2018T3;93,18
Extremadura;Italia;2018T2;104,04
Extremadura;Italia;2018T1;84,70
Extremadura;Noruega;2025T2;146,72
Extremadura;Noruega;2025T1;109,34
Extremadura;Noruega;2024T4;142,92
Extremadura;Noruega;2024T3;101,36
Extremadura;Noruega;2024T2;166,52
Extremadura;Noruega;2024T1;116,11
Extremadura;Noruega;2023T4;113,53
Extremadura;Noruega;2023T3;124,61
Extremadura;Noruega;2023T2;143,58
Extremadura;Noruega;2023T1;121,03
Extremadura;Noruega;2022T4;96,01
Extremadura;Noruega;2022T3;151,75
Extremadura;Noruega;2022T2;132,10
Extremadura;Noruega;2022T1;144,23
Extremadura;Noruega;2021T4;81,10
Extremadura;Noruega;2021T3;81,73
Extremadura;Noruega;2021T2;109,79
Extremadura;Noruega;2021T1;108,11
Extremadura;Noruega;2020T4;94,15
Extremadura;Noruega;2020T3;85,85
Extremadura;Noruega;2020T2;.
Extremadura;Noruega;2020T1;61,69
Extremadura;Noruega;2019T4;117,90
Extremadura;Noruega;2019T3;106,25
Extremadura;Noruega;2019T2;123,24
Extremadura;Noruega;2019T1;105,19
Extremadura;Noruega;2018T4;122,67
Extremadura;Noruega;2018T3;116,30
Extremadura;Noruega;2018T2;115,02
Extremadura;Noruega;2018T1;104,89
Extremadura;Países Bajos;2025T2;128,65
Extremadura;Países Bajos;2025T1;123,75
Extremadura;Países Bajos;2024T4;138,89
Extremadura;Países Bajos;2024T3;107,16
Extremadura;Países Bajos;2024T2;177,37
Extremadura;Países Bajos;2024T1;130,28
Extremadura;Países Bajos;2023T4;113,81
Extremadura;Países Bajos;2023T3;142,91
Extremadura;Países Bajos;2023T2;138,42
Extremadura;Países Bajos;2023T1;139,27
Extremadura;Países Bajos;2022T4;116,24
Extremadura;Países Bajos;2022T3;175,49
Extremadura;Países Bajos;2022T2;126,67
Extremadura;Países Bajos;2022T1;126,25
Extremadura;Países Bajos;2021T4;79,72
Extremadura;Países Bajos;2021T3;80,01
Extremadura;Países Bajos;2021T2;82,33
Extremadura;Países Bajos;2021T1;114,16
Extremadura;Países Bajos;2020T4;66,73
Extremadura;Países Bajos;2020T3;74,58
Extremadura;Países Bajos;2020T2;.
Extremadura;Países Bajos;2020T1;68,67
Extremadura;Países Bajos;2019T4;118,19
Extremadura;Países Bajos;2019T3;103,55
Extremadura;Países Bajos;2019T2;123,72
Extremadura;Países Bajos;2019T1;94,53
Extremadura;Países Bajos;2018T4;110,47
Extremadura;Países Bajos;2018T3;100,43
Extremadura;Países Bajos;2018T2;117,85
Extremadura;Países Bajos;2018T1;82,65
Extremadura;Polonia;2025T2;88,67
Extremadura;Polonia;2025T1;148,87
Extremadura;Polonia;2024T4;87,72
Extremadura;Polonia;2024T3;62,04
Extremadura;Polonia;2024T2;95,01
Extremadura;Polonia;2024T1;76,59
Extremadura;Polonia;2023T4;71,37
Extremadura;Polonia;2023T3;78,53
Extremadura;Polonia;2023T2;76,90
Extremadura;Polonia;2023T1;84,29
Extremadura;Polonia;2022T4;70,01
Extremadura;Polonia;2022T3;105,11
Extremadura;Polonia;2022T2;78,26
Extremadura;Polonia;2022T1;85,54
Extremadura;Polonia;2021T4;50,36
Extremadura;Polonia;2021T3;48,30
Extremadura;Polonia;2021T2;60,53
Extremadura;Polonia;2021T1;78,10
Extremadura;Polonia;2020T4;50,02
Extremadura;Polonia;2020T3;58,86
Extremadura;Polonia;2020T2;.
Extremadura;Polonia;2020T1;55,74
Extremadura;Polonia;2019T4;86,03
Extremadura;Polonia;2019T3;83,97
Extremadura;Polonia;2019T2;111,30
Extremadura;Polonia;2019T1;75,70
Extremadura;Polonia;2018T4;82,54
Extremadura;Polonia;2018T3;83,52
Extremadura;Polonia;2018T2;86,06
Extremadura;Polonia;2018T1;73,76
Extremadura;Portugal;2025T2;159,30
Extremadura;Portugal;2025T1;146,78
Extremadura;Portugal;2024T4;178,69
Extremadura;Portugal;2024T3;123,50
Extremadura;Portugal;2024T2;193,12
Extremadura;Portugal;2024T1;150,14
Extremadura;Portugal;2023T4;134,03
Extremadura;Portugal;2023T3;160,05
Extremadura;Portugal;2023T2;161,11
Extremadura;Portugal;2023T1;159,79
Extremadura;Portugal;2022T4;134,69
Extremadura;Portugal;2022T3;205,67
Extremadura;Portugal;2022T2;154,88
Extremadura;Portugal;2022T1;157,89
Extremadura;Portugal;2021T4;97,81
Extremadura;Portugal;2021T3;88,48
Extremadura;Portugal;2021T2;91,76
Extremadura;Portugal;2021T1;140,83
Extremadura;Portugal;2020T4;82,98
Extremadura;Portugal;2020T3;96,56
Extremadura;Portugal;2020T2;.
Extremadura;Portugal;2020T1;79,94
Extremadura;Portugal;2019T4;118,15
Extremadura;Portugal;2019T3;102,97
Extremadura;Portugal;2019T2;114,67
Extremadura;Portugal;2019T1;87,38
Extremadura;Portugal;2018T4;88,09
Extremadura;Portugal;2018T3;94,02
Extremadura;Portugal;2018T2;99,57
Extremadura;Portugal;2018T1;76,42
Extremadura;Reino Unido;2025T2;133,85
Extremadura;Reino Unido;2025T1;114,94
Extremadura;Reino Unido;2024T4;134,77
Extremadura;Reino Unido;2024T3;103,17
Extremadura;Reino Unido;2024T2;175,60
Extremadura;Reino Unido;2024T1;123,22
Extremadura;Reino Unido;2023T4;111,62
Extremadura;Reino Unido;2023T3;139,21
Extremadura;Reino Unido;2023T2;137,90
Extremadura;Reino Unido;2023T1;129,78
Extremadura;Reino Unido;2022T4;115,34
Extremadura;Reino Unido;2022T3;175,16
Extremadura;Reino Unido;2022T2;131,70
Extremadura;Reino Unido;2022T1;125,78
Extremadura;Reino Unido;2021T4;80,33
Extremadura;Reino Unido;2021T3;83,38
Extremadura;Reino Unido;2021T2;90,78
Extremadura;Reino Unido;2021T1;99,77
Extremadura;Reino Unido;2020T4;61,17
Extremadura;Reino Unido;2020T3;76,51
Extremadura;Reino Unido;2020T2;.
Extremadura;Reino Unido;2020T1;71,00
Extremadura;Reino Unido;2019T4;122,29
Extremadura;Reino Unido;2019T3;118,32
Extremadura;Reino Unido;2019T2;135,13
Extremadura;Reino Unido;2019T1;99,97
Extremadura;Reino Unido;2018T4;122,27
Extremadura;Reino Unido;2018T3;124,59
Extremadura;Reino Unido;2018T2;139,41
Extremadura;Reino Unido;2018T1;102,00
Extremadura;Rumanía;2025T2;96,33
Extremadura;Rumanía;2025T1;89,47
Extremadura;Rumanía;2024T4;101,96
Extremadura;Rumanía;2024T3;69,10
Extremadura;Rumanía;2024T2;113,38
Extremadura;Rumanía;2024T1;92,28
Extremadura;Rumanía;2023T4;82,92
Extremadura;Rumanía;2023T3;104,50
Extremadura;Rumanía;2023T2;104,29
Extremadura;Rumanía;2023T1;114,73
Extremadura;Rumanía;2022T4;104,38
Extremadura;Rumanía;2022T3;145,22
Extremadura;Rumanía;2022T2;113,12
Extremadura;Rumanía;2022T1;122,43
Extremadura;Rumanía;2021T4;70,86
Extremadura;Rumanía;2021T3;72,20
Extremadura;Rumanía;2021T2;86,46
Extremadura;Rumanía;2021T1;110,67
Extremadura;Rumanía;2020T4;75,54
Extremadura;Rumanía;2020T3;82,44
Extremadura;Rumanía;2020T2;.
Extremadura;Rumanía;2020T1;85,03
Extremadura;Rumanía;2019T4;121,23
Extremadura;Rumanía;2019T3;113,64
Extremadura;Rumanía;2019T2;122,71
Extremadura;Rumanía;2019T1;88,05
Extremadura;Rumanía;2018T4;90,86
Extremadura;Rumanía;2018T3;100,77
Extremadura;Rumanía;2018T2;87,21
Extremadura;Rumanía;2018T1;108,85
Extremadura;Rusia;2025T2;.
Extremadura;Rusia;2025T1;.
Extremadura;Rusia;2024T4;.
Extremadura;Rusia;2024T3;.
Extremadura;Rusia;2024T2;.
Extremadura;Rusia;2024T1;.
Extremadura;Rusia;2023T4;.
Extremadura;Rusia;2023T3;.
Extremadura;Rusia;2023T2;.
Extremadura;Rusia;2023T1;.
Extremadura;Rusia;2022T4;.
Extremadura;Rusia;2022T3;.
Extremadura;Rusia;2022T2;.
Extremadura;Rusia;2022T1;172,19
Extremadura;Rusia;2021T4;80,28
Extremadura;Rusia;2021T3;91,43
Extremadura;Rusia;2021T2;60,10
Extremadura;Rusia;2021T1;97,06
Extremadura;Rusia;2020T4;57,65
Extremadura;Rusia;2020T3;62,55
Extremadura;Rusia;2020T2;.
Extremadura;Rusia;2020T1;45,20
Extremadura;Rusia;2019T4;105,40
Extremadura;Rusia;2019T3;67,64
Extremadura;Rusia;2019T2;91,27
Extremadura;Rusia;2019T1;72,65
Extremadura;Rusia;2018T4;107,45
Extremadura;Rusia;2018T3;70,62
Extremadura;Rusia;2018T2;85,25
Extremadura;Rusia;2018T1;74,71
Extremadura;Suecia;2025T2;115,71
Extremadura;Suecia;2025T1;112,69
Extremadura;Suecia;2024T4;133,35
Extremadura;Suecia;2024T3;104,15
Extremadura;Suecia;2024T2;163,07
Extremadura;Suecia;2024T1;130,42
Extremadura;Suecia;2023T4;99,85
Extremadura;Suecia;2023T3;111,27
Extremadura;Suecia;2023T2;126,61
Extremadura;Suecia;2023T1;117,44
Extremadura;Suecia;2022T4;96,22
Extremadura;Suecia;2022T3;131,02
Extremadura;Suecia;2022T2;104,53
Extremadura;Suecia;2022T1;119,66
Extremadura;Suecia;2021T4;77,01
Extremadura;Suecia;2021T3;72,09
Extremadura;Suecia;2021T2;76,16
Extremadura;Suecia;2021T1;109,27
Extremadura;Suecia;2020T4;70,65
Extremadura;Suecia;2020T3;78,10
Extremadura;Suecia;2020T2;.
Extremadura;Suecia;2020T1;62,81
Extremadura;Suecia;2019T4;96,17
Extremadura;Suecia;2019T3;81,14
Extremadura;Suecia;2019T2;103,34
Extremadura;Suecia;2019T1;73,84
Extremadura;Suecia;2018T4;88,40
Extremadura;Suecia;2018T3;85,98
Extremadura;Suecia;2018T2;116,98
Extremadura;Suecia;2018T1;74,48
Extremadura;Suiza;2025T2;179,93
Extremadura;Suiza;2025T1;187,15
Extremadura;Suiza;2024T4;213,00
Extremadura;Suiza;2024T3;156,32
Extremadura;Suiza;2024T2;247,77
Extremadura;Suiza;2024T1;191,08
Extremadura;Suiza;2023T4;172,66
Extremadura;Suiza;2023T3;217,25
Extremadura;Suiza;2023T2;217,50
Extremadura;Suiza;2023T1;209,08
Extremadura;Suiza;2022T4;166,99
Extremadura;Suiza;2022T3;246,86
Extremadura;Suiza;2022T2;213,62
Extremadura;Suiza;2022T1;225,25
Extremadura;Suiza;2021T4;135,02
Extremadura;Suiza;2021T3;116,68
Extremadura;Suiza;2021T2;142,38
Extremadura;Suiza;2021T1;226,93
Extremadura;Suiza;2020T4;161,10
Extremadura;Suiza;2020T3;152,47
Extremadura;Suiza;2020T2;.
Extremadura;Suiza;2020T1;116,47
Extremadura;Suiza;2019T4;196,45
Extremadura;Suiza;2019T3;182,86
Extremadura;Suiza;2019T2;224,43
Extremadura;Suiza;2019T1;197,26
Extremadura;Suiza;2018T4;190,41
Extremadura;Suiza;2018T3;193,29
Extremadura;Suiza;2018T2;215,67
Extremadura;Suiza;2018T1;196,34
Extremadura;Otros Países Europeos;2025T2;95,28
Extremadura;Otros Países Europeos;2025T1;89,81
Extremadura;Otros Países Europeos;2024T4;108,29
Extremadura;Otros Países Europeos;2024T3;87,54
Extremadura;Otros Países Europeos;2024T2;121,39
Extremadura;Otros Países Europeos;2024T1;86,18
Extremadura;Otros Países Europeos;2023T4;88,73
Extremadura;Otros Países Europeos;2023T3;109,75
Extremadura;Otros Países Europeos;2023T2;111,33
Extremadura;Otros Países Europeos;2023T1;104,73
Extremadura;Otros Países Europeos;2022T4;88,98
Extremadura;Otros Países Europeos;2022T3;146,20
Extremadura;Otros Países Europeos;2022T2;104,18
Extremadura;Otros Países Europeos;2022T1;120,32
Extremadura;Otros Países Europeos;2021T4;79,04
Extremadura;Otros Países Europeos;2021T3;71,57
Extremadura;Otros Países Europeos;2021T2;78,11
Extremadura;Otros Países Europeos;2021T1;93,44
Extremadura;Otros Países Europeos;2020T4;60,47
Extremadura;Otros Países Europeos;2020T3;86,20
Extremadura;Otros Países Europeos;2020T2;.
Extremadura;Otros Países Europeos;2020T1;57,05
Extremadura;Otros Países Europeos;2019T4;90,89
Extremadura;Otros Países Europeos;2019T3;89,75
Extremadura;Otros Países Europeos;2019T2;90,25
Extremadura;Otros Países Europeos;2019T1;74,36
Extremadura;Otros Países Europeos;2018T4;117,80
Extremadura;Otros Países Europeos;2018T3;91,75
Extremadura;Otros Países Europeos;2018T2;101,57
Extremadura;Otros Países Europeos;2018T1;81,42
Extremadura;Argentina;2025T2;107,94
Extremadura;Argentina;2025T1;93,24
Extremadura;Argentina;2024T4;111,22
Extremadura;Argentina;2024T3;81,38
Extremadura;Argentina;2024T2;115,39
Extremadura;Argentina;2024T1;86,69
Extremadura;Argentina;2023T4;73,40
Extremadura;Argentina;2023T3;89,24
Extremadura;Argentina;2023T2;85,85
Extremadura;Argentina;2023T1;83,83
Extremadura;Argentina;2022T4;75,47
Extremadura;Argentina;2022T3;113,85
Extremadura;Argentina;2022T2;88,44
Extremadura;Argentina;2022T1;91,75
Extremadura;Argentina;2021T4;52,44
Extremadura;Argentina;2021T3;55,46
Extremadura;Argentina;2021T2;64,29
Extremadura;Argentina;2021T1;75,79
Extremadura;Argentina;2020T4;42,87
Extremadura;Argentina;2020T3;106,70
Extremadura;Argentina;2020T2;.
Extremadura;Argentina;2020T1;41,16
Extremadura;Argentina;2019T4;105,56
Extremadura;Argentina;2019T3;63,88
Extremadura;Argentina;2019T2;76,10
Extremadura;Argentina;2019T1;57,39
Extremadura;Argentina;2018T4;64,57
Extremadura;Argentina;2018T3;73,22
Extremadura;Argentina;2018T2;71,92
Extremadura;Argentina;2018T1;52,63
Extremadura;Brasil;2025T2;83,83
Extremadura;Brasil;2025T1;76,91
Extremadura;Brasil;2024T4;91,27
Extremadura;Brasil;2024T3;66,77
Extremadura;Brasil;2024T2;106,83
Extremadura;Brasil;2024T1;81,58
Extremadura;Brasil;2023T4;71,49
Extremadura;Brasil;2023T3;91,76
Extremadura;Brasil;2023T2;114,59
Extremadura;Brasil;2023T1;104,81
Extremadura;Brasil;2022T4;85,89
Extremadura;Brasil;2022T3;138,81
Extremadura;Brasil;2022T2;114,73
Extremadura;Brasil;2022T1;127,47
Extremadura;Brasil;2021T4;75,11
Extremadura;Brasil;2021T3;78,24
Extremadura;Brasil;2021T2;76,82
Extremadura;Brasil;2021T1;123,27
Extremadura;Brasil;2020T4;79,55
Extremadura;Brasil;2020T3;96,86
Extremadura;Brasil;2020T2;.
Extremadura;Brasil;2020T1;66,86
Extremadura;Brasil;2019T4;115,46
Extremadura;Brasil;2019T3;100,81
Extremadura;Brasil;2019T2;121,57
Extremadura;Brasil;2019T1;92,77
Extremadura;Brasil;2018T4;91,78
Extremadura;Brasil;2018T3;108,19
Extremadura;Brasil;2018T2;110,74
Extremadura;Brasil;2018T1;90,68
Extremadura;Canadá;2025T2;123,55
Extremadura;Canadá;2025T1;105,69
Extremadura;Canadá;2024T4;131,29
Extremadura;Canadá;2024T3;95,53
Extremadura;Canadá;2024T2;160,28
Extremadura;Canadá;2024T1;108,13
Extremadura;Canadá;2023T4;102,13
Extremadura;Canadá;2023T3;136,47
Extremadura;Canadá;2023T2;136,84
Extremadura;Canadá;2023T1;139,30
Extremadura;Canadá;2022T4;110,87
Extremadura;Canadá;2022T3;181,66
Extremadura;Canadá;2022T2;126,91
Extremadura;Canadá;2022T1;137,31
Extremadura;Canadá;2021T4;86,96
Extremadura;Canadá;2021T3;146,61
Extremadura;Canadá;2021T2;150,83
Extremadura;Canadá;2021T1;188,28
Extremadura;Canadá;2020T4;87,35
Extremadura;Canadá;2020T3;111,21
Extremadura;Canadá;2020T2;.
Extremadura;Canadá;2020T1;65,72
Extremadura;Canadá;2019T4;129,79
Extremadura;Canadá;2019T3;111,61
Extremadura;Canadá;2019T2;128,05
Extremadura;Canadá;2019T1;125,01
Extremadura;Canadá;2018T4;103,80
Extremadura;Canadá;2018T3;119,83
Extremadura;Canadá;2018T2;136,86
Extremadura;Canadá;2018T1;106,84
Extremadura;Chile;2025T2;101,65
Extremadura;Chile;2025T1;87,11
Extremadura;Chile;2024T4;109,46
Extremadura;Chile;2024T3;90,66
Extremadura;Chile;2024T2;129,43
Extremadura;Chile;2024T1;108,31
Extremadura;Chile;2023T4;86,75
Extremadura;Chile;2023T3;108,74
Extremadura;Chile;2023T2;106,82
Extremadura;Chile;2023T1;87,06
Extremadura;Chile;2022T4;107,62
Extremadura;Chile;2022T3;143,65
Extremadura;Chile;2022T2;97,24
Extremadura;Chile;2022T1;117,18
Extremadura;Chile;2021T4;75,12
Extremadura;Chile;2021T3;84,95
Extremadura;Chile;2021T2;76,88
Extremadura;Chile;2021T1;100,54
Extremadura;Chile;2020T4;73,56
Extremadura;Chile;2020T3;66,24
Extremadura;Chile;2020T2;.
Extremadura;Chile;2020T1;67,67
Extremadura;Chile;2019T4;163,20
Extremadura;Chile;2019T3;119,47
Extremadura;Chile;2019T2;120,38
Extremadura;Chile;2019T1;85,01
Extremadura;Chile;2018T4;125,60
Extremadura;Chile;2018T3;135,51
Extremadura;Chile;2018T2;136,10
Extremadura;Chile;2018T1;81,88
Extremadura;Colombia;2025T2;125,33
Extremadura;Colombia;2025T1;115,81
Extremadura;Colombia;2024T4;140,65
Extremadura;Colombia;2024T3;98,33
Extremadura;Colombia;2024T2;131,84
Extremadura;Colombia;2024T1;111,42
Extremadura;Colombia;2023T4;107,44
Extremadura;Colombia;2023T3;115,90
Extremadura;Colombia;2023T2;119,98
Extremadura;Colombia;2023T1;140,25
Extremadura;Colombia;2022T4;113,56
Extremadura;Colombia;2022T3;190,48
Extremadura;Colombia;2022T2;127,60
Extremadura;Colombia;2022T1;130,76
Extremadura;Colombia;2021T4;86,10
Extremadura;Colombia;2021T3;95,68
Extremadura;Colombia;2021T2;85,23
Extremadura;Colombia;2021T1;131,09
Extremadura;Colombia;2020T4;64,82
Extremadura;Colombia;2020T3;82,79
Extremadura;Colombia;2020T2;.
Extremadura;Colombia;2020T1;73,92
Extremadura;Colombia;2019T4;149,10
Extremadura;Colombia;2019T3;135,18
Extremadura;Colombia;2019T2;175,39
Extremadura;Colombia;2019T1;153,45
Extremadura;Colombia;2018T4;170,34
Extremadura;Colombia;2018T3;145,34
Extremadura;Colombia;2018T2;140,95
Extremadura;Colombia;2018T1;84,98
Extremadura;Estados Unidos de América;2025T2;131,27
Extremadura;Estados Unidos de América;2025T1;128,81
Extremadura;Estados Unidos de América;2024T4;139,60
Extremadura;Estados Unidos de América;2024T3;110,19
Extremadura;Estados Unidos de América;2024T2;165,91
Extremadura;Estados Unidos de América;2024T1;127,90
Extremadura;Estados Unidos de América;2023T4;116,76
Extremadura;Estados Unidos de América;2023T3;138,28
Extremadura;Estados Unidos de América;2023T2;142,82
Extremadura;Estados Unidos de América;2023T1;135,92
Extremadura;Estados Unidos de América;2022T4;119,26
Extremadura;Estados Unidos de América;2022T3;175,71
Extremadura;Estados Unidos de América;2022T2;144,87
Extremadura;Estados Unidos de América;2022T1;160,05
Extremadura;Estados Unidos de América;2021T4;110,56
Extremadura;Estados Unidos de América;2021T3;113,32
Extremadura;Estados Unidos de América;2021T2;126,56
Extremadura;Estados Unidos de América;2021T1;182,90
Extremadura;Estados Unidos de América;2020T4;108,30
Extremadura;Estados Unidos de América;2020T3;139,43
Extremadura;Estados Unidos de América;2020T2;.
Extremadura;Estados Unidos de América;2020T1;142,51
Extremadura;Estados Unidos de América;2019T4;174,40
Extremadura;Estados Unidos de América;2019T3;165,98
Extremadura;Estados Unidos de América;2019T2;151,80
Extremadura;Estados Unidos de América;2019T1;170,22
Extremadura;Estados Unidos de América;2018T4;229,15
Extremadura;Estados Unidos de América;2018T3;138,37
Extremadura;Estados Unidos de América;2018T2;137,61
Extremadura;Estados Unidos de América;2018T1;101,83
Extremadura;México;2025T2;94,02
Extremadura;México;2025T1;71,00
Extremadura;México;2024T4;99,08
Extremadura;México;2024T3;89,31
Extremadura;México;2024T2;118,93
Extremadura;México;2024T1;103,21
Extremadura;México;2023T4;94,80
Extremadura;México;2023T3;126,47
Extremadura;México;2023T2;118,43
Extremadura;México;2023T1;113,31
Extremadura;México;2022T4;85,16
Extremadura;México;2022T3;149,43
Extremadura;México;2022T2;104,15
Extremadura;México;2022T1;102,17
Extremadura;México;2021T4;71,25
Extremadura;México;2021T3;98,10
Extremadura;México;2021T2;103,73
Extremadura;México;2021T1;129,20
Extremadura;México;2020T4;90,05
Extremadura;México;2020T3;84,93
Extremadura;México;2020T2;.
Extremadura;México;2020T1;45,40
Extremadura;México;2019T4;85,74
Extremadura;México;2019T3;87,83
Extremadura;México;2019T2;94,28
Extremadura;México;2019T1;67,75
Extremadura;México;2018T4;86,01
Extremadura;México;2018T3;101,40
Extremadura;México;2018T2;70,23
Extremadura;México;2018T1;63,20
Extremadura;Resto de América;2025T2;126,58
Extremadura;Resto de América;2025T1;115,45
Extremadura;Resto de América;2024T4;129,78
Extremadura;Resto de América;2024T3;89,42
Extremadura;Resto de América;2024T2;142,33
Extremadura;Resto de América;2024T1;105,67
Extremadura;Resto de América;2023T4;104,73
Extremadura;Resto de América;2023T3;108,11
Extremadura;Resto de América;2023T2;122,76
Extremadura;Resto de América;2023T1;127,08
Extremadura;Resto de América;2022T4;114,70
Extremadura;Resto de América;2022T3;173,65
Extremadura;Resto de América;2022T2;130,71
Extremadura;Resto de América;2022T1;149,18
Extremadura;Resto de América;2021T4;87,06
Extremadura;Resto de América;2021T3;97,39
Extremadura;Resto de América;2021T2;115,01
Extremadura;Resto de América;2021T1;163,52
Extremadura;Resto de América;2020T4;89,72
Extremadura;Resto de América;2020T3;102,61
Extremadura;Resto de América;2020T2;.
Extremadura;Resto de América;2020T1;79,61
Extremadura;Resto de América;2019T4;126,22
Extremadura;Resto de América;2019T3;120,35
Extremadura;Resto de América;2019T2;136,00
Extremadura;Resto de América;2019T1;131,18
Extremadura;Resto de América;2018T4;106,22
Extremadura;Resto de América;2018T3;127,92
Extremadura;Resto de América;2018T2;147,41
Extremadura;Resto de América;2018T1;116,48
Extremadura;Australia;2025T2;92,54
Extremadura;Australia;2025T1;89,68
Extremadura;Australia;2024T4;95,76
Extremadura;Australia;2024T3;70,71
Extremadura;Australia;2024T2;128,25
Extremadura;Australia;2024T1;87,43
Extremadura;Australia;2023T4;83,99
Extremadura;Australia;2023T3;85,18
Extremadura;Australia;2023T2;113,25
Extremadura;Australia;2023T1;90,11
Extremadura;Australia;2022T4;87,91
Extremadura;Australia;2022T3;128,33
Extremadura;Australia;2022T2;92,96
Extremadura;Australia;2022T1;75,47
Extremadura;Australia;2021T4;43,04
Extremadura;Australia;2021T3;52,91
Extremadura;Australia;2021T2;76,25
Extremadura;Australia;2021T1;53,72
Extremadura;Australia;2020T4;48,11
Extremadura;Australia;2020T3;61,87
Extremadura;Australia;2020T2;.
Extremadura;Australia;2020T1;74,08
Extremadura;Australia;2019T4;113,51
Extremadura;Australia;2019T3;92,52
Extremadura;Australia;2019T2;127,73
Extremadura;Australia;2019T1;121,86
Extremadura;Australia;2018T4;119,62
Extremadura;Australia;2018T3;104,81
Extremadura;Australia;2018T2;130,07
Extremadura;Australia;2018T1;107,71
Extremadura;China;2025T2;368,19
Extremadura;China;2025T1;86,44
Extremadura;China;2024T4;109,62
Extremadura;China;2024T3;86,48
Extremadura;China;2024T2;171,85
Extremadura;China;2024T1;157,73
Extremadura;China;2023T4;110,09
Extremadura;China;2023T3;102,18
Extremadura;China;2023T2;137,68
Extremadura;China;2023T1;134,11
Extremadura;China;2022T4;75,68
Extremadura;China;2022T3;193,15
Extremadura;China;2022T2;190,41
Extremadura;China;2022T1;118,64
Extremadura;China;2021T4;61,69
Extremadura;China;2021T3;94,95
Extremadura;China;2021T2;65,80
Extremadura;China;2021T1;91,45
Extremadura;China;2020T4;205,85
Extremadura;China;2020T3;155,07
Extremadura;China;2020T2;.
Extremadura;China;2020T1;64,25
Extremadura;China;2019T4;98,19
Extremadura;China;2019T3;107,94
Extremadura;China;2019T2;97,89
Extremadura;China;2019T1;70,56
Extremadura;China;2018T4;91,89
Extremadura;China;2018T3;106,32
Extremadura;China;2018T2;193,06
Extremadura;China;2018T1;150,05
Extremadura;Corea;2025T2;59,93
Extremadura;Corea;2025T1;60,08
Extremadura;Corea;2024T4;57,72
Extremadura;Corea;2024T3;41,06
Extremadura;Corea;2024T2;76,86
Extremadura;Corea;2024T1;48,35
Extremadura;Corea;2023T4;.
Extremadura;Corea;2023T3;73,72
Extremadura;Corea;2023T2;.
Extremadura;Corea;2023T1;62,80
Extremadura;Corea;2022T4;.
Extremadura;Corea;2022T3;.
Extremadura;Corea;2022T2;.
Extremadura;Corea;2022T1;120,28
Extremadura;Corea;2021T4;52,66
Extremadura;Corea;2021T3;.
Extremadura;Corea;2021T2;.
Extremadura;Corea;2021T1;.
Extremadura;Corea;2020T4;.
Extremadura;Corea;2020T3;.
Extremadura;Corea;2020T2;.
Extremadura;Corea;2020T1;44,30
Extremadura;Corea;2019T4;68,54
Extremadura;Corea;2019T3;46,63
Extremadura;Corea;2019T2;69,64
Extremadura;Corea;2019T1;34,82
Extremadura;Corea;2018T4;52,77
Extremadura;Corea;2018T3;49,24
Extremadura;Corea;2018T2;81,26
Extremadura;Corea;2018T1;43,41
Extremadura;Emiratos Árabes Unidos;2025T2;208,65
Extremadura;Emiratos Árabes Unidos;2025T1;208,98
Extremadura;Emiratos Árabes Unidos;2024T4;164,20
Extremadura;Emiratos Árabes Unidos;2024T3;112,34
Extremadura;Emiratos Árabes Unidos;2024T2;206,43
Extremadura;Emiratos Árabes Unidos;2024T1;341,71
Extremadura;Emiratos Árabes Unidos;2023T4;180,73
Extremadura;Emiratos Árabes Unidos;2023T3;167,18
Extremadura;Emiratos Árabes Unidos;2023T2;209,94
Extremadura;Emiratos Árabes Unidos;2023T1;163,83
Extremadura;Emiratos Árabes Unidos;2022T4;141,49
Extremadura;Emiratos Árabes Unidos;2022T3;193,40
Extremadura;Emiratos Árabes Unidos;2022T2;172,61
Extremadura;Emiratos Árabes Unidos;2022T1;125,84
Extremadura;Emiratos Árabes Unidos;2021T4;83,18
Extremadura;Emiratos Árabes Unidos;2021T3;107,18
Extremadura;Emiratos Árabes Unidos;2021T2;93,51
Extremadura;Emiratos Árabes Unidos;2021T1;136,80
Extremadura;Emiratos Árabes Unidos;2020T4;169,24
Extremadura;Emiratos Árabes Unidos;2020T3;164,33
Extremadura;Emiratos Árabes Unidos;2020T2;.
Extremadura;Emiratos Árabes Unidos;2020T1;130,94
Extremadura;Emiratos Árabes Unidos;2019T4;132,27
Extremadura;Emiratos Árabes Unidos;2019T3;241,74
Extremadura;Emiratos Árabes Unidos;2019T2;234,52
Extremadura;Emiratos Árabes Unidos;2019T1;328,71
Extremadura;Emiratos Árabes Unidos;2018T4;370,75
Extremadura;Emiratos Árabes Unidos;2018T3;217,06
Extremadura;Emiratos Árabes Unidos;2018T2;276,56
Extremadura;Emiratos Árabes Unidos;2018T1;151,37
Extremadura;Japón;2025T2;.
Extremadura;Japón;2025T1;85,44
Extremadura;Japón;2024T4;.
Extremadura;Japón;2024T3;.
Extremadura;Japón;2024T2;.
Extremadura;Japón;2024T1;.
Extremadura;Japón;2023T4;97,44
Extremadura;Japón;2023T3;.
Extremadura;Japón;2023T2;107,89
Extremadura;Japón;2023T1;.
Extremadura;Japón;2022T4;113,69
Extremadura;Japón;2022T3;206,20
Extremadura;Japón;2022T2;69,19
Extremadura;Japón;2022T1;52,83
Extremadura;Japón;2021T4;49,75
Extremadura;Japón;2021T3;.
Extremadura;Japón;2021T2;.
Extremadura;Japón;2021T1;.
Extremadura;Japón;2020T4;.
Extremadura;Japón;2020T3;.
Extremadura;Japón;2020T2;.
Extremadura;Japón;2020T1;60,17
Extremadura;Japón;2019T4;123,29
Extremadura;Japón;2019T3;107,11
Extremadura;Japón;2019T2;112,58
Extremadura;Japón;2019T1;57,32
Extremadura;Japón;2018T4;106,24
Extremadura;Japón;2018T3;140,28
Extremadura;Japón;2018T2;104,89
Extremadura;Japón;2018T1;66,86
Extremadura;Turquía;2025T2;72,97
Extremadura;Turquía;2025T1;.
Extremadura;Turquía;2024T4;88,08
Extremadura;Turquía;2024T3;55,33
Extremadura;Turquía;2024T2;97,50
Extremadura;Turquía;2024T1;79,36
Extremadura;Turquía;2023T4;118,39
Extremadura;Turquía;2023T3;75,58
Extremadura;Turquía;2023T2;119,30
Extremadura;Turquía;2023T1;143,40
Extremadura;Turquía;2022T4;116,93
Extremadura;Turquía;2022T3;162,19
Extremadura;Turquía;2022T2;158,90
Extremadura;Turquía;2022T1;196,87
Extremadura;Turquía;2021T4;151,78
Extremadura;Turquía;2021T3;74,36
Extremadura;Turquía;2021T2;47,19
Extremadura;Turquía;2021T1;67,15
Extremadura;Turquía;2020T4;60,65
Extremadura;Turquía;2020T3;71,56
Extremadura;Turquía;2020T2;.
Extremadura;Turquía;2020T1;56,62
Extremadura;Turquía;2019T4;143,24
Extremadura;Turquía;2019T3;66,61
Extremadura;Turquía;2019T2;118,38
Extremadura;Turquía;2019T1;86,07
Extremadura;Turquía;2018T4;113,88
Extremadura;Turquía;2018T3;74,92
Extremadura;Turquía;2018T2;64,70
Extremadura;Turquía;2018T1;71,32
Extremadura;Resto del mundo;2025T2;119,84
Extremadura;Resto del mundo;2025T1;123,52
Extremadura;Resto del mundo;2024T4;138,54
Extremadura;Resto del mundo;2024T3;99,35
Extremadura;Resto del mundo;2024T2;152,11
Extremadura;Resto del mundo;2024T1;149,85
Extremadura;Resto del mundo;2023T4;119,63
Extremadura;Resto del mundo;2023T3;142,29
Extremadura;Resto del mundo;2023T2;152,01
Extremadura;Resto del mundo;2023T1;160,89
Extremadura;Resto del mundo;2022T4;136,44
Extremadura;Resto del mundo;2022T3;205,10
Extremadura;Resto del mundo;2022T2;168,42
Extremadura;Resto del mundo;2022T1;177,99
Extremadura;Resto del mundo;2021T4;107,27
Extremadura;Resto del mundo;2021T3;127,17
Extremadura;Resto del mundo;2021T2;138,66
Extremadura;Resto del mundo;2021T1;259,06
Extremadura;Resto del mundo;2020T4;215,86
Extremadura;Resto del mundo;2020T3;243,46
Extremadura;Resto del mundo;2020T2;.
Extremadura;Resto del mundo;2020T1;117,92
Extremadura;Resto del mundo;2019T4;153,98
Extremadura;Resto del mundo;2019T3;133,50
Extremadura;Resto del mundo;2019T2;160,86
Extremadura;Resto del mundo;2019T1;182,82
Extremadura;Resto del mundo;2018T4;152,40
Extremadura;Resto del mundo;2018T3;146,83
Extremadura;Resto del mundo;2018T2;166,47
Extremadura;Resto del mundo;2018T1;133,99
Galicia;Total;2025T2;391,62
Galicia;Total;2025T1;371,68
Galicia;Total;2024T4;395,79
Galicia;Total;2024T3;386,44
Galicia;Total;2024T2;329,25
Galicia;Total;2024T1;300,37
Galicia;Total;2023T4;333,85
Galicia;Total;2023T3;302,11
Galicia;Total;2023T2;313,38
Galicia;Total;2023T1;239,62
Galicia;Total;2022T4;251,46
Galicia;Total;2022T3;278,15
Galicia;Total;2022T2;237,97
Galicia;Total;2022T1;229,35
Galicia;Total;2021T4;210,19
Galicia;Total;2021T3;192,70
Galicia;Total;2021T2;170,22
Galicia;Total;2021T1;146,59
Galicia;Total;2020T4;148,16
Galicia;Total;2020T3;151,12
Galicia;Total;2020T2;.
Galicia;Total;2020T1;229,08
Galicia;Total;2019T4;270,91
Galicia;Total;2019T3;263,96
Galicia;Total;2019T2;255,24
Galicia;Total;2019T1;160,63
Galicia;Total;2018T4;225,64
Galicia;Total;2018T3;274,46
Galicia;Total;2018T2;248,21
Galicia;Total;2018T1;262,17
Galicia;Alemania;2025T2;366,42
Galicia;Alemania;2025T1;300,71
Galicia;Alemania;2024T4;336,43
Galicia;Alemania;2024T3;386,82
Galicia;Alemania;2024T2;330,38
Galicia;Alemania;2024T1;261,61
Galicia;Alemania;2023T4;314,80
Galicia;Alemania;2023T3;311,43
Galicia;Alemania;2023T2;330,66
Galicia;Alemania;2023T1;209,61
Galicia;Alemania;2022T4;233,13
Galicia;Alemania;2022T3;297,62
Galicia;Alemania;2022T2;241,17
Galicia;Alemania;2022T1;192,29
Galicia;Alemania;2021T4;195,54
Galicia;Alemania;2021T3;206,77
Galicia;Alemania;2021T2;171,47
Galicia;Alemania;2021T1;148,39
Galicia;Alemania;2020T4;153,38
Galicia;Alemania;2020T3;170,31
Galicia;Alemania;2020T2;.
Galicia;Alemania;2020T1;262,67
Galicia;Alemania;2019T4;324,31
Galicia;Alemania;2019T3;332,61
Galicia;Alemania;2019T2;338,24
Galicia;Alemania;2019T1;210,19
Galicia;Alemania;2018T4;284,09
Galicia;Alemania;2018T3;349,43
Galicia;Alemania;2018T2;332,96
Galicia;Alemania;2018T1;303,44
Galicia;Andorra;2025T2;508,93
Galicia;Andorra;2025T1;475,03
Galicia;Andorra;2024T4;536,05
Galicia;Andorra;2024T3;450,34
Galicia;Andorra;2024T2;404,98
Galicia;Andorra;2024T1;371,00
Galicia;Andorra;2023T4;431,18
Galicia;Andorra;2023T3;356,11
Galicia;Andorra;2023T2;380,86
Galicia;Andorra;2023T1;292,98
Galicia;Andorra;2022T4;294,02
Galicia;Andorra;2022T3;310,71
Galicia;Andorra;2022T2;317,64
Galicia;Andorra;2022T1;301,57
Galicia;Andorra;2021T4;242,36
Galicia;Andorra;2021T3;200,38
Galicia;Andorra;2021T2;192,73
Galicia;Andorra;2021T1;187,38
Galicia;Andorra;2020T4;180,72
Galicia;Andorra;2020T3;161,30
Galicia;Andorra;2020T2;.
Galicia;Andorra;2020T1;263,61
Galicia;Andorra;2019T4;302,67
Galicia;Andorra;2019T3;262,24
Galicia;Andorra;2019T2;264,10
Galicia;Andorra;2019T1;203,79
Galicia;Andorra;2018T4;259,73
Galicia;Andorra;2018T3;257,49
Galicia;Andorra;2018T2;285,91
Galicia;Andorra;2018T1;302,21
Galicia;Austria;2025T2;369,31
Galicia;Austria;2025T1;264,96
Galicia;Austria;2024T4;323,03
Galicia;Austria;2024T3;350,71
Galicia;Austria;2024T2;312,84
Galicia;Austria;2024T1;212,31
Galicia;Austria;2023T4;295,92
Galicia;Austria;2023T3;267,97
Galicia;Austria;2023T2;313,24
Galicia;Austria;2023T1;148,91
Galicia;Austria;2022T4;215,72
Galicia;Austria;2022T3;264,71
Galicia;Austria;2022T2;238,19
Galicia;Austria;2022T1;162,18
Galicia;Austria;2021T4;182,59
Galicia;Austria;2021T3;178,93
Galicia;Austria;2021T2;153,51
Galicia;Austria;2021T1;129,75
Galicia;Austria;2020T4;160,55
Galicia;Austria;2020T3;166,57
Galicia;Austria;2020T2;.
Galicia;Austria;2020T1;235,30
Galicia;Austria;2019T4;337,50
Galicia;Austria;2019T3;332,28
Galicia;Austria;2019T2;336,32
Galicia;Austria;2019T1;175,32
Galicia;Austria;2018T4;301,55
Galicia;Austria;2018T3;342,96
Galicia;Austria;2018T2;352,88
Galicia;Austria;2018T1;276,63
Galicia;Bélgica;2025T2;410,66
Galicia;Bélgica;2025T1;340,87
Galicia;Bélgica;2024T4;389,42
Galicia;Bélgica;2024T3;384,81
Galicia;Bélgica;2024T2;334,66
Galicia;Bélgica;2024T1;277,01
Galicia;Bélgica;2023T4;344,37
Galicia;Bélgica;2023T3;306,36
Galicia;Bélgica;2023T2;310,97
Galicia;Bélgica;2023T1;216,60
Galicia;Bélgica;2022T4;245,78
Galicia;Bélgica;2022T3;270,05
Galicia;Bélgica;2022T2;226,68
Galicia;Bélgica;2022T1;195,11
Galicia;Bélgica;2021T4;187,70
Galicia;Bélgica;2021T3;187,70
Galicia;Bélgica;2021T2;152,85
Galicia;Bélgica;2021T1;143,41
Galicia;Bélgica;2020T4;153,80
Galicia;Bélgica;2020T3;155,73
Galicia;Bélgica;2020T2;.
Galicia;Bélgica;2020T1;220,06
Galicia;Bélgica;2019T4;259,39
Galicia;Bélgica;2019T3;273,99
Galicia;Bélgica;2019T2;268,08
Galicia;Bélgica;2019T1;171,93
Galicia;Bélgica;2018T4;242,19
Galicia;Bélgica;2018T3;279,91
Galicia;Bélgica;2018T2;262,90
Galicia;Bélgica;2018T1;283,35
Galicia;Dinamarca;2025T2;298,81
Galicia;Dinamarca;2025T1;248,57
Galicia;Dinamarca;2024T4;279,81
Galicia;Dinamarca;2024T3;287,94
Galicia;Dinamarca;2024T2;243,79
Galicia;Dinamarca;2024T1;216,38
Galicia;Dinamarca;2023T4;251,80
Galicia;Dinamarca;2023T3;213,99
Galicia;Dinamarca;2023T2;241,04
Galicia;Dinamarca;2023T1;152,96
Galicia;Dinamarca;2022T4;191,17
Galicia;Dinamarca;2022T3;212,34
Galicia;Dinamarca;2022T2;179,73
Galicia;Dinamarca;2022T1;138,66
Galicia;Dinamarca;2021T4;149,16
Galicia;Dinamarca;2021T3;149,91
Galicia;Dinamarca;2021T2;129,29
Galicia;Dinamarca;2021T1;87,06
Galicia;Dinamarca;2020T4;106,69
Galicia;Dinamarca;2020T3;127,83
Galicia;Dinamarca;2020T2;.
Galicia;Dinamarca;2020T1;187,21
Galicia;Dinamarca;2019T4;237,65
Galicia;Dinamarca;2019T3;224,83
Galicia;Dinamarca;2019T2;215,18
Galicia;Dinamarca;2019T1;143,38
Galicia;Dinamarca;2018T4;210,34
Galicia;Dinamarca;2018T3;231,08
Galicia;Dinamarca;2018T2;224,08
Galicia;Dinamarca;2018T1;215,95
Galicia;Finlandia;2025T2;306,72
Galicia;Finlandia;2025T1;273,40
Galicia;Finlandia;2024T4;299,44
Galicia;Finlandia;2024T3;287,91
Galicia;Finlandia;2024T2;233,30
Galicia;Finlandia;2024T1;196,60
Galicia;Finlandia;2023T4;228,60
Galicia;Finlandia;2023T3;219,11
Galicia;Finlandia;2023T2;223,49
Galicia;Finlandia;2023T1;169,75
Galicia;Finlandia;2022T4;176,17
Galicia;Finlandia;2022T3;190,40
Galicia;Finlandia;2022T2;141,74
Galicia;Finlandia;2022T1;128,26
Galicia;Finlandia;2021T4;147,80
Galicia;Finlandia;2021T3;130,86
Galicia;Finlandia;2021T2;119,68
Galicia;Finlandia;2021T1;85,67
Galicia;Finlandia;2020T4;69,24
Galicia;Finlandia;2020T3;88,14
Galicia;Finlandia;2020T2;.
Galicia;Finlandia;2020T1;155,88
Galicia;Finlandia;2019T4;201,94
Galicia;Finlandia;2019T3;192,14
Galicia;Finlandia;2019T2;193,99
Galicia;Finlandia;2019T1;109,82
Galicia;Finlandia;2018T4;177,77
Galicia;Finlandia;2018T3;206,05
Galicia;Finlandia;2018T2;197,20
Galicia;Finlandia;2018T1;175,10
Galicia;Francia;2025T2;381,21
Galicia;Francia;2025T1;345,00
Galicia;Francia;2024T4;378,47
Galicia;Francia;2024T3;380,33
Galicia;Francia;2024T2;317,15
Galicia;Francia;2024T1;275,32
Galicia;Francia;2023T4;325,59
Galicia;Francia;2023T3;310,44
Galicia;Francia;2023T2;297,38
Galicia;Francia;2023T1;217,94
Galicia;Francia;2022T4;233,71
Galicia;Francia;2022T3;270,10
Galicia;Francia;2022T2;222,60
Galicia;Francia;2022T1;206,54
Galicia;Francia;2021T4;192,53
Galicia;Francia;2021T3;178,35
Galicia;Francia;2021T2;149,21
Galicia;Francia;2021T1;135,45
Galicia;Francia;2020T4;137,09
Galicia;Francia;2020T3;149,46
Galicia;Francia;2020T2;.
Galicia;Francia;2020T1;211,62
Galicia;Francia;2019T4;249,94
Galicia;Francia;2019T3;235,69
Galicia;Francia;2019T2;227,89
Galicia;Francia;2019T1;140,41
Galicia;Francia;2018T4;197,11
Galicia;Francia;2018T3;233,65
Galicia;Francia;2018T2;211,07
Galicia;Francia;2018T1;218,64
Galicia;Irlanda;2025T2;336,31
Galicia;Irlanda;2025T1;294,38
Galicia;Irlanda;2024T4;346,20
Galicia;Irlanda;2024T3;346,25
Galicia;Irlanda;2024T2;278,28
Galicia;Irlanda;2024T1;252,68
Galicia;Irlanda;2023T4;280,31
Galicia;Irlanda;2023T3;251,54
Galicia;Irlanda;2023T2;256,94
Galicia;Irlanda;2023T1;176,94
Galicia;Irlanda;2022T4;194,84
Galicia;Irlanda;2022T3;221,20
Galicia;Irlanda;2022T2;192,78
Galicia;Irlanda;2022T1;144,72
Galicia;Irlanda;2021T4;150,80
Galicia;Irlanda;2021T3;147,81
Galicia;Irlanda;2021T2;95,11
Galicia;Irlanda;2021T1;76,65
Galicia;Irlanda;2020T4;78,02
Galicia;Irlanda;2020T3;98,51
Galicia;Irlanda;2020T2;.
Galicia;Irlanda;2020T1;137,05
Galicia;Irlanda;2019T4;195,10
Galicia;Irlanda;2019T3;249,75
Galicia;Irlanda;2019T2;233,56
Galicia;Irlanda;2019T1;108,78
Galicia;Irlanda;2018T4;201,10
Galicia;Irlanda;2018T3;296,43
Galicia;Irlanda;2018T2;258,85
Galicia;Irlanda;2018T1;226,00
Galicia;Italia;2025T2;255,14
Galicia;Italia;2025T1;189,30
Galicia;Italia;2024T4;231,78
Galicia;Italia;2024T3;250,74
Galicia;Italia;2024T2;219,43
Galicia;Italia;2024T1;151,94
Galicia;Italia;2023T4;191,66
Galicia;Italia;2023T3;206,30
Galicia;Italia;2023T2;209,05
Galicia;Italia;2023T1;127,03
Galicia;Italia;2022T4;149,86
Galicia;Italia;2022T3;183,21
Galicia;Italia;2022T2;154,05
Galicia;Italia;2022T1;124,50
Galicia;Italia;2021T4;126,46
Galicia;Italia;2021T3;125,84
Galicia;Italia;2021T2;104,03
Galicia;Italia;2021T1;96,76
Galicia;Italia;2020T4;108,80
Galicia;Italia;2020T3;120,14
Galicia;Italia;2020T2;.
Galicia;Italia;2020T1;167,20
Galicia;Italia;2019T4;212,71
Galicia;Italia;2019T3;228,83
Galicia;Italia;2019T2;215,69
Galicia;Italia;2019T1;126,65
Galicia;Italia;2018T4;191,09
Galicia;Italia;2018T3;242,43
Galicia;Italia;2018T2;224,61
Galicia;Italia;2018T1;215,75
Galicia;Noruega;2025T2;377,13
Galicia;Noruega;2025T1;344,18
Galicia;Noruega;2024T4;379,85
Galicia;Noruega;2024T3;378,80
Galicia;Noruega;2024T2;330,89
Galicia;Noruega;2024T1;267,67
Galicia;Noruega;2023T4;320,61
Galicia;Noruega;2023T3;269,16
Galicia;Noruega;2023T2;275,43
Galicia;Noruega;2023T1;208,23
Galicia;Noruega;2022T4;251,39
Galicia;Noruega;2022T3;253,67
Galicia;Noruega;2022T2;220,74
Galicia;Noruega;2022T1;204,44
Galicia;Noruega;2021T4;194,81
Galicia;Noruega;2021T3;198,37
Galicia;Noruega;2021T2;178,81
Galicia;Noruega;2021T1;160,89
Galicia;Noruega;2020T4;183,21
Galicia;Noruega;2020T3;146,53
Galicia;Noruega;2020T2;.
Galicia;Noruega;2020T1;196,09
Galicia;Noruega;2019T4;278,36
Galicia;Noruega;2019T3;267,29
Galicia;Noruega;2019T2;280,45
Galicia;Noruega;2019T1;189,19
Galicia;Noruega;2018T4;242,13
Galicia;Noruega;2018T3;277,19
Galicia;Noruega;2018T2;268,58
Galicia;Noruega;2018T1;296,32
Galicia;Países Bajos;2025T2;346,89
Galicia;Países Bajos;2025T1;288,05
Galicia;Países Bajos;2024T4;322,47
Galicia;Países Bajos;2024T3;324,95
Galicia;Países Bajos;2024T2;281,71
Galicia;Países Bajos;2024T1;244,93
Galicia;Países Bajos;2023T4;268,67
Galicia;Países Bajos;2023T3;252,69
Galicia;Países Bajos;2023T2;266,93
Galicia;Países Bajos;2023T1;173,59
Galicia;Países Bajos;2022T4;191,61
Galicia;Países Bajos;2022T3;223,58
Galicia;Países Bajos;2022T2;192,74
Galicia;Países Bajos;2022T1;152,76
Galicia;Países Bajos;2021T4;156,91
Galicia;Países Bajos;2021T3;149,67
Galicia;Países Bajos;2021T2;126,37
Galicia;Países Bajos;2021T1;111,20
Galicia;Países Bajos;2020T4;117,36
Galicia;Países Bajos;2020T3;126,65
Galicia;Países Bajos;2020T2;.
Galicia;Países Bajos;2020T1;183,52
Galicia;Países Bajos;2019T4;236,78
Galicia;Países Bajos;2019T3;242,87
Galicia;Países Bajos;2019T2;246,78
Galicia;Países Bajos;2019T1;135,22
Galicia;Países Bajos;2018T4;205,06
Galicia;Países Bajos;2018T3;255,79
Galicia;Países Bajos;2018T2;238,34
Galicia;Países Bajos;2018T1;245,10
Galicia;Polonia;2025T2;222,44
Galicia;Polonia;2025T1;201,17
Galicia;Polonia;2024T4;206,61
Galicia;Polonia;2024T3;224,99
Galicia;Polonia;2024T2;183,73
Galicia;Polonia;2024T1;165,93
Galicia;Polonia;2023T4;187,02
Galicia;Polonia;2023T3;163,23
Galicia;Polonia;2023T2;163,11
Galicia;Polonia;2023T1;121,01
Galicia;Polonia;2022T4;122,69
Galicia;Polonia;2022T3;141,18
Galicia;Polonia;2022T2;108,68
Galicia;Polonia;2022T1;101,06
Galicia;Polonia;2021T4;94,94
Galicia;Polonia;2021T3;99,29
Galicia;Polonia;2021T2;82,26
Galicia;Polonia;2021T1;64,63
Galicia;Polonia;2020T4;71,02
Galicia;Polonia;2020T3;73,39
Galicia;Polonia;2020T2;.
Galicia;Polonia;2020T1;102,29
Galicia;Polonia;2019T4;127,31
Galicia;Polonia;2019T3;155,38
Galicia;Polonia;2019T2;143,62
Galicia;Polonia;2019T1;91,82
Galicia;Polonia;2018T4;114,10
Galicia;Polonia;2018T3;163,91
Galicia;Polonia;2018T2;147,51
Galicia;Polonia;2018T1;154,80
Galicia;Portugal;2025T2;449,41
Galicia;Portugal;2025T1;430,23
Galicia;Portugal;2024T4;448,76
Galicia;Portugal;2024T3;404,92
Galicia;Portugal;2024T2;367,95
Galicia;Portugal;2024T1;341,09
Galicia;Portugal;2023T4;348,54
Galicia;Portugal;2023T3;316,69
Galicia;Portugal;2023T2;336,68
Galicia;Portugal;2023T1;275,32
Galicia;Portugal;2022T4;266,10
Galicia;Portugal;2022T3;291,54
Galicia;Portugal;2022T2;262,26
Galicia;Portugal;2022T1;252,40
Galicia;Portugal;2021T4;219,51
Galicia;Portugal;2021T3;178,88
Galicia;Portugal;2021T2;149,52
Galicia;Portugal;2021T1;126,14
Galicia;Portugal;2020T4;130,51
Galicia;Portugal;2020T3;131,96
Galicia;Portugal;2020T2;.
Galicia;Portugal;2020T1;202,42
Galicia;Portugal;2019T4;233,55
Galicia;Portugal;2019T3;220,15
Galicia;Portugal;2019T2;211,47
Galicia;Portugal;2019T1;135,95
Galicia;Portugal;2018T4;178,25
Galicia;Portugal;2018T3;217,93
Galicia;Portugal;2018T2;194,48
Galicia;Portugal;2018T1;209,32
Galicia;Reino Unido;2025T2;321,87
Galicia;Reino Unido;2025T1;295,36
Galicia;Reino Unido;2024T4;312,46
Galicia;Reino Unido;2024T3;308,70
Galicia;Reino Unido;2024T2;264,97
Galicia;Reino Unido;2024T1;228,11
Galicia;Reino Unido;2023T4;258,93
Galicia;Reino Unido;2023T3;234,67
Galicia;Reino Unido;2023T2;254,38
Galicia;Reino Unido;2023T1;180,79
Galicia;Reino Unido;2022T4;192,74
Galicia;Reino Unido;2022T3;221,15
Galicia;Reino Unido;2022T2;187,30
Galicia;Reino Unido;2022T1;178,29
Galicia;Reino Unido;2021T4;170,69
Galicia;Reino Unido;2021T3;156,32
Galicia;Reino Unido;2021T2;131,45
Galicia;Reino Unido;2021T1;117,70
Galicia;Reino Unido;2020T4;125,04
Galicia;Reino Unido;2020T3;120,29
Galicia;Reino Unido;2020T2;.
Galicia;Reino Unido;2020T1;198,84
Galicia;Reino Unido;2019T4;242,22
Galicia;Reino Unido;2019T3;245,16
Galicia;Reino Unido;2019T2;233,28
Galicia;Reino Unido;2019T1;136,75
Galicia;Reino Unido;2018T4;213,58
Galicia;Reino Unido;2018T3;282,14
Galicia;Reino Unido;2018T2;238,51
Galicia;Reino Unido;2018T1;242,65
Galicia;Rumanía;2025T2;268,05
Galicia;Rumanía;2025T1;248,85
Galicia;Rumanía;2024T4;277,75
Galicia;Rumanía;2024T3;260,78
Galicia;Rumanía;2024T2;213,25
Galicia;Rumanía;2024T1;188,11
Galicia;Rumanía;2023T4;206,55
Galicia;Rumanía;2023T3;191,76
Galicia;Rumanía;2023T2;200,02
Galicia;Rumanía;2023T1;140,12
Galicia;Rumanía;2022T4;168,63
Galicia;Rumanía;2022T3;182,10
Galicia;Rumanía;2022T2;151,66
Galicia;Rumanía;2022T1;135,00
Galicia;Rumanía;2021T4;135,33
Galicia;Rumanía;2021T3;127,07
Galicia;Rumanía;2021T2;107,31
Galicia;Rumanía;2021T1;79,76
Galicia;Rumanía;2020T4;93,45
Galicia;Rumanía;2020T3;98,04
Galicia;Rumanía;2020T2;.
Galicia;Rumanía;2020T1;150,37
Galicia;Rumanía;2019T4;195,08
Galicia;Rumanía;2019T3;202,54
Galicia;Rumanía;2019T2;166,04
Galicia;Rumanía;2019T1;117,22
Galicia;Rumanía;2018T4;176,26
Galicia;Rumanía;2018T3;220,46
Galicia;Rumanía;2018T2;169,76
Galicia;Rumanía;2018T1;184,38
Galicia;Rusia;2025T2;.
Galicia;Rusia;2025T1;.
Galicia;Rusia;2024T4;.
Galicia;Rusia;2024T3;.
Galicia;Rusia;2024T2;.
Galicia;Rusia;2024T1;.
Galicia;Rusia;2023T4;.
Galicia;Rusia;2023T3;.
Galicia;Rusia;2023T2;.
Galicia;Rusia;2023T1;.
Galicia;Rusia;2022T4;.
Galicia;Rusia;2022T3;.
Galicia;Rusia;2022T2;.
Galicia;Rusia;2022T1;266,50
Galicia;Rusia;2021T4;171,05
Galicia;Rusia;2021T3;149,06
Galicia;Rusia;2021T2;128,12
Galicia;Rusia;2021T1;115,65
Galicia;Rusia;2020T4;116,63
Galicia;Rusia;2020T3;121,78
Galicia;Rusia;2020T2;.
Galicia;Rusia;2020T1;171,50
Galicia;Rusia;2019T4;191,85
Galicia;Rusia;2019T3;173,93
Galicia;Rusia;2019T2;160,83
Galicia;Rusia;2019T1;102,15
Galicia;Rusia;2018T4;157,58
Galicia;Rusia;2018T3;193,26
Galicia;Rusia;2018T2;192,20
Galicia;Rusia;2018T1;207,18
Galicia;Suecia;2025T2;313,86
Galicia;Suecia;2025T1;295,18
Galicia;Suecia;2024T4;294,87
Galicia;Suecia;2024T3;309,60
Galicia;Suecia;2024T2;268,74
Galicia;Suecia;2024T1;235,79
Galicia;Suecia;2023T4;276,03
Galicia;Suecia;2023T3;222,97
Galicia;Suecia;2023T2;263,35
Galicia;Suecia;2023T1;176,94
Galicia;Suecia;2022T4;210,67
Galicia;Suecia;2022T3;225,47
Galicia;Suecia;2022T2;195,12
Galicia;Suecia;2022T1;169,32
Galicia;Suecia;2021T4;168,61
Galicia;Suecia;2021T3;161,23
Galicia;Suecia;2021T2;131,58
Galicia;Suecia;2021T1;101,22
Galicia;Suecia;2020T4;91,44
Galicia;Suecia;2020T3;120,21
Galicia;Suecia;2020T2;.
Galicia;Suecia;2020T1;181,27
Galicia;Suecia;2019T4;223,39
Galicia;Suecia;2019T3;215,74
Galicia;Suecia;2019T2;204,18
Galicia;Suecia;2019T1;123,82
Galicia;Suecia;2018T4;188,12
Galicia;Suecia;2018T3;226,49
Galicia;Suecia;2018T2;196,39
Galicia;Suecia;2018T1;185,22
Galicia;Suiza;2025T2;622,51
Galicia;Suiza;2025T1;606,19
Galicia;Suiza;2024T4;637,06
Galicia;Suiza;2024T3;563,58
Galicia;Suiza;2024T2;505,76
Galicia;Suiza;2024T1;503,59
Galicia;Suiza;2023T4;558,52
Galicia;Suiza;2023T3;477,10
Galicia;Suiza;2023T2;526,87
Galicia;Suiza;2023T1;434,74
Galicia;Suiza;2022T4;421,80
Galicia;Suiza;2022T3;425,82
Galicia;Suiza;2022T2;404,49
Galicia;Suiza;2022T1;440,64
Galicia;Suiza;2021T4;398,55
Galicia;Suiza;2021T3;311,30
Galicia;Suiza;2021T2;300,74
Galicia;Suiza;2021T1;343,70
Galicia;Suiza;2020T4;348,90
Galicia;Suiza;2020T3;291,51
Galicia;Suiza;2020T2;.
Galicia;Suiza;2020T1;496,27
Galicia;Suiza;2019T4;505,99
Galicia;Suiza;2019T3;444,32
Galicia;Suiza;2019T2;434,75
Galicia;Suiza;2019T1;325,19
Galicia;Suiza;2018T4;409,66
Galicia;Suiza;2018T3;448,74
Galicia;Suiza;2018T2;443,77
Galicia;Suiza;2018T1;560,28
Galicia;Otros Países Europeos;2025T2;272,39
Galicia;Otros Países Europeos;2025T1;262,94
Galicia;Otros Países Europeos;2024T4;273,34
Galicia;Otros Países Europeos;2024T3;261,62
Galicia;Otros Países Europeos;2024T2;216,76
Galicia;Otros Países Europeos;2024T1;201,73
Galicia;Otros Países Europeos;2023T4;233,00
Galicia;Otros Países Europeos;2023T3;206,35
Galicia;Otros Países Europeos;2023T2;208,60
Galicia;Otros Países Europeos;2023T1;167,19
Galicia;Otros Países Europeos;2022T4;167,16
Galicia;Otros Países Europeos;2022T3;181,07
Galicia;Otros Países Europeos;2022T2;157,19
Galicia;Otros Países Europeos;2022T1;152,90
Galicia;Otros Países Europeos;2021T4;145,03
Galicia;Otros Países Europeos;2021T3;138,60
Galicia;Otros Países Europeos;2021T2;146,04
Galicia;Otros Países Europeos;2021T1;110,42
Galicia;Otros Países Europeos;2020T4;112,90
Galicia;Otros Países Europeos;2020T3;121,51
Galicia;Otros Países Europeos;2020T2;.
Galicia;Otros Países Europeos;2020T1;181,44
Galicia;Otros Países Europeos;2019T4;202,43
Galicia;Otros Países Europeos;2019T3;193,42
Galicia;Otros Países Europeos;2019T2;187,43
Galicia;Otros Países Europeos;2019T1;122,88
Galicia;Otros Países Europeos;2018T4;173,57
Galicia;Otros Países Europeos;2018T3;213,30
Galicia;Otros Países Europeos;2018T2;193,76
Galicia;Otros Países Europeos;2018T1;212,89
Galicia;Argentina;2025T2;406,49
Galicia;Argentina;2025T1;348,67
Galicia;Argentina;2024T4;352,49
Galicia;Argentina;2024T3;345,78
Galicia;Argentina;2024T2;286,28
Galicia;Argentina;2024T1;228,45
Galicia;Argentina;2023T4;242,68
Galicia;Argentina;2023T3;213,15
Galicia;Argentina;2023T2;233,79
Galicia;Argentina;2023T1;159,28
Galicia;Argentina;2022T4;174,06
Galicia;Argentina;2022T3;187,15
Galicia;Argentina;2022T2;168,14
Galicia;Argentina;2022T1;149,49
Galicia;Argentina;2021T4;139,47
Galicia;Argentina;2021T3;117,13
Galicia;Argentina;2021T2;92,68
Galicia;Argentina;2021T1;75,09
Galicia;Argentina;2020T4;83,40
Galicia;Argentina;2020T3;83,97
Galicia;Argentina;2020T2;.
Galicia;Argentina;2020T1;124,63
Galicia;Argentina;2019T4;178,12
Galicia;Argentina;2019T3;180,60
Galicia;Argentina;2019T2;175,05
Galicia;Argentina;2019T1;107,35
Galicia;Argentina;2018T4;159,70
Galicia;Argentina;2018T3;193,62
Galicia;Argentina;2018T2;186,06
Galicia;Argentina;2018T1;218,92
Galicia;Brasil;2025T2;296,04
Galicia;Brasil;2025T1;267,30
Galicia;Brasil;2024T4;293,01
Galicia;Brasil;2024T3;299,06
Galicia;Brasil;2024T2;263,84
Galicia;Brasil;2024T1;235,54
Galicia;Brasil;2023T4;267,19
Galicia;Brasil;2023T3;237,76
Galicia;Brasil;2023T2;253,58
Galicia;Brasil;2023T1;199,52
Galicia;Brasil;2022T4;214,99
Galicia;Brasil;2022T3;287,93
Galicia;Brasil;2022T2;231,58
Galicia;Brasil;2022T1;269,64
Galicia;Brasil;2021T4;245,37
Galicia;Brasil;2021T3;248,78
Galicia;Brasil;2021T2;210,80
Galicia;Brasil;2021T1;159,18
Galicia;Brasil;2020T4;184,86
Galicia;Brasil;2020T3;155,94
Galicia;Brasil;2020T2;.
Galicia;Brasil;2020T1;247,56
Galicia;Brasil;2019T4;296,60
Galicia;Brasil;2019T3;272,45
Galicia;Brasil;2019T2;263,35
Galicia;Brasil;2019T1;179,94
Galicia;Brasil;2018T4;228,37
Galicia;Brasil;2018T3;251,81
Galicia;Brasil;2018T2;236,23
Galicia;Brasil;2018T1;275,71
Galicia;Canadá;2025T2;366,64
Galicia;Canadá;2025T1;414,86
Galicia;Canadá;2024T4;371,91
Galicia;Canadá;2024T3;364,99
Galicia;Canadá;2024T2;313,96
Galicia;Canadá;2024T1;330,64
Galicia;Canadá;2023T4;350,36
Galicia;Canadá;2023T3;277,31
Galicia;Canadá;2023T2;314,92
Galicia;Canadá;2023T1;252,27
Galicia;Canadá;2022T4;278,23
Galicia;Canadá;2022T3;267,76
Galicia;Canadá;2022T2;248,40
Galicia;Canadá;2022T1;352,99
Galicia;Canadá;2021T4;267,50
Galicia;Canadá;2021T3;247,99
Galicia;Canadá;2021T2;350,12
Galicia;Canadá;2021T1;277,08
Galicia;Canadá;2020T4;287,60
Galicia;Canadá;2020T3;223,99
Galicia;Canadá;2020T2;.
Galicia;Canadá;2020T1;314,25
Galicia;Canadá;2019T4;330,57
Galicia;Canadá;2019T3;264,00
Galicia;Canadá;2019T2;275,19
Galicia;Canadá;2019T1;203,65
Galicia;Canadá;2018T4;278,86
Galicia;Canadá;2018T3;286,67
Galicia;Canadá;2018T2;273,76
Galicia;Canadá;2018T1;339,54
Galicia;Chile;2025T2;352,69
Galicia;Chile;2025T1;317,09
Galicia;Chile;2024T4;340,09
Galicia;Chile;2024T3;341,52
Galicia;Chile;2024T2;287,99
Galicia;Chile;2024T1;226,19
Galicia;Chile;2023T4;267,17
Galicia;Chile;2023T3;256,87
Galicia;Chile;2023T2;290,60
Galicia;Chile;2023T1;196,48
Galicia;Chile;2022T4;201,72
Galicia;Chile;2022T3;241,95
Galicia;Chile;2022T2;200,40
Galicia;Chile;2022T1;184,74
Galicia;Chile;2021T4;195,59
Galicia;Chile;2021T3;207,07
Galicia;Chile;2021T2;194,93
Galicia;Chile;2021T1;155,28
Galicia;Chile;2020T4;165,44
Galicia;Chile;2020T3;167,71
Galicia;Chile;2020T2;.
Galicia;Chile;2020T1;211,17
Galicia;Chile;2019T4;275,98
Galicia;Chile;2019T3;294,49
Galicia;Chile;2019T2;276,73
Galicia;Chile;2019T1;190,59
Galicia;Chile;2018T4;291,62
Galicia;Chile;2018T3;334,97
Galicia;Chile;2018T2;310,28
Galicia;Chile;2018T1;397,57
Galicia;Colombia;2025T2;386,34
Galicia;Colombia;2025T1;382,35
Galicia;Colombia;2024T4;384,42
Galicia;Colombia;2024T3;383,75
Galicia;Colombia;2024T2;350,15
Galicia;Colombia;2024T1;320,40
Galicia;Colombia;2023T4;357,14
Galicia;Colombia;2023T3;284,59
Galicia;Colombia;2023T2;280,22
Galicia;Colombia;2023T1;215,90
Galicia;Colombia;2022T4;222,48
Galicia;Colombia;2022T3;270,74
Galicia;Colombia;2022T2;226,09
Galicia;Colombia;2022T1;213,95
Galicia;Colombia;2021T4;223,82
Galicia;Colombia;2021T3;267,42
Galicia;Colombia;2021T2;204,87
Galicia;Colombia;2021T1;208,85
Galicia;Colombia;2020T4;232,14
Galicia;Colombia;2020T3;195,72
Galicia;Colombia;2020T2;.
Galicia;Colombia;2020T1;310,03
Galicia;Colombia;2019T4;327,63
Galicia;Colombia;2019T3;358,52
Galicia;Colombia;2019T2;307,91
Galicia;Colombia;2019T1;285,16
Galicia;Colombia;2018T4;309,05
Galicia;Colombia;2018T3;372,77
Galicia;Colombia;2018T2;334,60
Galicia;Colombia;2018T1;397,06
Galicia;Estados Unidos de América;2025T2;476,10
Galicia;Estados Unidos de América;2025T1;464,69
Galicia;Estados Unidos de América;2024T4;483,17
Galicia;Estados Unidos de América;2024T3;512,86
Galicia;Estados Unidos de América;2024T2;412,94
Galicia;Estados Unidos de América;2024T1;391,62
Galicia;Estados Unidos de América;2023T4;445,24
Galicia;Estados Unidos de América;2023T3;389,98
Galicia;Estados Unidos de América;2023T2;399,98
Galicia;Estados Unidos de América;2023T1;324,47
Galicia;Estados Unidos de América;2022T4;333,79
Galicia;Estados Unidos de América;2022T3;364,16
Galicia;Estados Unidos de América;2022T2;301,40
Galicia;Estados Unidos de América;2022T1;327,30
Galicia;Estados Unidos de América;2021T4;282,93
Galicia;Estados Unidos de América;2021T3;265,46
Galicia;Estados Unidos de América;2021T2;333,94
Galicia;Estados Unidos de América;2021T1;205,21
Galicia;Estados Unidos de América;2020T4;204,20
Galicia;Estados Unidos de América;2020T3;220,05
Galicia;Estados Unidos de América;2020T2;.
Galicia;Estados Unidos de América;2020T1;314,08
Galicia;Estados Unidos de América;2019T4;344,18
Galicia;Estados Unidos de América;2019T3;331,40
Galicia;Estados Unidos de América;2019T2;321,29
Galicia;Estados Unidos de América;2019T1;237,88
Galicia;Estados Unidos de América;2018T4;288,12
Galicia;Estados Unidos de América;2018T3;346,69
Galicia;Estados Unidos de América;2018T2;293,18
Galicia;Estados Unidos de América;2018T1;346,31
Galicia;México;2025T2;649,46
Galicia;México;2025T1;698,68
Galicia;México;2024T4;691,30
Galicia;México;2024T3;714,57
Galicia;México;2024T2;575,61
Galicia;México;2024T1;560,52
Galicia;México;2023T4;597,72
Galicia;México;2023T3;548,80
Galicia;México;2023T2;534,56
Galicia;México;2023T1;445,89
Galicia;México;2022T4;455,53
Galicia;México;2022T3;510,14
Galicia;México;2022T2;417,15
Galicia;México;2022T1;449,57
Galicia;México;2021T4;413,76
Galicia;México;2021T3;386,32
Galicia;México;2021T2;351,31
Galicia;México;2021T1;297,42
Galicia;México;2020T4;335,84
Galicia;México;2020T3;287,99
Galicia;México;2020T2;.
Galicia;México;2020T1;369,09
Galicia;México;2019T4;453,56
Galicia;México;2019T3;459,95
Galicia;México;2019T2;413,28
Galicia;México;2019T1;266,09
Galicia;México;2018T4;377,06
Galicia;México;2018T3;457,56
Galicia;México;2018T2;363,13
Galicia;México;2018T1;397,11
Galicia;Resto de América;2025T2;476,36
Galicia;Resto de América;2025T1;440,20
Galicia;Resto de América;2024T4;480,04
Galicia;Resto de América;2024T3;470,55
Galicia;Resto de América;2024T2;405,63
Galicia;Resto de América;2024T1;383,94
Galicia;Resto de América;2023T4;407,48
Galicia;Resto de América;2023T3;353,93
Galicia;Resto de América;2023T2;389,94
Galicia;Resto de América;2023T1;304,17
Galicia;Resto de América;2022T4;331,52
Galicia;Resto de América;2022T3;354,35
Galicia;Resto de América;2022T2;302,00
Galicia;Resto de América;2022T1;291,48
Galicia;Resto de América;2021T4;278,05
Galicia;Resto de América;2021T3;282,79
Galicia;Resto de América;2021T2;226,28
Galicia;Resto de América;2021T1;177,94
Galicia;Resto de América;2020T4;190,51
Galicia;Resto de América;2020T3;209,42
Galicia;Resto de América;2020T2;.
Galicia;Resto de América;2020T1;325,60
Galicia;Resto de América;2019T4;357,76
Galicia;Resto de América;2019T3;337,28
Galicia;Resto de América;2019T2;323,80
Galicia;Resto de América;2019T1;221,46
Galicia;Resto de América;2018T4;300,07
Galicia;Resto de América;2018T3;331,67
Galicia;Resto de América;2018T2;349,83
Galicia;Resto de América;2018T1;409,76
Galicia;Australia;2025T2;340,97
Galicia;Australia;2025T1;257,28
Galicia;Australia;2024T4;306,74
Galicia;Australia;2024T3;312,11
Galicia;Australia;2024T2;310,24
Galicia;Australia;2024T1;255,30
Galicia;Australia;2023T4;303,91
Galicia;Australia;2023T3;228,69
Galicia;Australia;2023T2;309,05
Galicia;Australia;2023T1;221,29
Galicia;Australia;2022T4;234,02
Galicia;Australia;2022T3;232,04
Galicia;Australia;2022T2;241,76
Galicia;Australia;2022T1;256,85
Galicia;Australia;2021T4;246,60
Galicia;Australia;2021T3;168,93
Galicia;Australia;2021T2;114,13
Galicia;Australia;2021T1;111,81
Galicia;Australia;2020T4;99,47
Galicia;Australia;2020T3;117,51
Galicia;Australia;2020T2;.
Galicia;Australia;2020T1;253,02
Galicia;Australia;2019T4;330,11
Galicia;Australia;2019T3;291,90
Galicia;Australia;2019T2;325,07
Galicia;Australia;2019T1;192,78
Galicia;Australia;2018T4;303,09
Galicia;Australia;2018T3;327,74
Galicia;Australia;2018T2;314,67
Galicia;Australia;2018T1;309,65
Galicia;China;2025T2;288,44
Galicia;China;2025T1;279,69
Galicia;China;2024T4;341,89
Galicia;China;2024T3;360,41
Galicia;China;2024T2;295,08
Galicia;China;2024T1;289,60
Galicia;China;2023T4;341,98
Galicia;China;2023T3;352,05
Galicia;China;2023T2;371,58
Galicia;China;2023T1;334,69
Galicia;China;2022T4;513,15
Galicia;China;2022T3;416,07
Galicia;China;2022T2;335,88
Galicia;China;2022T1;627,89
Galicia;China;2021T4;423,24
Galicia;China;2021T3;344,09
Galicia;China;2021T2;291,27
Galicia;China;2021T1;470,62
Galicia;China;2020T4;285,87
Galicia;China;2020T3;281,11
Galicia;China;2020T2;.
Galicia;China;2020T1;339,95
Galicia;China;2019T4;328,18
Galicia;China;2019T3;438,98
Galicia;China;2019T2;396,66
Galicia;China;2019T1;302,82
Galicia;China;2018T4;487,27
Galicia;China;2018T3;690,77
Galicia;China;2018T2;498,78
Galicia;China;2018T1;763,38
Galicia;Corea;2025T2;257,78
Galicia;Corea;2025T1;196,54
Galicia;Corea;2024T4;222,66
Galicia;Corea;2024T3;223,37
Galicia;Corea;2024T2;215,66
Galicia;Corea;2024T1;162,55
Galicia;Corea;2023T4;208,93
Galicia;Corea;2023T3;163,69
Galicia;Corea;2023T2;204,75
Galicia;Corea;2023T1;117,29
Galicia;Corea;2022T4;173,61
Galicia;Corea;2022T3;169,06
Galicia;Corea;2022T2;198,14
Galicia;Corea;2022T1;161,87
Galicia;Corea;2021T4;178,13
Galicia;Corea;2021T3;193,40
Galicia;Corea;2021T2;171,74
Galicia;Corea;2021T1;221,76
Galicia;Corea;2020T4;178,09
Galicia;Corea;2020T3;103,43
Galicia;Corea;2020T2;.
Galicia;Corea;2020T1;173,06
Galicia;Corea;2019T4;296,76
Galicia;Corea;2019T3;243,32
Galicia;Corea;2019T2;279,25
Galicia;Corea;2019T1;133,60
Galicia;Corea;2018T4;245,81
Galicia;Corea;2018T3;288,74
Galicia;Corea;2018T2;301,57
Galicia;Corea;2018T1;262,72
Galicia;Emiratos Árabes Unidos;2025T2;.
Galicia;Emiratos Árabes Unidos;2025T1;.
Galicia;Emiratos Árabes Unidos;2024T4;.
Galicia;Emiratos Árabes Unidos;2024T3;.
Galicia;Emiratos Árabes Unidos;2024T2;.
Galicia;Emiratos Árabes Unidos;2024T1;.
Galicia;Emiratos Árabes Unidos;2023T4;525,15
Galicia;Emiratos Árabes Unidos;2023T3;446,54
Galicia;Emiratos Árabes Unidos;2023T2;.
Galicia;Emiratos Árabes Unidos;2023T1;.
Galicia;Emiratos Árabes Unidos;2022T4;366,49
Galicia;Emiratos Árabes Unidos;2022T3;347,04
Galicia;Emiratos Árabes Unidos;2022T2;349,14
Galicia;Emiratos Árabes Unidos;2022T1;309,81
Galicia;Emiratos Árabes Unidos;2021T4;485,64
Galicia;Emiratos Árabes Unidos;2021T3;310,89
Galicia;Emiratos Árabes Unidos;2021T2;491,73
Galicia;Emiratos Árabes Unidos;2021T1;478,72
Galicia;Emiratos Árabes Unidos;2020T4;254,51
Galicia;Emiratos Árabes Unidos;2020T3;279,88
Galicia;Emiratos Árabes Unidos;2020T2;.
Galicia;Emiratos Árabes Unidos;2020T1;392,11
Galicia;Emiratos Árabes Unidos;2019T4;426,09
Galicia;Emiratos Árabes Unidos;2019T3;388,61
Galicia;Emiratos Árabes Unidos;2019T2;408,27
Galicia;Emiratos Árabes Unidos;2019T1;416,55
Galicia;Emiratos Árabes Unidos;2018T4;640,11
Galicia;Emiratos Árabes Unidos;2018T3;562,04
Galicia;Emiratos Árabes Unidos;2018T2;568,26
Galicia;Emiratos Árabes Unidos;2018T1;1.054,84
Galicia;Japón;2025T2;284,73
Galicia;Japón;2025T1;186,74
Galicia;Japón;2024T4;229,19
Galicia;Japón;2024T3;241,21
Galicia;Japón;2024T2;231,94
Galicia;Japón;2024T1;152,33
Galicia;Japón;2023T4;207,35
Galicia;Japón;2023T3;222,02
Galicia;Japón;2023T2;244,68
Galicia;Japón;2023T1;132,26
Galicia;Japón;2022T4;.
Galicia;Japón;2022T3;.
Galicia;Japón;2022T2;.
Galicia;Japón;2022T1;132,05
Galicia;Japón;2021T4;155,57
Galicia;Japón;2021T3;163,88
Galicia;Japón;2021T2;148,36
Galicia;Japón;2021T1;126,94
Galicia;Japón;2020T4;155,97
Galicia;Japón;2020T3;139,82
Galicia;Japón;2020T2;.
Galicia;Japón;2020T1;190,60
Galicia;Japón;2019T4;250,74
Galicia;Japón;2019T3;266,50
Galicia;Japón;2019T2;248,81
Galicia;Japón;2019T1;129,87
Galicia;Japón;2018T4;201,71
Galicia;Japón;2018T3;259,04
Galicia;Japón;2018T2;291,79
Galicia;Japón;2018T1;205,55
Galicia;Turquía;2025T2;331,94
Galicia;Turquía;2025T1;312,54
Galicia;Turquía;2024T4;358,66
Galicia;Turquía;2024T3;354,37
Galicia;Turquía;2024T2;272,44
Galicia;Turquía;2024T1;247,51
Galicia;Turquía;2023T4;.
Galicia;Turquía;2023T3;.
Galicia;Turquía;2023T2;324,76
Galicia;Turquía;2023T1;230,97
Galicia;Turquía;2022T4;278,84
Galicia;Turquía;2022T3;228,50
Galicia;Turquía;2022T2;228,23
Galicia;Turquía;2022T1;195,71
Galicia;Turquía;2021T4;205,66
Galicia;Turquía;2021T3;146,81
Galicia;Turquía;2021T2;107,88
Galicia;Turquía;2021T1;116,59
Galicia;Turquía;2020T4;149,23
Galicia;Turquía;2020T3;125,30
Galicia;Turquía;2020T2;.
Galicia;Turquía;2020T1;232,94
Galicia;Turquía;2019T4;347,36
Galicia;Turquía;2019T3;272,54
Galicia;Turquía;2019T2;273,96
Galicia;Turquía;2019T1;174,31
Galicia;Turquía;2018T4;261,11
Galicia;Turquía;2018T3;272,20
Galicia;Turquía;2018T2;225,42
Galicia;Turquía;2018T1;254,13
Galicia;Resto del mundo;2025T2;387,89
Galicia;Resto del mundo;2025T1;403,43
Galicia;Resto del mundo;2024T4;394,39
Galicia;Resto del mundo;2024T3;398,25
Galicia;Resto del mundo;2024T2;359,85
Galicia;Resto del mundo;2024T1;347,80
Galicia;Resto del mundo;2023T4;372,84
Galicia;Resto del mundo;2023T3;315,27
Galicia;Resto del mundo;2023T2;370,36
Galicia;Resto del mundo;2023T1;279,90
Galicia;Resto del mundo;2022T4;291,32
Galicia;Resto del mundo;2022T3;323,74
Galicia;Resto del mundo;2022T2;301,87
Galicia;Resto del mundo;2022T1;271,07
Galicia;Resto del mundo;2021T4;248,56
Galicia;Resto del mundo;2021T3;287,41
Galicia;Resto del mundo;2021T2;244,19
Galicia;Resto del mundo;2021T1;297,41
Galicia;Resto del mundo;2020T4;389,08
Galicia;Resto del mundo;2020T3;367,79
Galicia;Resto del mundo;2020T2;.
Galicia;Resto del mundo;2020T1;426,85
Galicia;Resto del mundo;2019T4;426,02
Galicia;Resto del mundo;2019T3;375,74
Galicia;Resto del mundo;2019T2;406,59
Galicia;Resto del mundo;2019T1;318,48
Galicia;Resto del mundo;2018T4;423,65
Galicia;Resto del mundo;2018T3;430,98
Galicia;Resto del mundo;2018T2;358,48
Galicia;Resto del mundo;2018T1;528,21
Madrid, Comunidad de;Total;2025T2;671,35
Madrid, Comunidad de;Total;2025T1;579,47
Madrid, Comunidad de;Total;2024T4;582,47
Madrid, Comunidad de;Total;2024T3;504,92
Madrid, Comunidad de;Total;2024T2;609,93
Madrid, Comunidad de;Total;2024T1;511,02
Madrid, Comunidad de;Total;2023T4;560,65
Madrid, Comunidad de;Total;2023T3;470,88
Madrid, Comunidad de;Total;2023T2;532,22
Madrid, Comunidad de;Total;2023T1;477,74
Madrid, Comunidad de;Total;2022T4;512,45
Madrid, Comunidad de;Total;2022T3;467,28
Madrid, Comunidad de;Total;2022T2;501,81
Madrid, Comunidad de;Total;2022T1;421,05
Madrid, Comunidad de;Total;2021T4;462,39
Madrid, Comunidad de;Total;2021T3;444,94
Madrid, Comunidad de;Total;2021T2;488,32
Madrid, Comunidad de;Total;2021T1;399,59
Madrid, Comunidad de;Total;2020T4;503,69
Madrid, Comunidad de;Total;2020T3;458,41
Madrid, Comunidad de;Total;2020T2;.
Madrid, Comunidad de;Total;2020T1;370,78
Madrid, Comunidad de;Total;2019T4;389,66
Madrid, Comunidad de;Total;2019T3;335,07
Madrid, Comunidad de;Total;2019T2;356,33
Madrid, Comunidad de;Total;2019T1;343,95
Madrid, Comunidad de;Total;2018T4;366,51
Madrid, Comunidad de;Total;2018T3;329,56
Madrid, Comunidad de;Total;2018T2;335,17
Madrid, Comunidad de;Total;2018T1;332,31
Madrid, Comunidad de;Alemania;2025T2;542,59
Madrid, Comunidad de;Alemania;2025T1;460,37
Madrid, Comunidad de;Alemania;2024T4;449,03
Madrid, Comunidad de;Alemania;2024T3;390,35
Madrid, Comunidad de;Alemania;2024T2;479,50
Madrid, Comunidad de;Alemania;2024T1;401,02
Madrid, Comunidad de;Alemania;2023T4;427,73
Madrid, Comunidad de;Alemania;2023T3;364,42
Madrid, Comunidad de;Alemania;2023T2;424,15
Madrid, Comunidad de;Alemania;2023T1;365,37
Madrid, Comunidad de;Alemania;2022T4;377,24
Madrid, Comunidad de;Alemania;2022T3;367,96
Madrid, Comunidad de;Alemania;2022T2;415,11
Madrid, Comunidad de;Alemania;2022T1;334,08
Madrid, Comunidad de;Alemania;2021T4;364,02
Madrid, Comunidad de;Alemania;2021T3;373,10
Madrid, Comunidad de;Alemania;2021T2;419,38
Madrid, Comunidad de;Alemania;2021T1;336,65
Madrid, Comunidad de;Alemania;2020T4;408,35
Madrid, Comunidad de;Alemania;2020T3;455,34
Madrid, Comunidad de;Alemania;2020T2;.
Madrid, Comunidad de;Alemania;2020T1;329,03
Madrid, Comunidad de;Alemania;2019T4;338,96
Madrid, Comunidad de;Alemania;2019T3;299,40
Madrid, Comunidad de;Alemania;2019T2;332,30
Madrid, Comunidad de;Alemania;2019T1;310,63
Madrid, Comunidad de;Alemania;2018T4;333,17
Madrid, Comunidad de;Alemania;2018T3;314,65
Madrid, Comunidad de;Alemania;2018T2;325,87
Madrid, Comunidad de;Alemania;2018T1;341,26
Madrid, Comunidad de;Andorra;2025T2;.
Madrid, Comunidad de;Andorra;2025T1;.
Madrid, Comunidad de;Andorra;2024T4;.
Madrid, Comunidad de;Andorra;2024T3;.
Madrid, Comunidad de;Andorra;2024T2;.
Madrid, Comunidad de;Andorra;2024T1;.
Madrid, Comunidad de;Andorra;2023T4;.
Madrid, Comunidad de;Andorra;2023T3;.
Madrid, Comunidad de;Andorra;2023T2;.
Madrid, Comunidad de;Andorra;2023T1;.
Madrid, Comunidad de;Andorra;2022T4;.
Madrid, Comunidad de;Andorra;2022T3;.
Madrid, Comunidad de;Andorra;2022T2;651,30
Madrid, Comunidad de;Andorra;2022T1;587,09
Madrid, Comunidad de;Andorra;2021T4;618,78
Madrid, Comunidad de;Andorra;2021T3;558,70
Madrid, Comunidad de;Andorra;2021T2;658,77
Madrid, Comunidad de;Andorra;2021T1;528,48
Madrid, Comunidad de;Andorra;2020T4;652,99
Madrid, Comunidad de;Andorra;2020T3;615,36
Madrid, Comunidad de;Andorra;2020T2;.
Madrid, Comunidad de;Andorra;2020T1;467,62
Madrid, Comunidad de;Andorra;2019T4;500,78
Madrid, Comunidad de;Andorra;2019T3;441,35
Madrid, Comunidad de;Andorra;2019T2;427,96
Madrid, Comunidad de;Andorra;2019T1;448,78
Madrid, Comunidad de;Andorra;2018T4;481,11
Madrid, Comunidad de;Andorra;2018T3;405,34
Madrid, Comunidad de;Andorra;2018T2;440,58
Madrid, Comunidad de;Andorra;2018T1;427,79
Madrid, Comunidad de;Austria;2025T2;610,25
Madrid, Comunidad de;Austria;2025T1;503,68
Madrid, Comunidad de;Austria;2024T4;492,62
Madrid, Comunidad de;Austria;2024T3;387,27
Madrid, Comunidad de;Austria;2024T2;522,57
Madrid, Comunidad de;Austria;2024T1;399,67
Madrid, Comunidad de;Austria;2023T4;474,19
Madrid, Comunidad de;Austria;2023T3;361,46
Madrid, Comunidad de;Austria;2023T2;443,46
Madrid, Comunidad de;Austria;2023T1;362,62
Madrid, Comunidad de;Austria;2022T4;401,68
Madrid, Comunidad de;Austria;2022T3;360,90
Madrid, Comunidad de;Austria;2022T2;438,09
Madrid, Comunidad de;Austria;2022T1;331,14
Madrid, Comunidad de;Austria;2021T4;364,10
Madrid, Comunidad de;Austria;2021T3;350,78
Madrid, Comunidad de;Austria;2021T2;395,78
Madrid, Comunidad de;Austria;2021T1;332,48
Madrid, Comunidad de;Austria;2020T4;380,44
Madrid, Comunidad de;Austria;2020T3;445,30
Madrid, Comunidad de;Austria;2020T2;.
Madrid, Comunidad de;Austria;2020T1;295,57
Madrid, Comunidad de;Austria;2019T4;323,58
Madrid, Comunidad de;Austria;2019T3;271,84
Madrid, Comunidad de;Austria;2019T2;322,05
Madrid, Comunidad de;Austria;2019T1;276,99
Madrid, Comunidad de;Austria;2018T4;314,86
Madrid, Comunidad de;Austria;2018T3;279,03
Madrid, Comunidad de;Austria;2018T2;311,97
Madrid, Comunidad de;Austria;2018T1;318,49
Madrid, Comunidad de;Bélgica;2025T2;581,47
Madrid, Comunidad de;Bélgica;2025T1;498,48
Madrid, Comunidad de;Bélgica;2024T4;490,46
Madrid, Comunidad de;Bélgica;2024T3;416,38
Madrid, Comunidad de;Bélgica;2024T2;504,37
Madrid, Comunidad de;Bélgica;2024T1;409,59
Madrid, Comunidad de;Bélgica;2023T4;447,53
Madrid, Comunidad de;Bélgica;2023T3;376,08
Madrid, Comunidad de;Bélgica;2023T2;427,01
Madrid, Comunidad de;Bélgica;2023T1;361,84
Madrid, Comunidad de;Bélgica;2022T4;387,69
Madrid, Comunidad de;Bélgica;2022T3;365,51
Madrid, Comunidad de;Bélgica;2022T2;413,86
Madrid, Comunidad de;Bélgica;2022T1;331,16
Madrid, Comunidad de;Bélgica;2021T4;365,53
Madrid, Comunidad de;Bélgica;2021T3;348,89
Madrid, Comunidad de;Bélgica;2021T2;409,89
Madrid, Comunidad de;Bélgica;2021T1;333,71
Madrid, Comunidad de;Bélgica;2020T4;405,18
Madrid, Comunidad de;Bélgica;2020T3;431,01
Madrid, Comunidad de;Bélgica;2020T2;.
Madrid, Comunidad de;Bélgica;2020T1;288,51
Madrid, Comunidad de;Bélgica;2019T4;307,03
Madrid, Comunidad de;Bélgica;2019T3;250,28
Madrid, Comunidad de;Bélgica;2019T2;268,24
Madrid, Comunidad de;Bélgica;2019T1;250,12
Madrid, Comunidad de;Bélgica;2018T4;264,16
Madrid, Comunidad de;Bélgica;2018T3;244,98
Madrid, Comunidad de;Bélgica;2018T2;254,21
Madrid, Comunidad de;Bélgica;2018T1;239,20
Madrid, Comunidad de;Dinamarca;2025T2;564,68
Madrid, Comunidad de;Dinamarca;2025T1;458,22
Madrid, Comunidad de;Dinamarca;2024T4;448,55
Madrid, Comunidad de;Dinamarca;2024T3;384,67
Madrid, Comunidad de;Dinamarca;2024T2;476,16
Madrid, Comunidad de;Dinamarca;2024T1;385,50
Madrid, Comunidad de;Dinamarca;2023T4;420,23
Madrid, Comunidad de;Dinamarca;2023T3;330,75
Madrid, Comunidad de;Dinamarca;2023T2;405,11
Madrid, Comunidad de;Dinamarca;2023T1;344,16
Madrid, Comunidad de;Dinamarca;2022T4;367,47
Madrid, Comunidad de;Dinamarca;2022T3;349,79
Madrid, Comunidad de;Dinamarca;2022T2;401,98
Madrid, Comunidad de;Dinamarca;2022T1;325,97
Madrid, Comunidad de;Dinamarca;2021T4;363,42
Madrid, Comunidad de;Dinamarca;2021T3;326,29
Madrid, Comunidad de;Dinamarca;2021T2;348,53
Madrid, Comunidad de;Dinamarca;2021T1;296,81
Madrid, Comunidad de;Dinamarca;2020T4;302,39
Madrid, Comunidad de;Dinamarca;2020T3;345,18
Madrid, Comunidad de;Dinamarca;2020T2;.
Madrid, Comunidad de;Dinamarca;2020T1;275,50
Madrid, Comunidad de;Dinamarca;2019T4;293,91
Madrid, Comunidad de;Dinamarca;2019T3;231,05
Madrid, Comunidad de;Dinamarca;2019T2;255,05
Madrid, Comunidad de;Dinamarca;2019T1;239,41
Madrid, Comunidad de;Dinamarca;2018T4;249,77
Madrid, Comunidad de;Dinamarca;2018T3;214,44
Madrid, Comunidad de;Dinamarca;2018T2;222,56
Madrid, Comunidad de;Dinamarca;2018T1;206,31
Madrid, Comunidad de;Finlandia;2025T2;503,60
Madrid, Comunidad de;Finlandia;2025T1;407,08
Madrid, Comunidad de;Finlandia;2024T4;402,97
Madrid, Comunidad de;Finlandia;2024T3;337,69
Madrid, Comunidad de;Finlandia;2024T2;400,04
Madrid, Comunidad de;Finlandia;2024T1;331,24
Madrid, Comunidad de;Finlandia;2023T4;371,71
Madrid, Comunidad de;Finlandia;2023T3;288,15
Madrid, Comunidad de;Finlandia;2023T2;348,68
Madrid, Comunidad de;Finlandia;2023T1;298,18
Madrid, Comunidad de;Finlandia;2022T4;347,76
Madrid, Comunidad de;Finlandia;2022T3;319,58
Madrid, Comunidad de;Finlandia;2022T2;354,10
Madrid, Comunidad de;Finlandia;2022T1;287,07
Madrid, Comunidad de;Finlandia;2021T4;330,14
Madrid, Comunidad de;Finlandia;2021T3;296,81
Madrid, Comunidad de;Finlandia;2021T2;318,39
Madrid, Comunidad de;Finlandia;2021T1;244,68
Madrid, Comunidad de;Finlandia;2020T4;295,58
Madrid, Comunidad de;Finlandia;2020T3;302,83
Madrid, Comunidad de;Finlandia;2020T2;.
Madrid, Comunidad de;Finlandia;2020T1;226,30
Madrid, Comunidad de;Finlandia;2019T4;236,32
Madrid, Comunidad de;Finlandia;2019T3;195,52
Madrid, Comunidad de;Finlandia;2019T2;209,87
Madrid, Comunidad de;Finlandia;2019T1;269,56
Madrid, Comunidad de;Finlandia;2018T4;224,18
Madrid, Comunidad de;Finlandia;2018T3;212,46
Madrid, Comunidad de;Finlandia;2018T2;195,53
Madrid, Comunidad de;Finlandia;2018T1;190,96
Madrid, Comunidad de;Francia;2025T2;504,23
Madrid, Comunidad de;Francia;2025T1;438,25
Madrid, Comunidad de;Francia;2024T4;434,40
Madrid, Comunidad de;Francia;2024T3;384,97
Madrid, Comunidad de;Francia;2024T2;437,19
Madrid, Comunidad de;Francia;2024T1;361,07
Madrid, Comunidad de;Francia;2023T4;398,44
Madrid, Comunidad de;Francia;2023T3;342,36
Madrid, Comunidad de;Francia;2023T2;368,89
Madrid, Comunidad de;Francia;2023T1;317,97
Madrid, Comunidad de;Francia;2022T4;342,95
Madrid, Comunidad de;Francia;2022T3;324,91
Madrid, Comunidad de;Francia;2022T2;352,08
Madrid, Comunidad de;Francia;2022T1;291,15
Madrid, Comunidad de;Francia;2021T4;323,01
Madrid, Comunidad de;Francia;2021T3;313,42
Madrid, Comunidad de;Francia;2021T2;341,14
Madrid, Comunidad de;Francia;2021T1;273,16
Madrid, Comunidad de;Francia;2020T4;318,67
Madrid, Comunidad de;Francia;2020T3;352,20
Madrid, Comunidad de;Francia;2020T2;.
Madrid, Comunidad de;Francia;2020T1;241,20
Madrid, Comunidad de;Francia;2019T4;257,01
Madrid, Comunidad de;Francia;2019T3;222,20
Madrid, Comunidad de;Francia;2019T2;225,79
Madrid, Comunidad de;Francia;2019T1;211,70
Madrid, Comunidad de;Francia;2018T4;227,17
Madrid, Comunidad de;Francia;2018T3;213,77
Madrid, Comunidad de;Francia;2018T2;207,41
Madrid, Comunidad de;Francia;2018T1;210,09
Madrid, Comunidad de;Irlanda;2025T2;731,56
Madrid, Comunidad de;Irlanda;2025T1;568,65
Madrid, Comunidad de;Irlanda;2024T4;555,41
Madrid, Comunidad de;Irlanda;2024T3;435,28
Madrid, Comunidad de;Irlanda;2024T2;536,72
Madrid, Comunidad de;Irlanda;2024T1;466,10
Madrid, Comunidad de;Irlanda;2023T4;488,02
Madrid, Comunidad de;Irlanda;2023T3;445,84
Madrid, Comunidad de;Irlanda;2023T2;496,04
Madrid, Comunidad de;Irlanda;2023T1;518,21
Madrid, Comunidad de;Irlanda;2022T4;534,40
Madrid, Comunidad de;Irlanda;2022T3;447,76
Madrid, Comunidad de;Irlanda;2022T2;541,01
Madrid, Comunidad de;Irlanda;2022T1;416,22
Madrid, Comunidad de;Irlanda;2021T4;472,96
Madrid, Comunidad de;Irlanda;2021T3;368,58
Madrid, Comunidad de;Irlanda;2021T2;332,72
Madrid, Comunidad de;Irlanda;2021T1;272,91
Madrid, Comunidad de;Irlanda;2020T4;361,24
Madrid, Comunidad de;Irlanda;2020T3;372,69
Madrid, Comunidad de;Irlanda;2020T2;.
Madrid, Comunidad de;Irlanda;2020T1;277,36
Madrid, Comunidad de;Irlanda;2019T4;295,57
Madrid, Comunidad de;Irlanda;2019T3;262,10
Madrid, Comunidad de;Irlanda;2019T2;290,15
Madrid, Comunidad de;Irlanda;2019T1;271,75
Madrid, Comunidad de;Irlanda;2018T4;274,33
Madrid, Comunidad de;Irlanda;2018T3;262,10
Madrid, Comunidad de;Irlanda;2018T2;273,02
Madrid, Comunidad de;Irlanda;2018T1;253,81
Madrid, Comunidad de;Italia;2025T2;454,40
Madrid, Comunidad de;Italia;2025T1;387,54
Madrid, Comunidad de;Italia;2024T4;387,22
Madrid, Comunidad de;Italia;2024T3;339,54
Madrid, Comunidad de;Italia;2024T2;417,89
Madrid, Comunidad de;Italia;2024T1;346,30
Madrid, Comunidad de;Italia;2023T4;378,61
Madrid, Comunidad de;Italia;2023T3;328,92
Madrid, Comunidad de;Italia;2023T2;377,57
Madrid, Comunidad de;Italia;2023T1;322,33
Madrid, Comunidad de;Italia;2022T4;348,86
Madrid, Comunidad de;Italia;2022T3;331,67
Madrid, Comunidad de;Italia;2022T2;365,40
Madrid, Comunidad de;Italia;2022T1;298,54
Madrid, Comunidad de;Italia;2021T4;322,47
Madrid, Comunidad de;Italia;2021T3;322,00
Madrid, Comunidad de;Italia;2021T2;347,08
Madrid, Comunidad de;Italia;2021T1;282,36
Madrid, Comunidad de;Italia;2020T4;346,16
Madrid, Comunidad de;Italia;2020T3;390,24
Madrid, Comunidad de;Italia;2020T2;.
Madrid, Comunidad de;Italia;2020T1;282,84
Madrid, Comunidad de;Italia;2019T4;292,87
Madrid, Comunidad de;Italia;2019T3;260,06
Madrid, Comunidad de;Italia;2019T2;278,77
Madrid, Comunidad de;Italia;2019T1;269,22
Madrid, Comunidad de;Italia;2018T4;292,28
Madrid, Comunidad de;Italia;2018T3;274,35
Madrid, Comunidad de;Italia;2018T2;284,43
Madrid, Comunidad de;Italia;2018T1;293,97
Madrid, Comunidad de;Noruega;2025T2;609,93
Madrid, Comunidad de;Noruega;2025T1;470,95
Madrid, Comunidad de;Noruega;2024T4;485,68
Madrid, Comunidad de;Noruega;2024T3;737,74
Madrid, Comunidad de;Noruega;2024T2;707,19
Madrid, Comunidad de;Noruega;2024T1;658,95
Madrid, Comunidad de;Noruega;2023T4;829,09
Madrid, Comunidad de;Noruega;2023T3;488,69
Madrid, Comunidad de;Noruega;2023T2;465,45
Madrid, Comunidad de;Noruega;2023T1;380,00
Madrid, Comunidad de;Noruega;2022T4;426,22
Madrid, Comunidad de;Noruega;2022T3;427,26
Madrid, Comunidad de;Noruega;2022T2;471,64
Madrid, Comunidad de;Noruega;2022T1;347,08
Madrid, Comunidad de;Noruega;2021T4;368,97
Madrid, Comunidad de;Noruega;2021T3;369,64
Madrid, Comunidad de;Noruega;2021T2;571,03
Madrid, Comunidad de;Noruega;2021T1;435,32
Madrid, Comunidad de;Noruega;2020T4;951,56
Madrid, Comunidad de;Noruega;2020T3;151,95
Madrid, Comunidad de;Noruega;2020T2;.
Madrid, Comunidad de;Noruega;2020T1;281,61
Madrid, Comunidad de;Noruega;2019T4;314,41
Madrid, Comunidad de;Noruega;2019T3;254,84
Madrid, Comunidad de;Noruega;2019T2;280,21
Madrid, Comunidad de;Noruega;2019T1;255,18
Madrid, Comunidad de;Noruega;2018T4;276,36
Madrid, Comunidad de;Noruega;2018T3;243,94
Madrid, Comunidad de;Noruega;2018T2;244,28
Madrid, Comunidad de;Noruega;2018T1;218,40
Madrid, Comunidad de;Países Bajos;2025T2;526,89
Madrid, Comunidad de;Países Bajos;2025T1;444,25
Madrid, Comunidad de;Países Bajos;2024T4;500,73
Madrid, Comunidad de;Países Bajos;2024T3;445,14
Madrid, Comunidad de;Países Bajos;2024T2;555,08
Madrid, Comunidad de;Países Bajos;2024T1;498,88
Madrid, Comunidad de;Países Bajos;2023T4;514,98
Madrid, Comunidad de;Países Bajos;2023T3;373,53
Madrid, Comunidad de;Países Bajos;2023T2;392,24
Madrid, Comunidad de;Países Bajos;2023T1;341,46
Madrid, Comunidad de;Países Bajos;2022T4;385,60
Madrid, Comunidad de;Países Bajos;2022T3;317,09
Madrid, Comunidad de;Países Bajos;2022T2;376,44
Madrid, Comunidad de;Países Bajos;2022T1;308,80
Madrid, Comunidad de;Países Bajos;2021T4;339,28
Madrid, Comunidad de;Países Bajos;2021T3;315,25
Madrid, Comunidad de;Países Bajos;2021T2;506,60
Madrid, Comunidad de;Países Bajos;2021T1;427,15
Madrid, Comunidad de;Países Bajos;2020T4;474,13
Madrid, Comunidad de;Países Bajos;2020T3;348,31
Madrid, Comunidad de;Países Bajos;2020T2;.
Madrid, Comunidad de;Países Bajos;2020T1;259,24
Madrid, Comunidad de;Países Bajos;2019T4;265,94
Madrid, Comunidad de;Países Bajos;2019T3;230,45
Madrid, Comunidad de;Países Bajos;2019T2;245,08
Madrid, Comunidad de;Países Bajos;2019T1;239,08
Madrid, Comunidad de;Países Bajos;2018T4;224,47
Madrid, Comunidad de;Países Bajos;2018T3;199,17
Madrid, Comunidad de;Países Bajos;2018T2;211,14
Madrid, Comunidad de;Países Bajos;2018T1;202,45
Madrid, Comunidad de;Polonia;2025T2;445,68
Madrid, Comunidad de;Polonia;2025T1;372,94
Madrid, Comunidad de;Polonia;2024T4;390,73
Madrid, Comunidad de;Polonia;2024T3;296,55
Madrid, Comunidad de;Polonia;2024T2;367,57
Madrid, Comunidad de;Polonia;2024T1;285,21
Madrid, Comunidad de;Polonia;2023T4;317,74
Madrid, Comunidad de;Polonia;2023T3;257,62
Madrid, Comunidad de;Polonia;2023T2;319,44
Madrid, Comunidad de;Polonia;2023T1;279,88
Madrid, Comunidad de;Polonia;2022T4;282,89
Madrid, Comunidad de;Polonia;2022T3;264,48
Madrid, Comunidad de;Polonia;2022T2;307,47
Madrid, Comunidad de;Polonia;2022T1;257,89
Madrid, Comunidad de;Polonia;2021T4;263,77
Madrid, Comunidad de;Polonia;2021T3;251,71
Madrid, Comunidad de;Polonia;2021T2;349,45
Madrid, Comunidad de;Polonia;2021T1;268,29
Madrid, Comunidad de;Polonia;2020T4;314,49
Madrid, Comunidad de;Polonia;2020T3;289,65
Madrid, Comunidad de;Polonia;2020T2;.
Madrid, Comunidad de;Polonia;2020T1;224,89
Madrid, Comunidad de;Polonia;2019T4;221,62
Madrid, Comunidad de;Polonia;2019T3;178,36
Madrid, Comunidad de;Polonia;2019T2;210,33
Madrid, Comunidad de;Polonia;2019T1;200,46
Madrid, Comunidad de;Polonia;2018T4;217,95
Madrid, Comunidad de;Polonia;2018T3;193,96
Madrid, Comunidad de;Polonia;2018T2;205,21
Madrid, Comunidad de;Polonia;2018T1;204,76
Madrid, Comunidad de;Portugal;2025T2;569,73
Madrid, Comunidad de;Portugal;2025T1;519,21
Madrid, Comunidad de;Portugal;2024T4;493,65
Madrid, Comunidad de;Portugal;2024T3;389,40
Madrid, Comunidad de;Portugal;2024T2;496,50
Madrid, Comunidad de;Portugal;2024T1;447,89
Madrid, Comunidad de;Portugal;2023T4;484,36
Madrid, Comunidad de;Portugal;2023T3;378,70
Madrid, Comunidad de;Portugal;2023T2;446,20
Madrid, Comunidad de;Portugal;2023T1;415,46
Madrid, Comunidad de;Portugal;2022T4;441,03
Madrid, Comunidad de;Portugal;2022T3;381,23
Madrid, Comunidad de;Portugal;2022T2;446,62
Madrid, Comunidad de;Portugal;2022T1;405,46
Madrid, Comunidad de;Portugal;2021T4;435,39
Madrid, Comunidad de;Portugal;2021T3;384,30
Madrid, Comunidad de;Portugal;2021T2;503,79
Madrid, Comunidad de;Portugal;2021T1;421,71
Madrid, Comunidad de;Portugal;2020T4;487,25
Madrid, Comunidad de;Portugal;2020T3;477,06
Madrid, Comunidad de;Portugal;2020T2;.
Madrid, Comunidad de;Portugal;2020T1;327,06
Madrid, Comunidad de;Portugal;2019T4;340,15
Madrid, Comunidad de;Portugal;2019T3;273,01
Madrid, Comunidad de;Portugal;2019T2;285,14
Madrid, Comunidad de;Portugal;2019T1;290,32
Madrid, Comunidad de;Portugal;2018T4;307,23
Madrid, Comunidad de;Portugal;2018T3;270,43
Madrid, Comunidad de;Portugal;2018T2;264,87
Madrid, Comunidad de;Portugal;2018T1;261,07
Madrid, Comunidad de;Reino Unido;2025T2;530,50
Madrid, Comunidad de;Reino Unido;2025T1;465,16
Madrid, Comunidad de;Reino Unido;2024T4;478,49
Madrid, Comunidad de;Reino Unido;2024T3;374,91
Madrid, Comunidad de;Reino Unido;2024T2;456,35
Madrid, Comunidad de;Reino Unido;2024T1;384,08
Madrid, Comunidad de;Reino Unido;2023T4;520,39
Madrid, Comunidad de;Reino Unido;2023T3;483,28
Madrid, Comunidad de;Reino Unido;2023T2;622,96
Madrid, Comunidad de;Reino Unido;2023T1;684,21
Madrid, Comunidad de;Reino Unido;2022T4;720,26
Madrid, Comunidad de;Reino Unido;2022T3;546,22
Madrid, Comunidad de;Reino Unido;2022T2;556,03
Madrid, Comunidad de;Reino Unido;2022T1;483,82
Madrid, Comunidad de;Reino Unido;2021T4;464,99
Madrid, Comunidad de;Reino Unido;2021T3;416,34
Madrid, Comunidad de;Reino Unido;2021T2;410,63
Madrid, Comunidad de;Reino Unido;2021T1;284,48
Madrid, Comunidad de;Reino Unido;2020T4;361,07
Madrid, Comunidad de;Reino Unido;2020T3;175,53
Madrid, Comunidad de;Reino Unido;2020T2;.
Madrid, Comunidad de;Reino Unido;2020T1;378,52
Madrid, Comunidad de;Reino Unido;2019T4;404,52
Madrid, Comunidad de;Reino Unido;2019T3;361,01
Madrid, Comunidad de;Reino Unido;2019T2;392,09
Madrid, Comunidad de;Reino Unido;2019T1;393,84
Madrid, Comunidad de;Reino Unido;2018T4;415,58
Madrid, Comunidad de;Reino Unido;2018T3;356,96
Madrid, Comunidad de;Reino Unido;2018T2;374,12
Madrid, Comunidad de;Reino Unido;2018T1;407,76
Madrid, Comunidad de;Rumanía;2025T2;582,06
Madrid, Comunidad de;Rumanía;2025T1;515,46
Madrid, Comunidad de;Rumanía;2024T4;506,92
Madrid, Comunidad de;Rumanía;2024T3;419,55
Madrid, Comunidad de;Rumanía;2024T2;522,59
Madrid, Comunidad de;Rumanía;2024T1;447,89
Madrid, Comunidad de;Rumanía;2023T4;489,02
Madrid, Comunidad de;Rumanía;2023T3;404,46
Madrid, Comunidad de;Rumanía;2023T2;457,53
Madrid, Comunidad de;Rumanía;2023T1;419,22
Madrid, Comunidad de;Rumanía;2022T4;478,43
Madrid, Comunidad de;Rumanía;2022T3;425,33
Madrid, Comunidad de;Rumanía;2022T2;459,74
Madrid, Comunidad de;Rumanía;2022T1;453,81
Madrid, Comunidad de;Rumanía;2021T4;475,36
Madrid, Comunidad de;Rumanía;2021T3;447,06
Madrid, Comunidad de;Rumanía;2021T2;570,67
Madrid, Comunidad de;Rumanía;2021T1;482,06
Madrid, Comunidad de;Rumanía;2020T4;607,37
Madrid, Comunidad de;Rumanía;2020T3;558,73
Madrid, Comunidad de;Rumanía;2020T2;.
Madrid, Comunidad de;Rumanía;2020T1;390,29
Madrid, Comunidad de;Rumanía;2019T4;401,11
Madrid, Comunidad de;Rumanía;2019T3;319,63
Madrid, Comunidad de;Rumanía;2019T2;363,06
Madrid, Comunidad de;Rumanía;2019T1;365,55
Madrid, Comunidad de;Rumanía;2018T4;377,92
Madrid, Comunidad de;Rumanía;2018T3;336,04
Madrid, Comunidad de;Rumanía;2018T2;337,50
Madrid, Comunidad de;Rumanía;2018T1;322,53
Madrid, Comunidad de;Rusia;2025T2;.
Madrid, Comunidad de;Rusia;2025T1;.
Madrid, Comunidad de;Rusia;2024T4;.
Madrid, Comunidad de;Rusia;2024T3;.
Madrid, Comunidad de;Rusia;2024T2;.
Madrid, Comunidad de;Rusia;2024T1;.
Madrid, Comunidad de;Rusia;2023T4;.
Madrid, Comunidad de;Rusia;2023T3;.
Madrid, Comunidad de;Rusia;2023T2;.
Madrid, Comunidad de;Rusia;2023T1;.
Madrid, Comunidad de;Rusia;2022T4;.
Madrid, Comunidad de;Rusia;2022T3;.
Madrid, Comunidad de;Rusia;2022T2;.
Madrid, Comunidad de;Rusia;2022T1;686,52
Madrid, Comunidad de;Rusia;2021T4;469,65
Madrid, Comunidad de;Rusia;2021T3;460,18
Madrid, Comunidad de;Rusia;2021T2;539,94
Madrid, Comunidad de;Rusia;2021T1;447,86
Madrid, Comunidad de;Rusia;2020T4;512,67
Madrid, Comunidad de;Rusia;2020T3;522,19
Madrid, Comunidad de;Rusia;2020T2;.
Madrid, Comunidad de;Rusia;2020T1;371,88
Madrid, Comunidad de;Rusia;2019T4;339,71
Madrid, Comunidad de;Rusia;2019T3;276,02
Madrid, Comunidad de;Rusia;2019T2;331,20
Madrid, Comunidad de;Rusia;2019T1;361,94
Madrid, Comunidad de;Rusia;2018T4;357,35
Madrid, Comunidad de;Rusia;2018T3;261,69
Madrid, Comunidad de;Rusia;2018T2;312,68
Madrid, Comunidad de;Rusia;2018T1;327,28
Madrid, Comunidad de;Suecia;2025T2;520,88
Madrid, Comunidad de;Suecia;2025T1;433,61
Madrid, Comunidad de;Suecia;2024T4;800,88
Madrid, Comunidad de;Suecia;2024T3;998,80
Madrid, Comunidad de;Suecia;2024T2;1.248,32
Madrid, Comunidad de;Suecia;2024T1;1.000,52
Madrid, Comunidad de;Suecia;2023T4;1.277,24
Madrid, Comunidad de;Suecia;2023T3;828,34
Madrid, Comunidad de;Suecia;2023T2;403,58
Madrid, Comunidad de;Suecia;2023T1;367,28
Madrid, Comunidad de;Suecia;2022T4;377,55
Madrid, Comunidad de;Suecia;2022T3;369,24
Madrid, Comunidad de;Suecia;2022T2;416,08
Madrid, Comunidad de;Suecia;2022T1;346,48
Madrid, Comunidad de;Suecia;2021T4;347,65
Madrid, Comunidad de;Suecia;2021T3;332,13
Madrid, Comunidad de;Suecia;2021T2;509,55
Madrid, Comunidad de;Suecia;2021T1;430,02
Madrid, Comunidad de;Suecia;2020T4;859,88
Madrid, Comunidad de;Suecia;2020T3;333,19
Madrid, Comunidad de;Suecia;2020T2;.
Madrid, Comunidad de;Suecia;2020T1;256,41
Madrid, Comunidad de;Suecia;2019T4;266,98
Madrid, Comunidad de;Suecia;2019T3;214,64
Madrid, Comunidad de;Suecia;2019T2;236,57
Madrid, Comunidad de;Suecia;2019T1;223,20
Madrid, Comunidad de;Suecia;2018T4;235,20
Madrid, Comunidad de;Suecia;2018T3;200,47
Madrid, Comunidad de;Suecia;2018T2;211,94
Madrid, Comunidad de;Suecia;2018T1;203,10
Madrid, Comunidad de;Suiza;2025T2;892,78
Madrid, Comunidad de;Suiza;2025T1;811,23
Madrid, Comunidad de;Suiza;2024T4;800,08
Madrid, Comunidad de;Suiza;2024T3;684,05
Madrid, Comunidad de;Suiza;2024T2;841,83
Madrid, Comunidad de;Suiza;2024T1;724,38
Madrid, Comunidad de;Suiza;2023T4;828,08
Madrid, Comunidad de;Suiza;2023T3;702,41
Madrid, Comunidad de;Suiza;2023T2;833,78
Madrid, Comunidad de;Suiza;2023T1;780,18
Madrid, Comunidad de;Suiza;2022T4;815,03
Madrid, Comunidad de;Suiza;2022T3;740,56
Madrid, Comunidad de;Suiza;2022T2;800,00
Madrid, Comunidad de;Suiza;2022T1;770,62
Madrid, Comunidad de;Suiza;2021T4;870,17
Madrid, Comunidad de;Suiza;2021T3;711,65
Madrid, Comunidad de;Suiza;2021T2;851,39
Madrid, Comunidad de;Suiza;2021T1;736,27
Madrid, Comunidad de;Suiza;2020T4;1.031,50
Madrid, Comunidad de;Suiza;2020T3;1.025,08
Madrid, Comunidad de;Suiza;2020T2;.
Madrid, Comunidad de;Suiza;2020T1;612,52
Madrid, Comunidad de;Suiza;2019T4;641,25
Madrid, Comunidad de;Suiza;2019T3;539,04
Madrid, Comunidad de;Suiza;2019T2;592,94
Madrid, Comunidad de;Suiza;2019T1;584,75
Madrid, Comunidad de;Suiza;2018T4;599,29
Madrid, Comunidad de;Suiza;2018T3;542,23
Madrid, Comunidad de;Suiza;2018T2;602,24
Madrid, Comunidad de;Suiza;2018T1;597,44
Madrid, Comunidad de;Otros Países Europeos;2025T2;575,87
Madrid, Comunidad de;Otros Países Europeos;2025T1;503,30
Madrid, Comunidad de;Otros Países Europeos;2024T4;550,79
Madrid, Comunidad de;Otros Países Europeos;2024T3;556,83
Madrid, Comunidad de;Otros Países Europeos;2024T2;682,86
Madrid, Comunidad de;Otros Países Europeos;2024T1;721,25
Madrid, Comunidad de;Otros Países Europeos;2023T4;543,19
Madrid, Comunidad de;Otros Países Europeos;2023T3;416,60
Madrid, Comunidad de;Otros Países Europeos;2023T2;478,69
Madrid, Comunidad de;Otros Países Europeos;2023T1;398,85
Madrid, Comunidad de;Otros Países Europeos;2022T4;443,58
Madrid, Comunidad de;Otros Países Europeos;2022T3;401,75
Madrid, Comunidad de;Otros Países Europeos;2022T2;424,87
Madrid, Comunidad de;Otros Países Europeos;2022T1;373,43
Madrid, Comunidad de;Otros Países Europeos;2021T4;408,24
Madrid, Comunidad de;Otros Países Europeos;2021T3;367,34
Madrid, Comunidad de;Otros Países Europeos;2021T2;438,60
Madrid, Comunidad de;Otros Países Europeos;2021T1;369,87
Madrid, Comunidad de;Otros Países Europeos;2020T4;462,53
Madrid, Comunidad de;Otros Países Europeos;2020T3;438,32
Madrid, Comunidad de;Otros Países Europeos;2020T2;.
Madrid, Comunidad de;Otros Países Europeos;2020T1;299,60
Madrid, Comunidad de;Otros Países Europeos;2019T4;308,03
Madrid, Comunidad de;Otros Países Europeos;2019T3;254,59
Madrid, Comunidad de;Otros Países Europeos;2019T2;282,21
Madrid, Comunidad de;Otros Países Europeos;2019T1;284,45
Madrid, Comunidad de;Otros Países Europeos;2018T4;295,82
Madrid, Comunidad de;Otros Países Europeos;2018T3;264,41
Madrid, Comunidad de;Otros Países Europeos;2018T2;277,34
Madrid, Comunidad de;Otros Países Europeos;2018T1;279,90
Madrid, Comunidad de;Argentina;2025T2;852,12
Madrid, Comunidad de;Argentina;2025T1;733,58
Madrid, Comunidad de;Argentina;2024T4;673,11
Madrid, Comunidad de;Argentina;2024T3;545,32
Madrid, Comunidad de;Argentina;2024T2;652,70
Madrid, Comunidad de;Argentina;2024T1;439,30
Madrid, Comunidad de;Argentina;2023T4;439,57
Madrid, Comunidad de;Argentina;2023T3;385,30
Madrid, Comunidad de;Argentina;2023T2;440,98
Madrid, Comunidad de;Argentina;2023T1;376,43
Madrid, Comunidad de;Argentina;2022T4;400,68
Madrid, Comunidad de;Argentina;2022T3;381,49
Madrid, Comunidad de;Argentina;2022T2;416,73
Madrid, Comunidad de;Argentina;2022T1;329,01
Madrid, Comunidad de;Argentina;2021T4;350,58
Madrid, Comunidad de;Argentina;2021T3;321,17
Madrid, Comunidad de;Argentina;2021T2;324,73
Madrid, Comunidad de;Argentina;2021T1;270,01
Madrid, Comunidad de;Argentina;2020T4;333,81
Madrid, Comunidad de;Argentina;2020T3;335,25
Madrid, Comunidad de;Argentina;2020T2;.
Madrid, Comunidad de;Argentina;2020T1;245,07
Madrid, Comunidad de;Argentina;2019T4;273,29
Madrid, Comunidad de;Argentina;2019T3;254,26
Madrid, Comunidad de;Argentina;2019T2;265,52
Madrid, Comunidad de;Argentina;2019T1;247,39
Madrid, Comunidad de;Argentina;2018T4;255,98
Madrid, Comunidad de;Argentina;2018T3;245,30
Madrid, Comunidad de;Argentina;2018T2;258,96
Madrid, Comunidad de;Argentina;2018T1;256,95
Madrid, Comunidad de;Brasil;2025T2;563,89
Madrid, Comunidad de;Brasil;2025T1;534,09
Madrid, Comunidad de;Brasil;2024T4;469,39
Madrid, Comunidad de;Brasil;2024T3;412,49
Madrid, Comunidad de;Brasil;2024T2;535,88
Madrid, Comunidad de;Brasil;2024T1;493,97
Madrid, Comunidad de;Brasil;2023T4;473,76
Madrid, Comunidad de;Brasil;2023T3;390,05
Madrid, Comunidad de;Brasil;2023T2;445,08
Madrid, Comunidad de;Brasil;2023T1;444,25
Madrid, Comunidad de;Brasil;2022T4;463,62
Madrid, Comunidad de;Brasil;2022T3;455,78
Madrid, Comunidad de;Brasil;2022T2;521,73
Madrid, Comunidad de;Brasil;2022T1;505,17
Madrid, Comunidad de;Brasil;2021T4;557,06
Madrid, Comunidad de;Brasil;2021T3;530,60
Madrid, Comunidad de;Brasil;2021T2;547,65
Madrid, Comunidad de;Brasil;2021T1;457,13
Madrid, Comunidad de;Brasil;2020T4;594,33
Madrid, Comunidad de;Brasil;2020T3;536,02
Madrid, Comunidad de;Brasil;2020T2;.
Madrid, Comunidad de;Brasil;2020T1;402,39
Madrid, Comunidad de;Brasil;2019T4;420,98
Madrid, Comunidad de;Brasil;2019T3;343,75
Madrid, Comunidad de;Brasil;2019T2;371,51
Madrid, Comunidad de;Brasil;2019T1;350,80
Madrid, Comunidad de;Brasil;2018T4;371,45
Madrid, Comunidad de;Brasil;2018T3;325,51
Madrid, Comunidad de;Brasil;2018T2;328,53
Madrid, Comunidad de;Brasil;2018T1;351,21
Madrid, Comunidad de;Canadá;2025T2;593,57
Madrid, Comunidad de;Canadá;2025T1;535,30
Madrid, Comunidad de;Canadá;2024T4;533,97
Madrid, Comunidad de;Canadá;2024T3;440,58
Madrid, Comunidad de;Canadá;2024T2;531,51
Madrid, Comunidad de;Canadá;2024T1;467,17
Madrid, Comunidad de;Canadá;2023T4;511,21
Madrid, Comunidad de;Canadá;2023T3;417,10
Madrid, Comunidad de;Canadá;2023T2;476,16
Madrid, Comunidad de;Canadá;2023T1;435,85
Madrid, Comunidad de;Canadá;2022T4;466,53
Madrid, Comunidad de;Canadá;2022T3;406,13
Madrid, Comunidad de;Canadá;2022T2;447,32
Madrid, Comunidad de;Canadá;2022T1;391,05
Madrid, Comunidad de;Canadá;2021T4;447,72
Madrid, Comunidad de;Canadá;2021T3;496,29
Madrid, Comunidad de;Canadá;2021T2;571,05
Madrid, Comunidad de;Canadá;2021T1;510,67
Madrid, Comunidad de;Canadá;2020T4;525,94
Madrid, Comunidad de;Canadá;2020T3;556,26
Madrid, Comunidad de;Canadá;2020T2;.
Madrid, Comunidad de;Canadá;2020T1;347,80
Madrid, Comunidad de;Canadá;2019T4;346,15
Madrid, Comunidad de;Canadá;2019T3;291,63
Madrid, Comunidad de;Canadá;2019T2;304,83
Madrid, Comunidad de;Canadá;2019T1;318,72
Madrid, Comunidad de;Canadá;2018T4;336,96
Madrid, Comunidad de;Canadá;2018T3;287,88
Madrid, Comunidad de;Canadá;2018T2;293,55
Madrid, Comunidad de;Canadá;2018T1;289,47
Madrid, Comunidad de;Chile;2025T2;693,28
Madrid, Comunidad de;Chile;2025T1;555,98
Madrid, Comunidad de;Chile;2024T4;551,13
Madrid, Comunidad de;Chile;2024T3;489,19
Madrid, Comunidad de;Chile;2024T2;621,06
Madrid, Comunidad de;Chile;2024T1;462,25
Madrid, Comunidad de;Chile;2023T4;544,52
Madrid, Comunidad de;Chile;2023T3;462,29
Madrid, Comunidad de;Chile;2023T2;558,13
Madrid, Comunidad de;Chile;2023T1;455,67
Madrid, Comunidad de;Chile;2022T4;485,57
Madrid, Comunidad de;Chile;2022T3;445,13
Madrid, Comunidad de;Chile;2022T2;537,33
Madrid, Comunidad de;Chile;2022T1;423,98
Madrid, Comunidad de;Chile;2021T4;510,93
Madrid, Comunidad de;Chile;2021T3;487,54
Madrid, Comunidad de;Chile;2021T2;584,93
Madrid, Comunidad de;Chile;2021T1;506,14
Madrid, Comunidad de;Chile;2020T4;623,67
Madrid, Comunidad de;Chile;2020T3;609,32
Madrid, Comunidad de;Chile;2020T2;.
Madrid, Comunidad de;Chile;2020T1;353,29
Madrid, Comunidad de;Chile;2019T4;395,33
Madrid, Comunidad de;Chile;2019T3;342,16
Madrid, Comunidad de;Chile;2019T2;376,16
Madrid, Comunidad de;Chile;2019T1;343,18
Madrid, Comunidad de;Chile;2018T4;378,11
Madrid, Comunidad de;Chile;2018T3;347,73
Madrid, Comunidad de;Chile;2018T2;378,10
Madrid, Comunidad de;Chile;2018T1;329,37
Madrid, Comunidad de;Colombia;2025T2;696,24
Madrid, Comunidad de;Colombia;2025T1;647,94
Madrid, Comunidad de;Colombia;2024T4;599,20
Madrid, Comunidad de;Colombia;2024T3;521,45
Madrid, Comunidad de;Colombia;2024T2;650,50
Madrid, Comunidad de;Colombia;2024T1;563,03
Madrid, Comunidad de;Colombia;2023T4;600,89
Madrid, Comunidad de;Colombia;2023T3;511,47
Madrid, Comunidad de;Colombia;2023T2;580,14
Madrid, Comunidad de;Colombia;2023T1;501,63
Madrid, Comunidad de;Colombia;2022T4;541,15
Madrid, Comunidad de;Colombia;2022T3;517,56
Madrid, Comunidad de;Colombia;2022T2;595,57
Madrid, Comunidad de;Colombia;2022T1;519,47
Madrid, Comunidad de;Colombia;2021T4;591,02
Madrid, Comunidad de;Colombia;2021T3;630,17
Madrid, Comunidad de;Colombia;2021T2;632,23
Madrid, Comunidad de;Colombia;2021T1;550,34
Madrid, Comunidad de;Colombia;2020T4;678,50
Madrid, Comunidad de;Colombia;2020T3;598,88
Madrid, Comunidad de;Colombia;2020T2;.
Madrid, Comunidad de;Colombia;2020T1;503,14
Madrid, Comunidad de;Colombia;2019T4;533,60
Madrid, Comunidad de;Colombia;2019T3;478,26
Madrid, Comunidad de;Colombia;2019T2;472,88
Madrid, Comunidad de;Colombia;2019T1;463,82
Madrid, Comunidad de;Colombia;2018T4;501,94
Madrid, Comunidad de;Colombia;2018T3;463,83
Madrid, Comunidad de;Colombia;2018T2;459,34
Madrid, Comunidad de;Colombia;2018T1;449,26
Madrid, Comunidad de;Estados Unidos de América;2025T2;777,12
Madrid, Comunidad de;Estados Unidos de América;2025T1;660,59
Madrid, Comunidad de;Estados Unidos de América;2024T4;682,47
Madrid, Comunidad de;Estados Unidos de América;2024T3;589,36
Madrid, Comunidad de;Estados Unidos de América;2024T2;690,87
Madrid, Comunidad de;Estados Unidos de América;2024T1;552,98
Madrid, Comunidad de;Estados Unidos de América;2023T4;631,05
Madrid, Comunidad de;Estados Unidos de América;2023T3;534,49
Madrid, Comunidad de;Estados Unidos de América;2023T2;586,70
Madrid, Comunidad de;Estados Unidos de América;2023T1;503,54
Madrid, Comunidad de;Estados Unidos de América;2022T4;565,12
Madrid, Comunidad de;Estados Unidos de América;2022T3;531,46
Madrid, Comunidad de;Estados Unidos de América;2022T2;554,75
Madrid, Comunidad de;Estados Unidos de América;2022T1;460,82
Madrid, Comunidad de;Estados Unidos de América;2021T4;541,72
Madrid, Comunidad de;Estados Unidos de América;2021T3;539,15
Madrid, Comunidad de;Estados Unidos de América;2021T2;676,14
Madrid, Comunidad de;Estados Unidos de América;2021T1;563,26
Madrid, Comunidad de;Estados Unidos de América;2020T4;685,62
Madrid, Comunidad de;Estados Unidos de América;2020T3;692,27
Madrid, Comunidad de;Estados Unidos de América;2020T2;.
Madrid, Comunidad de;Estados Unidos de América;2020T1;391,83
Madrid, Comunidad de;Estados Unidos de América;2019T4;408,63
Madrid, Comunidad de;Estados Unidos de América;2019T3;349,67
Madrid, Comunidad de;Estados Unidos de América;2019T2;364,30
Madrid, Comunidad de;Estados Unidos de América;2019T1;348,64
Madrid, Comunidad de;Estados Unidos de América;2018T4;395,45
Madrid, Comunidad de;Estados Unidos de América;2018T3;351,53
Madrid, Comunidad de;Estados Unidos de América;2018T2;349,53
Madrid, Comunidad de;Estados Unidos de América;2018T1;331,06
Madrid, Comunidad de;México;2025T2;801,48
Madrid, Comunidad de;México;2025T1;698,36
Madrid, Comunidad de;México;2024T4;682,72
Madrid, Comunidad de;México;2024T3;598,11
Madrid, Comunidad de;México;2024T2;718,97
Madrid, Comunidad de;México;2024T1;587,64
Madrid, Comunidad de;México;2023T4;648,60
Madrid, Comunidad de;México;2023T3;575,00
Madrid, Comunidad de;México;2023T2;626,25
Madrid, Comunidad de;México;2023T1;518,30
Madrid, Comunidad de;México;2022T4;555,29
Madrid, Comunidad de;México;2022T3;537,08
Madrid, Comunidad de;México;2022T2;578,23
Madrid, Comunidad de;México;2022T1;479,50
Madrid, Comunidad de;México;2021T4;566,91
Madrid, Comunidad de;México;2021T3;628,19
Madrid, Comunidad de;México;2021T2;640,93
Madrid, Comunidad de;México;2021T1;494,85
Madrid, Comunidad de;México;2020T4;621,06
Madrid, Comunidad de;México;2020T3;606,12
Madrid, Comunidad de;México;2020T2;.
Madrid, Comunidad de;México;2020T1;415,18
Madrid, Comunidad de;México;2019T4;444,80
Madrid, Comunidad de;México;2019T3;392,60
Madrid, Comunidad de;México;2019T2;405,55
Madrid, Comunidad de;México;2019T1;373,26
Madrid, Comunidad de;México;2018T4;389,73
Madrid, Comunidad de;México;2018T3;369,41
Madrid, Comunidad de;México;2018T2;351,55
Madrid, Comunidad de;México;2018T1;333,11
Madrid, Comunidad de;Resto de América;2025T2;838,72
Madrid, Comunidad de;Resto de América;2025T1;755,44
Madrid, Comunidad de;Resto de América;2024T4;695,66
Madrid, Comunidad de;Resto de América;2024T3;596,14
Madrid, Comunidad de;Resto de América;2024T2;717,71
Madrid, Comunidad de;Resto de América;2024T1;627,09
Madrid, Comunidad de;Resto de América;2023T4;664,95
Madrid, Comunidad de;Resto de América;2023T3;562,35
Madrid, Comunidad de;Resto de América;2023T2;634,27
Madrid, Comunidad de;Resto de América;2023T1;579,39
Madrid, Comunidad de;Resto de América;2022T4;603,14
Madrid, Comunidad de;Resto de América;2022T3;579,25
Madrid, Comunidad de;Resto de América;2022T2;613,65
Madrid, Comunidad de;Resto de América;2022T1;519,36
Madrid, Comunidad de;Resto de América;2021T4;560,52
Madrid, Comunidad de;Resto de América;2021T3;598,58
Madrid, Comunidad de;Resto de América;2021T2;651,64
Madrid, Comunidad de;Resto de América;2021T1;530,90
Madrid, Comunidad de;Resto de América;2020T4;656,23
Madrid, Comunidad de;Resto de América;2020T3;643,51
Madrid, Comunidad de;Resto de América;2020T2;.
Madrid, Comunidad de;Resto de América;2020T1;450,94
Madrid, Comunidad de;Resto de América;2019T4;460,09
Madrid, Comunidad de;Resto de América;2019T3;410,03
Madrid, Comunidad de;Resto de América;2019T2;423,91
Madrid, Comunidad de;Resto de América;2019T1;401,53
Madrid, Comunidad de;Resto de América;2018T4;415,68
Madrid, Comunidad de;Resto de América;2018T3;395,96
Madrid, Comunidad de;Resto de América;2018T2;398,43
Madrid, Comunidad de;Resto de América;2018T1;386,67
Madrid, Comunidad de;Australia;2025T2;537,99
Madrid, Comunidad de;Australia;2025T1;478,23
Madrid, Comunidad de;Australia;2024T4;436,61
Madrid, Comunidad de;Australia;2024T3;363,70
Madrid, Comunidad de;Australia;2024T2;476,54
Madrid, Comunidad de;Australia;2024T1;391,61
Madrid, Comunidad de;Australia;2023T4;416,28
Madrid, Comunidad de;Australia;2023T3;318,00
Madrid, Comunidad de;Australia;2023T2;408,14
Madrid, Comunidad de;Australia;2023T1;357,51
Madrid, Comunidad de;Australia;2022T4;391,08
Madrid, Comunidad de;Australia;2022T3;334,28
Madrid, Comunidad de;Australia;2022T2;450,20
Madrid, Comunidad de;Australia;2022T1;390,31
Madrid, Comunidad de;Australia;2021T4;480,67
Madrid, Comunidad de;Australia;2021T3;421,82
Madrid, Comunidad de;Australia;2021T2;394,98
Madrid, Comunidad de;Australia;2021T1;373,06
Madrid, Comunidad de;Australia;2020T4;383,21
Madrid, Comunidad de;Australia;2020T3;382,73
Madrid, Comunidad de;Australia;2020T2;.
Madrid, Comunidad de;Australia;2020T1;304,84
Madrid, Comunidad de;Australia;2019T4;315,01
Madrid, Comunidad de;Australia;2019T3;271,44
Madrid, Comunidad de;Australia;2019T2;325,86
Madrid, Comunidad de;Australia;2019T1;296,24
Madrid, Comunidad de;Australia;2018T4;307,28
Madrid, Comunidad de;Australia;2018T3;292,89
Madrid, Comunidad de;Australia;2018T2;342,44
Madrid, Comunidad de;Australia;2018T1;311,13
Madrid, Comunidad de;China;2025T2;986,17
Madrid, Comunidad de;China;2025T1;950,64
Madrid, Comunidad de;China;2024T4;977,70
Madrid, Comunidad de;China;2024T3;899,33
Madrid, Comunidad de;China;2024T2;1.127,21
Madrid, Comunidad de;China;2024T1;954,07
Madrid, Comunidad de;China;2023T4;1.091,76
Madrid, Comunidad de;China;2023T3;1.070,74
Madrid, Comunidad de;China;2023T2;1.101,76
Madrid, Comunidad de;China;2023T1;947,73
Madrid, Comunidad de;China;2022T4;819,06
Madrid, Comunidad de;China;2022T3;718,44
Madrid, Comunidad de;China;2022T2;676,26
Madrid, Comunidad de;China;2022T1;596,79
Madrid, Comunidad de;China;2021T4;658,58
Madrid, Comunidad de;China;2021T3;863,93
Madrid, Comunidad de;China;2021T2;963,05
Madrid, Comunidad de;China;2021T1;1.055,75
Madrid, Comunidad de;China;2020T4;1.126,65
Madrid, Comunidad de;China;2020T3;1.223,92
Madrid, Comunidad de;China;2020T2;.
Madrid, Comunidad de;China;2020T1;970,01
Madrid, Comunidad de;China;2019T4;1.177,45
Madrid, Comunidad de;China;2019T3;1.054,59
Madrid, Comunidad de;China;2019T2;1.091,21
Madrid, Comunidad de;China;2019T1;1.016,69
Madrid, Comunidad de;China;2018T4;1.023,69
Madrid, Comunidad de;China;2018T3;1.080,34
Madrid, Comunidad de;China;2018T2;1.118,85
Madrid, Comunidad de;China;2018T1;1.036,78
Madrid, Comunidad de;Corea;2025T2;560,28
Madrid, Comunidad de;Corea;2025T1;477,09
Madrid, Comunidad de;Corea;2024T4;494,11
Madrid, Comunidad de;Corea;2024T3;383,33
Madrid, Comunidad de;Corea;2024T2;495,76
Madrid, Comunidad de;Corea;2024T1;372,77
Madrid, Comunidad de;Corea;2023T4;446,29
Madrid, Comunidad de;Corea;2023T3;353,31
Madrid, Comunidad de;Corea;2023T2;411,08
Madrid, Comunidad de;Corea;2023T1;346,45
Madrid, Comunidad de;Corea;2022T4;407,47
Madrid, Comunidad de;Corea;2022T3;411,21
Madrid, Comunidad de;Corea;2022T2;594,55
Madrid, Comunidad de;Corea;2022T1;427,24
Madrid, Comunidad de;Corea;2021T4;566,66
Madrid, Comunidad de;Corea;2021T3;563,84
Madrid, Comunidad de;Corea;2021T2;721,43
Madrid, Comunidad de;Corea;2021T1;669,19
Madrid, Comunidad de;Corea;2020T4;863,43
Madrid, Comunidad de;Corea;2020T3;777,22
Madrid, Comunidad de;Corea;2020T2;.
Madrid, Comunidad de;Corea;2020T1;351,00
Madrid, Comunidad de;Corea;2019T4;432,43
Madrid, Comunidad de;Corea;2019T3;339,52
Madrid, Comunidad de;Corea;2019T2;400,12
Madrid, Comunidad de;Corea;2019T1;354,13
Madrid, Comunidad de;Corea;2018T4;423,51
Madrid, Comunidad de;Corea;2018T3;313,49
Madrid, Comunidad de;Corea;2018T2;372,00
Madrid, Comunidad de;Corea;2018T1;318,59
Madrid, Comunidad de;Emiratos Árabes Unidos;2025T2;1.108,91
Madrid, Comunidad de;Emiratos Árabes Unidos;2025T1;1.040,51
Madrid, Comunidad de;Emiratos Árabes Unidos;2024T4;975,69
Madrid, Comunidad de;Emiratos Árabes Unidos;2024T3;790,06
Madrid, Comunidad de;Emiratos Árabes Unidos;2024T2;1.053,45
Madrid, Comunidad de;Emiratos Árabes Unidos;2024T1;906,64
Madrid, Comunidad de;Emiratos Árabes Unidos;2023T4;973,03
Madrid, Comunidad de;Emiratos Árabes Unidos;2023T3;740,17
Madrid, Comunidad de;Emiratos Árabes Unidos;2023T2;950,58
Madrid, Comunidad de;Emiratos Árabes Unidos;2023T1;880,18
Madrid, Comunidad de;Emiratos Árabes Unidos;2022T4;881,41
Madrid, Comunidad de;Emiratos Árabes Unidos;2022T3;773,05
Madrid, Comunidad de;Emiratos Árabes Unidos;2022T2;914,63
Madrid, Comunidad de;Emiratos Árabes Unidos;2022T1;808,65
Madrid, Comunidad de;Emiratos Árabes Unidos;2021T4;850,28
Madrid, Comunidad de;Emiratos Árabes Unidos;2021T3;784,23
Madrid, Comunidad de;Emiratos Árabes Unidos;2021T2;957,60
Madrid, Comunidad de;Emiratos Árabes Unidos;2021T1;874,61
Madrid, Comunidad de;Emiratos Árabes Unidos;2020T4;971,25
Madrid, Comunidad de;Emiratos Árabes Unidos;2020T3;1.054,87
Madrid, Comunidad de;Emiratos Árabes Unidos;2020T2;.
Madrid, Comunidad de;Emiratos Árabes Unidos;2020T1;683,37
Madrid, Comunidad de;Emiratos Árabes Unidos;2019T4;747,09
Madrid, Comunidad de;Emiratos Árabes Unidos;2019T3;518,20
Madrid, Comunidad de;Emiratos Árabes Unidos;2019T2;616,89
Madrid, Comunidad de;Emiratos Árabes Unidos;2019T1;633,88
Madrid, Comunidad de;Emiratos Árabes Unidos;2018T4;684,61
Madrid, Comunidad de;Emiratos Árabes Unidos;2018T3;560,00
Madrid, Comunidad de;Emiratos Árabes Unidos;2018T2;613,80
Madrid, Comunidad de;Emiratos Árabes Unidos;2018T1;596,09
Madrid, Comunidad de;Japón;2025T2;539,80
Madrid, Comunidad de;Japón;2025T1;398,24
Madrid, Comunidad de;Japón;2024T4;419,79
Madrid, Comunidad de;Japón;2024T3;348,33
Madrid, Comunidad de;Japón;2024T2;457,28
Madrid, Comunidad de;Japón;2024T1;332,82
Madrid, Comunidad de;Japón;2023T4;412,88
Madrid, Comunidad de;Japón;2023T3;342,74
Madrid, Comunidad de;Japón;2023T2;400,26
Madrid, Comunidad de;Japón;2023T1;318,42
Madrid, Comunidad de;Japón;2022T4;.
Madrid, Comunidad de;Japón;2022T3;382,17
Madrid, Comunidad de;Japón;2022T2;.
Madrid, Comunidad de;Japón;2022T1;380,64
Madrid, Comunidad de;Japón;2021T4;429,86
Madrid, Comunidad de;Japón;2021T3;403,84
Madrid, Comunidad de;Japón;2021T2;489,41
Madrid, Comunidad de;Japón;2021T1;498,87
Madrid, Comunidad de;Japón;2020T4;607,60
Madrid, Comunidad de;Japón;2020T3;635,57
Madrid, Comunidad de;Japón;2020T2;.
Madrid, Comunidad de;Japón;2020T1;354,87
Madrid, Comunidad de;Japón;2019T4;424,09
Madrid, Comunidad de;Japón;2019T3;339,54
Madrid, Comunidad de;Japón;2019T2;389,25
Madrid, Comunidad de;Japón;2019T1;297,98
Madrid, Comunidad de;Japón;2018T4;384,59
Madrid, Comunidad de;Japón;2018T3;316,25
Madrid, Comunidad de;Japón;2018T2;367,29
Madrid, Comunidad de;Japón;2018T1;283,32
Madrid, Comunidad de;Turquía;2025T2;709,88
Madrid, Comunidad de;Turquía;2025T1;636,85
Madrid, Comunidad de;Turquía;2024T4;644,54
Madrid, Comunidad de;Turquía;2024T3;445,43
Madrid, Comunidad de;Turquía;2024T2;622,85
Madrid, Comunidad de;Turquía;2024T1;520,86
Madrid, Comunidad de;Turquía;2023T4;595,51
Madrid, Comunidad de;Turquía;2023T3;429,39
Madrid, Comunidad de;Turquía;2023T2;564,43
Madrid, Comunidad de;Turquía;2023T1;562,40
Madrid, Comunidad de;Turquía;2022T4;587,32
Madrid, Comunidad de;Turquía;2022T3;447,78
Madrid, Comunidad de;Turquía;2022T2;514,30
Madrid, Comunidad de;Turquía;2022T1;450,82
Madrid, Comunidad de;Turquía;2021T4;513,88
Madrid, Comunidad de;Turquía;2021T3;502,60
Madrid, Comunidad de;Turquía;2021T2;558,86
Madrid, Comunidad de;Turquía;2021T1;550,35
Madrid, Comunidad de;Turquía;2020T4;645,03
Madrid, Comunidad de;Turquía;2020T3;572,81
Madrid, Comunidad de;Turquía;2020T2;.
Madrid, Comunidad de;Turquía;2020T1;420,00
Madrid, Comunidad de;Turquía;2019T4;387,08
Madrid, Comunidad de;Turquía;2019T3;268,06
Madrid, Comunidad de;Turquía;2019T2;331,43
Madrid, Comunidad de;Turquía;2019T1;319,04
Madrid, Comunidad de;Turquía;2018T4;350,30
Madrid, Comunidad de;Turquía;2018T3;271,43
Madrid, Comunidad de;Turquía;2018T2;327,33
Madrid, Comunidad de;Turquía;2018T1;347,01
Madrid, Comunidad de;Resto del mundo;2025T2;970,21
Madrid, Comunidad de;Resto del mundo;2025T1;931,46
Madrid, Comunidad de;Resto del mundo;2024T4;903,55
Madrid, Comunidad de;Resto del mundo;2024T3;728,70
Madrid, Comunidad de;Resto del mundo;2024T2;945,61
Madrid, Comunidad de;Resto del mundo;2024T1;857,93
Madrid, Comunidad de;Resto del mundo;2023T4;891,50
Madrid, Comunidad de;Resto del mundo;2023T3;677,71
Madrid, Comunidad de;Resto del mundo;2023T2;843,02
Madrid, Comunidad de;Resto del mundo;2023T1;827,12
Madrid, Comunidad de;Resto del mundo;2022T4;837,65
Madrid, Comunidad de;Resto del mundo;2022T3;737,98
Madrid, Comunidad de;Resto del mundo;2022T2;874,68
Madrid, Comunidad de;Resto del mundo;2022T1;798,99
Madrid, Comunidad de;Resto del mundo;2021T4;811,60
Madrid, Comunidad de;Resto del mundo;2021T3;804,03
Madrid, Comunidad de;Resto del mundo;2021T2;1.004,69
Madrid, Comunidad de;Resto del mundo;2021T1;967,99
Madrid, Comunidad de;Resto del mundo;2020T4;1.205,10
Madrid, Comunidad de;Resto del mundo;2020T3;1.243,79
Madrid, Comunidad de;Resto del mundo;2020T2;.
Madrid, Comunidad de;Resto del mundo;2020T1;720,28
Madrid, Comunidad de;Resto del mundo;2019T4;734,43
Madrid, Comunidad de;Resto del mundo;2019T3;582,32
Madrid, Comunidad de;Resto del mundo;2019T2;653,38
Madrid, Comunidad de;Resto del mundo;2019T1;665,49
Madrid, Comunidad de;Resto del mundo;2018T4;670,70
Madrid, Comunidad de;Resto del mundo;2018T3;553,27
Madrid, Comunidad de;Resto del mundo;2018T2;603,57
Madrid, Comunidad de;Resto del mundo;2018T1;587,51
Murcia, Región de;Total;2025T2;803,17
Murcia, Región de;Total;2025T1;752,85
Murcia, Región de;Total;2024T4;855,69
Murcia, Región de;Total;2024T3;840,89
Murcia, Región de;Total;2024T2;863,61
Murcia, Región de;Total;2024T1;869,28
Murcia, Región de;Total;2023T4;919,89
Murcia, Región de;Total;2023T3;783,25
Murcia, Región de;Total;2023T2;769,10
Murcia, Región de;Total;2023T1;713,00
Murcia, Región de;Total;2022T4;702,39
Murcia, Región de;Total;2022T3;841,65
Murcia, Región de;Total;2022T2;700,37
Murcia, Región de;Total;2022T1;695,54
Murcia, Región de;Total;2021T4;699,56
Murcia, Región de;Total;2021T3;738,99
Murcia, Región de;Total;2021T2;816,10
Murcia, Región de;Total;2021T1;788,31
Murcia, Región de;Total;2020T4;857,26
Murcia, Región de;Total;2020T3;634,34
Murcia, Región de;Total;2020T2;.
Murcia, Región de;Total;2020T1;594,82
Murcia, Región de;Total;2019T4;574,07
Murcia, Región de;Total;2019T3;710,91
Murcia, Región de;Total;2019T2;550,12
Murcia, Región de;Total;2019T1;681,56
Murcia, Región de;Total;2018T4;600,84
Murcia, Región de;Total;2018T3;693,78
Murcia, Región de;Total;2018T2;576,51
Murcia, Región de;Total;2018T1;671,14
Murcia, Región de;Alemania;2025T2;899,24
Murcia, Región de;Alemania;2025T1;875,70
Murcia, Región de;Alemania;2024T4;990,35
Murcia, Región de;Alemania;2024T3;917,53
Murcia, Región de;Alemania;2024T2;963,63
Murcia, Región de;Alemania;2024T1;1.022,76
Murcia, Región de;Alemania;2023T4;1.094,55
Murcia, Región de;Alemania;2023T3;925,96
Murcia, Región de;Alemania;2023T2;933,79
Murcia, Región de;Alemania;2023T1;865,72
Murcia, Región de;Alemania;2022T4;890,38
Murcia, Región de;Alemania;2022T3;990,81
Murcia, Región de;Alemania;2022T2;874,50
Murcia, Región de;Alemania;2022T1;843,82
Murcia, Región de;Alemania;2021T4;830,26
Murcia, Región de;Alemania;2021T3;846,10
Murcia, Región de;Alemania;2021T2;982,31
Murcia, Región de;Alemania;2021T1;928,53
Murcia, Región de;Alemania;2020T4;1.040,50
Murcia, Región de;Alemania;2020T3;770,27
Murcia, Región de;Alemania;2020T2;.
Murcia, Región de;Alemania;2020T1;756,73
Murcia, Región de;Alemania;2019T4;737,04
Murcia, Región de;Alemania;2019T3;886,32
Murcia, Región de;Alemania;2019T2;688,36
Murcia, Región de;Alemania;2019T1;868,91
Murcia, Región de;Alemania;2018T4;728,30
Murcia, Región de;Alemania;2018T3;838,99
Murcia, Región de;Alemania;2018T2;684,80
Murcia, Región de;Alemania;2018T1;821,46
Murcia, Región de;Andorra;2025T2;876,37
Murcia, Región de;Andorra;2025T1;.
Murcia, Región de;Andorra;2024T4;1.146,31
Murcia, Región de;Andorra;2024T3;1.087,45
Murcia, Región de;Andorra;2024T2;1.096,00
Murcia, Región de;Andorra;2024T1;992,19
Murcia, Región de;Andorra;2023T4;1.102,53
Murcia, Región de;Andorra;2023T3;988,28
Murcia, Región de;Andorra;2023T2;954,52
Murcia, Región de;Andorra;2023T1;767,20
Murcia, Región de;Andorra;2022T4;659,86
Murcia, Región de;Andorra;2022T3;972,98
Murcia, Región de;Andorra;2022T2;964,87
Murcia, Región de;Andorra;2022T1;782,42
Murcia, Región de;Andorra;2021T4;685,51
Murcia, Región de;Andorra;2021T3;1.023,90
Murcia, Región de;Andorra;2021T2;775,45
Murcia, Región de;Andorra;2021T1;736,17
Murcia, Región de;Andorra;2020T4;893,27
Murcia, Región de;Andorra;2020T3;652,68
Murcia, Región de;Andorra;2020T2;.
Murcia, Región de;Andorra;2020T1;595,07
Murcia, Región de;Andorra;2019T4;613,01
Murcia, Región de;Andorra;2019T3;734,12
Murcia, Región de;Andorra;2019T2;581,19
Murcia, Región de;Andorra;2019T1;869,05
Murcia, Región de;Andorra;2018T4;616,28
Murcia, Región de;Andorra;2018T3;698,69
Murcia, Región de;Andorra;2018T2;564,35
Murcia, Región de;Andorra;2018T1;637,37
Murcia, Región de;Austria;2025T2;840,34
Murcia, Región de;Austria;2025T1;929,09
Murcia, Región de;Austria;2024T4;1.027,90
Murcia, Región de;Austria;2024T3;845,62
Murcia, Región de;Austria;2024T2;906,71
Murcia, Región de;Austria;2024T1;1.016,17
Murcia, Región de;Austria;2023T4;963,36
Murcia, Región de;Austria;2023T3;819,51
Murcia, Región de;Austria;2023T2;791,40
Murcia, Región de;Austria;2023T1;775,93
Murcia, Región de;Austria;2022T4;788,81
Murcia, Región de;Austria;2022T3;872,71
Murcia, Región de;Austria;2022T2;720,52
Murcia, Región de;Austria;2022T1;791,71
Murcia, Región de;Austria;2021T4;741,70
Murcia, Región de;Austria;2021T3;739,48
Murcia, Región de;Austria;2021T2;848,95
Murcia, Región de;Austria;2021T1;942,38
Murcia, Región de;Austria;2020T4;1.066,02
Murcia, Región de;Austria;2020T3;818,03
Murcia, Región de;Austria;2020T2;.
Murcia, Región de;Austria;2020T1;744,02
Murcia, Región de;Austria;2019T4;745,90
Murcia, Región de;Austria;2019T3;854,57
Murcia, Región de;Austria;2019T2;649,06
Murcia, Región de;Austria;2019T1;889,25
Murcia, Región de;Austria;2018T4;765,73
Murcia, Región de;Austria;2018T3;788,03
Murcia, Región de;Austria;2018T2;689,33
Murcia, Región de;Austria;2018T1;827,57
Murcia, Región de;Bélgica;2025T2;979,29
Murcia, Región de;Bélgica;2025T1;896,18
Murcia, Región de;Bélgica;2024T4;1.017,49
Murcia, Región de;Bélgica;2024T3;954,45
Murcia, Región de;Bélgica;2024T2;1.039,08
Murcia, Región de;Bélgica;2024T1;1.007,29
Murcia, Región de;Bélgica;2023T4;1.107,11
Murcia, Región de;Bélgica;2023T3;874,37
Murcia, Región de;Bélgica;2023T2;933,01
Murcia, Región de;Bélgica;2023T1;832,77
Murcia, Región de;Bélgica;2022T4;818,26
Murcia, Región de;Bélgica;2022T3;923,72
Murcia, Región de;Bélgica;2022T2;819,21
Murcia, Región de;Bélgica;2022T1;781,80
Murcia, Región de;Bélgica;2021T4;750,81
Murcia, Región de;Bélgica;2021T3;744,76
Murcia, Región de;Bélgica;2021T2;942,49
Murcia, Región de;Bélgica;2021T1;886,47
Murcia, Región de;Bélgica;2020T4;953,82
Murcia, Región de;Bélgica;2020T3;651,69
Murcia, Región de;Bélgica;2020T2;.
Murcia, Región de;Bélgica;2020T1;651,96
Murcia, Región de;Bélgica;2019T4;637,54
Murcia, Región de;Bélgica;2019T3;722,31
Murcia, Región de;Bélgica;2019T2;595,67
Murcia, Región de;Bélgica;2019T1;719,31
Murcia, Región de;Bélgica;2018T4;629,75
Murcia, Región de;Bélgica;2018T3;674,45
Murcia, Región de;Bélgica;2018T2;590,45
Murcia, Región de;Bélgica;2018T1;714,53
Murcia, Región de;Dinamarca;2025T2;770,91
Murcia, Región de;Dinamarca;2025T1;682,75
Murcia, Región de;Dinamarca;2024T4;840,95
Murcia, Región de;Dinamarca;2024T3;789,38
Murcia, Región de;Dinamarca;2024T2;853,82
Murcia, Región de;Dinamarca;2024T1;788,84
Murcia, Región de;Dinamarca;2023T4;892,52
Murcia, Región de;Dinamarca;2023T3;723,50
Murcia, Región de;Dinamarca;2023T2;719,26
Murcia, Región de;Dinamarca;2023T1;647,41
Murcia, Región de;Dinamarca;2022T4;681,63
Murcia, Región de;Dinamarca;2022T3;767,50
Murcia, Región de;Dinamarca;2022T2;650,88
Murcia, Región de;Dinamarca;2022T1;651,89
Murcia, Región de;Dinamarca;2021T4;653,32
Murcia, Región de;Dinamarca;2021T3;630,29
Murcia, Región de;Dinamarca;2021T2;802,15
Murcia, Región de;Dinamarca;2021T1;870,56
Murcia, Región de;Dinamarca;2020T4;830,02
Murcia, Región de;Dinamarca;2020T3;570,79
Murcia, Región de;Dinamarca;2020T2;.
Murcia, Región de;Dinamarca;2020T1;489,11
Murcia, Región de;Dinamarca;2019T4;510,01
Murcia, Región de;Dinamarca;2019T3;582,39
Murcia, Región de;Dinamarca;2019T2;499,18
Murcia, Región de;Dinamarca;2019T1;547,96
Murcia, Región de;Dinamarca;2018T4;503,38
Murcia, Región de;Dinamarca;2018T3;551,25
Murcia, Región de;Dinamarca;2018T2;416,59
Murcia, Región de;Dinamarca;2018T1;495,73
Murcia, Región de;Finlandia;2025T2;558,92
Murcia, Región de;Finlandia;2025T1;545,72
Murcia, Región de;Finlandia;2024T4;679,63
Murcia, Región de;Finlandia;2024T3;595,31
Murcia, Región de;Finlandia;2024T2;583,98
Murcia, Región de;Finlandia;2024T1;617,19
Murcia, Región de;Finlandia;2023T4;701,03
Murcia, Región de;Finlandia;2023T3;607,34
Murcia, Región de;Finlandia;2023T2;534,57
Murcia, Región de;Finlandia;2023T1;512,85
Murcia, Región de;Finlandia;2022T4;497,88
Murcia, Región de;Finlandia;2022T3;599,61
Murcia, Región de;Finlandia;2022T2;476,16
Murcia, Región de;Finlandia;2022T1;477,01
Murcia, Región de;Finlandia;2021T4;507,31
Murcia, Región de;Finlandia;2021T3;559,60
Murcia, Región de;Finlandia;2021T2;632,69
Murcia, Región de;Finlandia;2021T1;581,99
Murcia, Región de;Finlandia;2020T4;644,78
Murcia, Región de;Finlandia;2020T3;506,96
Murcia, Región de;Finlandia;2020T2;.
Murcia, Región de;Finlandia;2020T1;391,11
Murcia, Región de;Finlandia;2019T4;385,16
Murcia, Región de;Finlandia;2019T3;516,13
Murcia, Región de;Finlandia;2019T2;372,76
Murcia, Región de;Finlandia;2019T1;437,90
Murcia, Región de;Finlandia;2018T4;396,42
Murcia, Región de;Finlandia;2018T3;469,24
Murcia, Región de;Finlandia;2018T2;391,64
Murcia, Región de;Finlandia;2018T1;453,83
Murcia, Región de;Francia;2025T2;780,87
Murcia, Región de;Francia;2025T1;749,27
Murcia, Región de;Francia;2024T4;845,94
Murcia, Región de;Francia;2024T3;888,68
Murcia, Región de;Francia;2024T2;824,64
Murcia, Región de;Francia;2024T1;855,66
Murcia, Región de;Francia;2023T4;921,56
Murcia, Región de;Francia;2023T3;793,69
Murcia, Región de;Francia;2023T2;703,99
Murcia, Región de;Francia;2023T1;665,59
Murcia, Región de;Francia;2022T4;679,34
Murcia, Región de;Francia;2022T3;832,08
Murcia, Región de;Francia;2022T2;626,55
Murcia, Región de;Francia;2022T1;620,66
Murcia, Región de;Francia;2021T4;637,10
Murcia, Región de;Francia;2021T3;655,41
Murcia, Región de;Francia;2021T2;674,95
Murcia, Región de;Francia;2021T1;698,76
Murcia, Región de;Francia;2020T4;732,31
Murcia, Región de;Francia;2020T3;548,96
Murcia, Región de;Francia;2020T2;.
Murcia, Región de;Francia;2020T1;503,96
Murcia, Región de;Francia;2019T4;484,62
Murcia, Región de;Francia;2019T3;613,73
Murcia, Región de;Francia;2019T2;438,85
Murcia, Región de;Francia;2019T1;548,04
Murcia, Región de;Francia;2018T4;484,83
Murcia, Región de;Francia;2018T3;567,74
Murcia, Región de;Francia;2018T2;432,31
Murcia, Región de;Francia;2018T1;493,76
Murcia, Región de;Irlanda;2025T2;747,15
Murcia, Región de;Irlanda;2025T1;685,57
Murcia, Región de;Irlanda;2024T4;787,00
Murcia, Región de;Irlanda;2024T3;750,49
Murcia, Región de;Irlanda;2024T2;808,59
Murcia, Región de;Irlanda;2024T1;812,53
Murcia, Región de;Irlanda;2023T4;834,61
Murcia, Región de;Irlanda;2023T3;697,73
Murcia, Región de;Irlanda;2023T2;711,36
Murcia, Región de;Irlanda;2023T1;648,87
Murcia, Región de;Irlanda;2022T4;629,92
Murcia, Región de;Irlanda;2022T3;714,40
Murcia, Región de;Irlanda;2022T2;614,41
Murcia, Región de;Irlanda;2022T1;598,49
Murcia, Región de;Irlanda;2021T4;614,44
Murcia, Región de;Irlanda;2021T3;645,94
Murcia, Región de;Irlanda;2021T2;660,55
Murcia, Región de;Irlanda;2021T1;675,31
Murcia, Región de;Irlanda;2020T4;740,53
Murcia, Región de;Irlanda;2020T3;578,13
Murcia, Región de;Irlanda;2020T2;.
Murcia, Región de;Irlanda;2020T1;577,39
Murcia, Región de;Irlanda;2019T4;551,83
Murcia, Región de;Irlanda;2019T3;736,48
Murcia, Región de;Irlanda;2019T2;574,48
Murcia, Región de;Irlanda;2019T1;684,00
Murcia, Región de;Irlanda;2018T4;649,64
Murcia, Región de;Irlanda;2018T3;753,33
Murcia, Región de;Irlanda;2018T2;641,94
Murcia, Región de;Irlanda;2018T1;771,76
Murcia, Región de;Italia;2025T2;448,84
Murcia, Región de;Italia;2025T1;395,75
Murcia, Región de;Italia;2024T4;460,98
Murcia, Región de;Italia;2024T3;591,46
Murcia, Región de;Italia;2024T2;454,87
Murcia, Región de;Italia;2024T1;446,40
Murcia, Región de;Italia;2023T4;464,07
Murcia, Región de;Italia;2023T3;560,99
Murcia, Región de;Italia;2023T2;404,37
Murcia, Región de;Italia;2023T1;348,83
Murcia, Región de;Italia;2022T4;335,28
Murcia, Región de;Italia;2022T3;576,26
Murcia, Región de;Italia;2022T2;336,77
Murcia, Región de;Italia;2022T1;308,55
Murcia, Región de;Italia;2021T4;341,45
Murcia, Región de;Italia;2021T3;481,40
Murcia, Región de;Italia;2021T2;414,62
Murcia, Región de;Italia;2021T1;421,32
Murcia, Región de;Italia;2020T4;471,17
Murcia, Región de;Italia;2020T3;489,73
Murcia, Región de;Italia;2020T2;.
Murcia, Región de;Italia;2020T1;356,06
Murcia, Región de;Italia;2019T4;368,28
Murcia, Región de;Italia;2019T3;569,28
Murcia, Región de;Italia;2019T2;361,60
Murcia, Región de;Italia;2019T1;450,07
Murcia, Región de;Italia;2018T4;414,06
Murcia, Región de;Italia;2018T3;554,04
Murcia, Región de;Italia;2018T2;394,72
Murcia, Región de;Italia;2018T1;440,03
Murcia, Región de;Noruega;2025T2;830,24
Murcia, Región de;Noruega;2025T1;782,47
Murcia, Región de;Noruega;2024T4;888,32
Murcia, Región de;Noruega;2024T3;790,90
Murcia, Región de;Noruega;2024T2;908,65
Murcia, Región de;Noruega;2024T1;881,57
Murcia, Región de;Noruega;2023T4;940,67
Murcia, Región de;Noruega;2023T3;731,55
Murcia, Región de;Noruega;2023T2;809,36
Murcia, Región de;Noruega;2023T1;741,35
Murcia, Región de;Noruega;2022T4;719,41
Murcia, Región de;Noruega;2022T3;786,25
Murcia, Región de;Noruega;2022T2;775,16
Murcia, Región de;Noruega;2022T1;758,03
Murcia, Región de;Noruega;2021T4;804,60
Murcia, Región de;Noruega;2021T3;910,53
Murcia, Región de;Noruega;2021T2;1.003,08
Murcia, Región de;Noruega;2021T1;860,64
Murcia, Región de;Noruega;2020T4;882,76
Murcia, Región de;Noruega;2020T3;749,41
Murcia, Región de;Noruega;2020T2;.
Murcia, Región de;Noruega;2020T1;578,18
Murcia, Región de;Noruega;2019T4;553,45
Murcia, Región de;Noruega;2019T3;660,28
Murcia, Región de;Noruega;2019T2;534,54
Murcia, Región de;Noruega;2019T1;633,54
Murcia, Región de;Noruega;2018T4;573,32
Murcia, Región de;Noruega;2018T3;618,05
Murcia, Región de;Noruega;2018T2;548,48
Murcia, Región de;Noruega;2018T1;650,79
Murcia, Región de;Países Bajos;2025T2;837,94
Murcia, Región de;Países Bajos;2025T1;730,32
Murcia, Región de;Países Bajos;2024T4;873,11
Murcia, Región de;Países Bajos;2024T3;821,50
Murcia, Región de;Países Bajos;2024T2;869,62
Murcia, Región de;Países Bajos;2024T1;836,21
Murcia, Región de;Países Bajos;2023T4;928,90
Murcia, Región de;Países Bajos;2023T3;758,34
Murcia, Región de;Países Bajos;2023T2;771,75
Murcia, Región de;Países Bajos;2023T1;672,13
Murcia, Región de;Países Bajos;2022T4;701,62
Murcia, Región de;Países Bajos;2022T3;788,92
Murcia, Región de;Países Bajos;2022T2;658,28
Murcia, Región de;Países Bajos;2022T1;649,30
Murcia, Región de;Países Bajos;2021T4;659,94
Murcia, Región de;Países Bajos;2021T3;633,28
Murcia, Región de;Países Bajos;2021T2;815,01
Murcia, Región de;Países Bajos;2021T1;768,92
Murcia, Región de;Países Bajos;2020T4;816,90
Murcia, Región de;Países Bajos;2020T3;566,65
Murcia, Región de;Países Bajos;2020T2;.
Murcia, Región de;Países Bajos;2020T1;537,38
Murcia, Región de;Países Bajos;2019T4;549,74
Murcia, Región de;Países Bajos;2019T3;642,44
Murcia, Región de;Países Bajos;2019T2;505,78
Murcia, Región de;Países Bajos;2019T1;594,70
Murcia, Región de;Países Bajos;2018T4;551,75
Murcia, Región de;Países Bajos;2018T3;603,76
Murcia, Región de;Países Bajos;2018T2;501,32
Murcia, Región de;Países Bajos;2018T1;577,87
Murcia, Región de;Polonia;2025T2;601,71
Murcia, Región de;Polonia;2025T1;538,20
Murcia, Región de;Polonia;2024T4;621,15
Murcia, Región de;Polonia;2024T3;596,20
Murcia, Región de;Polonia;2024T2;641,79
Murcia, Región de;Polonia;2024T1;570,57
Murcia, Región de;Polonia;2023T4;567,63
Murcia, Región de;Polonia;2023T3;516,60
Murcia, Región de;Polonia;2023T2;522,34
Murcia, Región de;Polonia;2023T1;471,90
Murcia, Región de;Polonia;2022T4;432,94
Murcia, Región de;Polonia;2022T3;585,85
Murcia, Región de;Polonia;2022T2;439,56
Murcia, Región de;Polonia;2022T1;409,55
Murcia, Región de;Polonia;2021T4;370,32
Murcia, Región de;Polonia;2021T3;433,23
Murcia, Región de;Polonia;2021T2;562,23
Murcia, Región de;Polonia;2021T1;541,19
Murcia, Región de;Polonia;2020T4;625,19
Murcia, Región de;Polonia;2020T3;558,15
Murcia, Región de;Polonia;2020T2;.
Murcia, Región de;Polonia;2020T1;335,77
Murcia, Región de;Polonia;2019T4;314,02
Murcia, Región de;Polonia;2019T3;445,62
Murcia, Región de;Polonia;2019T2;376,91
Murcia, Región de;Polonia;2019T1;408,65
Murcia, Región de;Polonia;2018T4;405,61
Murcia, Región de;Polonia;2018T3;438,03
Murcia, Región de;Polonia;2018T2;348,37
Murcia, Región de;Polonia;2018T1;438,27
Murcia, Región de;Portugal;2025T2;629,36
Murcia, Región de;Portugal;2025T1;545,08
Murcia, Región de;Portugal;2024T4;568,29
Murcia, Región de;Portugal;2024T3;783,12
Murcia, Región de;Portugal;2024T2;566,76
Murcia, Región de;Portugal;2024T1;483,00
Murcia, Región de;Portugal;2023T4;489,31
Murcia, Región de;Portugal;2023T3;693,98
Murcia, Región de;Portugal;2023T2;491,43
Murcia, Región de;Portugal;2023T1;429,66
Murcia, Región de;Portugal;2022T4;397,03
Murcia, Región de;Portugal;2022T3;668,11
Murcia, Región de;Portugal;2022T2;398,32
Murcia, Región de;Portugal;2022T1;340,24
Murcia, Región de;Portugal;2021T4;366,91
Murcia, Región de;Portugal;2021T3;473,17
Murcia, Región de;Portugal;2021T2;398,50
Murcia, Región de;Portugal;2021T1;341,63
Murcia, Región de;Portugal;2020T4;381,55
Murcia, Región de;Portugal;2020T3;356,84
Murcia, Región de;Portugal;2020T2;.
Murcia, Región de;Portugal;2020T1;338,22
Murcia, Región de;Portugal;2019T4;325,50
Murcia, Región de;Portugal;2019T3;615,39
Murcia, Región de;Portugal;2019T2;386,01
Murcia, Región de;Portugal;2019T1;448,43
Murcia, Región de;Portugal;2018T4;440,57
Murcia, Región de;Portugal;2018T3;617,20
Murcia, Región de;Portugal;2018T2;466,31
Murcia, Región de;Portugal;2018T1;503,26
Murcia, Región de;Reino Unido;2025T2;826,42
Murcia, Región de;Reino Unido;2025T1;791,56
Murcia, Región de;Reino Unido;2024T4;873,61
Murcia, Región de;Reino Unido;2024T3;833,23
Murcia, Región de;Reino Unido;2024T2;904,16
Murcia, Región de;Reino Unido;2024T1;931,56
Murcia, Región de;Reino Unido;2023T4;975,97
Murcia, Región de;Reino Unido;2023T3;786,40
Murcia, Región de;Reino Unido;2023T2;808,07
Murcia, Región de;Reino Unido;2023T1;769,60
Murcia, Región de;Reino Unido;2022T4;731,28
Murcia, Región de;Reino Unido;2022T3;864,26
Murcia, Región de;Reino Unido;2022T2;761,56
Murcia, Región de;Reino Unido;2022T1;779,78
Murcia, Región de;Reino Unido;2021T4;766,46
Murcia, Región de;Reino Unido;2021T3;811,08
Murcia, Región de;Reino Unido;2021T2;952,92
Murcia, Región de;Reino Unido;2021T1;860,20
Murcia, Región de;Reino Unido;2020T4;923,60
Murcia, Región de;Reino Unido;2020T3;665,50
Murcia, Región de;Reino Unido;2020T2;.
Murcia, Región de;Reino Unido;2020T1;662,18
Murcia, Región de;Reino Unido;2019T4;627,25
Murcia, Región de;Reino Unido;2019T3;765,60
Murcia, Región de;Reino Unido;2019T2;605,27
Murcia, Región de;Reino Unido;2019T1;767,13
Murcia, Región de;Reino Unido;2018T4;671,65
Murcia, Región de;Reino Unido;2018T3;775,54
Murcia, Región de;Reino Unido;2018T2;656,23
Murcia, Región de;Reino Unido;2018T1;779,38
Murcia, Región de;Rumanía;2025T2;569,51
Murcia, Región de;Rumanía;2025T1;575,59
Murcia, Región de;Rumanía;2024T4;710,70
Murcia, Región de;Rumanía;2024T3;640,38
Murcia, Región de;Rumanía;2024T2;658,08
Murcia, Región de;Rumanía;2024T1;725,05
Murcia, Región de;Rumanía;2023T4;839,88
Murcia, Región de;Rumanía;2023T3;628,95
Murcia, Región de;Rumanía;2023T2;576,91
Murcia, Región de;Rumanía;2023T1;627,69
Murcia, Región de;Rumanía;2022T4;709,67
Murcia, Región de;Rumanía;2022T3;775,77
Murcia, Región de;Rumanía;2022T2;604,97
Murcia, Región de;Rumanía;2022T1;705,85
Murcia, Región de;Rumanía;2021T4;620,11
Murcia, Región de;Rumanía;2021T3;587,05
Murcia, Región de;Rumanía;2021T2;731,21
Murcia, Región de;Rumanía;2021T1;785,19
Murcia, Región de;Rumanía;2020T4;803,46
Murcia, Región de;Rumanía;2020T3;588,30
Murcia, Región de;Rumanía;2020T2;.
Murcia, Región de;Rumanía;2020T1;589,59
Murcia, Región de;Rumanía;2019T4;602,62
Murcia, Región de;Rumanía;2019T3;665,96
Murcia, Región de;Rumanía;2019T2;608,22
Murcia, Región de;Rumanía;2019T1;700,34
Murcia, Región de;Rumanía;2018T4;524,88
Murcia, Región de;Rumanía;2018T3;719,85
Murcia, Región de;Rumanía;2018T2;669,44
Murcia, Región de;Rumanía;2018T1;606,72
Murcia, Región de;Rusia;2025T2;.
Murcia, Región de;Rusia;2025T1;.
Murcia, Región de;Rusia;2024T4;.
Murcia, Región de;Rusia;2024T3;.
Murcia, Región de;Rusia;2024T2;.
Murcia, Región de;Rusia;2024T1;.
Murcia, Región de;Rusia;2023T4;.
Murcia, Región de;Rusia;2023T3;.
Murcia, Región de;Rusia;2023T2;.
Murcia, Región de;Rusia;2023T1;.
Murcia, Región de;Rusia;2022T4;.
Murcia, Región de;Rusia;2022T3;.
Murcia, Región de;Rusia;2022T2;.
Murcia, Región de;Rusia;2022T1;1.181,08
Murcia, Región de;Rusia;2021T4;738,09
Murcia, Región de;Rusia;2021T3;766,41
Murcia, Región de;Rusia;2021T2;748,04
Murcia, Región de;Rusia;2021T1;832,94
Murcia, Región de;Rusia;2020T4;912,24
Murcia, Región de;Rusia;2020T3;583,29
Murcia, Región de;Rusia;2020T2;.
Murcia, Región de;Rusia;2020T1;562,59
Murcia, Región de;Rusia;2019T4;518,00
Murcia, Región de;Rusia;2019T3;615,22
Murcia, Región de;Rusia;2019T2;423,95
Murcia, Región de;Rusia;2019T1;569,85
Murcia, Región de;Rusia;2018T4;493,79
Murcia, Región de;Rusia;2018T3;571,13
Murcia, Región de;Rusia;2018T2;535,21
Murcia, Región de;Rusia;2018T1;680,31
Murcia, Región de;Suecia;2025T2;825,23
Murcia, Región de;Suecia;2025T1;727,31
Murcia, Región de;Suecia;2024T4;814,13
Murcia, Región de;Suecia;2024T3;769,13
Murcia, Región de;Suecia;2024T2;837,34
Murcia, Región de;Suecia;2024T1;821,63
Murcia, Región de;Suecia;2023T4;871,87
Murcia, Región de;Suecia;2023T3;716,86
Murcia, Región de;Suecia;2023T2;768,68
Murcia, Región de;Suecia;2023T1;692,72
Murcia, Región de;Suecia;2022T4;682,00
Murcia, Región de;Suecia;2022T3;823,42
Murcia, Región de;Suecia;2022T2;765,09
Murcia, Región de;Suecia;2022T1;697,57
Murcia, Región de;Suecia;2021T4;687,42
Murcia, Región de;Suecia;2021T3;784,29
Murcia, Región de;Suecia;2021T2;906,90
Murcia, Región de;Suecia;2021T1;753,23
Murcia, Región de;Suecia;2020T4;823,49
Murcia, Región de;Suecia;2020T3;657,66
Murcia, Región de;Suecia;2020T2;.
Murcia, Región de;Suecia;2020T1;510,12
Murcia, Región de;Suecia;2019T4;480,55
Murcia, Región de;Suecia;2019T3;631,17
Murcia, Región de;Suecia;2019T2;470,62
Murcia, Región de;Suecia;2019T1;557,40
Murcia, Región de;Suecia;2018T4;486,72
Murcia, Región de;Suecia;2018T3;618,17
Murcia, Región de;Suecia;2018T2;508,04
Murcia, Región de;Suecia;2018T1;572,91
Murcia, Región de;Suiza;2025T2;1.129,39
Murcia, Región de;Suiza;2025T1;1.118,71
Murcia, Región de;Suiza;2024T4;1.239,66
Murcia, Región de;Suiza;2024T3;1.195,27
Murcia, Región de;Suiza;2024T2;1.260,76
Murcia, Región de;Suiza;2024T1;1.348,33
Murcia, Región de;Suiza;2023T4;1.386,00
Murcia, Región de;Suiza;2023T3;1.156,28
Murcia, Región de;Suiza;2023T2;1.218,78
Murcia, Región de;Suiza;2023T1;1.073,34
Murcia, Región de;Suiza;2022T4;1.139,19
Murcia, Región de;Suiza;2022T3;1.250,44
Murcia, Región de;Suiza;2022T2;1.074,67
Murcia, Región de;Suiza;2022T1;1.144,68
Murcia, Región de;Suiza;2021T4;1.193,45
Murcia, Región de;Suiza;2021T3;1.099,23
Murcia, Región de;Suiza;2021T2;1.321,22
Murcia, Región de;Suiza;2021T1;1.388,38
Murcia, Región de;Suiza;2020T4;1.706,52
Murcia, Región de;Suiza;2020T3;1.053,07
Murcia, Región de;Suiza;2020T2;.
Murcia, Región de;Suiza;2020T1;1.029,95
Murcia, Región de;Suiza;2019T4;1.017,65
Murcia, Región de;Suiza;2019T3;1.196,00
Murcia, Región de;Suiza;2019T2;1.011,33
Murcia, Región de;Suiza;2019T1;1.339,12
Murcia, Región de;Suiza;2018T4;1.058,70
Murcia, Región de;Suiza;2018T3;1.119,89
Murcia, Región de;Suiza;2018T2;919,69
Murcia, Región de;Suiza;2018T1;1.128,51
Murcia, Región de;Otros Países Europeos;2025T2;712,13
Murcia, Región de;Otros Países Europeos;2025T1;655,00
Murcia, Región de;Otros Países Europeos;2024T4;743,14
Murcia, Región de;Otros Países Europeos;2024T3;721,95
Murcia, Región de;Otros Países Europeos;2024T2;741,40
Murcia, Región de;Otros Países Europeos;2024T1;733,44
Murcia, Región de;Otros Países Europeos;2023T4;806,63
Murcia, Región de;Otros Países Europeos;2023T3;689,39
Murcia, Región de;Otros Países Europeos;2023T2;639,45
Murcia, Región de;Otros Países Europeos;2023T1;617,16
Murcia, Región de;Otros Países Europeos;2022T4;636,34
Murcia, Región de;Otros Países Europeos;2022T3;723,25
Murcia, Región de;Otros Países Europeos;2022T2;596,93
Murcia, Región de;Otros Países Europeos;2022T1;590,61
Murcia, Región de;Otros Países Europeos;2021T4;627,08
Murcia, Región de;Otros Países Europeos;2021T3;648,28
Murcia, Región de;Otros Países Europeos;2021T2;658,59
Murcia, Región de;Otros Países Europeos;2021T1;646,60
Murcia, Región de;Otros Países Europeos;2020T4;714,38
Murcia, Región de;Otros Países Europeos;2020T3;519,62
Murcia, Región de;Otros Países Europeos;2020T2;.
Murcia, Región de;Otros Países Europeos;2020T1;479,96
Murcia, Región de;Otros Países Europeos;2019T4;491,81
Murcia, Región de;Otros Países Europeos;2019T3;571,61
Murcia, Región de;Otros Países Europeos;2019T2;456,03
Murcia, Región de;Otros Países Europeos;2019T1;550,16
Murcia, Región de;Otros Países Europeos;2018T4;520,15
Murcia, Región de;Otros Países Europeos;2018T3;577,79
Murcia, Región de;Otros Países Europeos;2018T2;479,06
Murcia, Región de;Otros Países Europeos;2018T1;541,15
Murcia, Región de;Argentina;2025T2;791,19
Murcia, Región de;Argentina;2025T1;663,67
Murcia, Región de;Argentina;2024T4;755,45
Murcia, Región de;Argentina;2024T3;802,39
Murcia, Región de;Argentina;2024T2;758,82
Murcia, Región de;Argentina;2024T1;628,14
Murcia, Región de;Argentina;2023T4;594,40
Murcia, Región de;Argentina;2023T3;566,52
Murcia, Región de;Argentina;2023T2;493,24
Murcia, Región de;Argentina;2023T1;399,20
Murcia, Región de;Argentina;2022T4;394,62
Murcia, Región de;Argentina;2022T3;558,03
Murcia, Región de;Argentina;2022T2;444,73
Murcia, Región de;Argentina;2022T1;437,84
Murcia, Región de;Argentina;2021T4;555,72
Murcia, Región de;Argentina;2021T3;394,34
Murcia, Región de;Argentina;2021T2;427,18
Murcia, Región de;Argentina;2021T1;425,64
Murcia, Región de;Argentina;2020T4;590,91
Murcia, Región de;Argentina;2020T3;344,18
Murcia, Región de;Argentina;2020T2;.
Murcia, Región de;Argentina;2020T1;293,42
Murcia, Región de;Argentina;2019T4;310,75
Murcia, Región de;Argentina;2019T3;491,56
Murcia, Región de;Argentina;2019T2;350,35
Murcia, Región de;Argentina;2019T1;449,72
Murcia, Región de;Argentina;2018T4;356,46
Murcia, Región de;Argentina;2018T3;459,96
Murcia, Región de;Argentina;2018T2;421,36
Murcia, Región de;Argentina;2018T1;422,67
Murcia, Región de;Brasil;2025T2;484,20
Murcia, Región de;Brasil;2025T1;447,35
Murcia, Región de;Brasil;2024T4;511,29
Murcia, Región de;Brasil;2024T3;580,23
Murcia, Región de;Brasil;2024T2;525,82
Murcia, Región de;Brasil;2024T1;606,49
Murcia, Región de;Brasil;2023T4;566,74
Murcia, Región de;Brasil;2023T3;544,09
Murcia, Región de;Brasil;2023T2;559,06
Murcia, Región de;Brasil;2023T1;532,90
Murcia, Región de;Brasil;2022T4;582,13
Murcia, Región de;Brasil;2022T3;711,61
Murcia, Región de;Brasil;2022T2;644,63
Murcia, Región de;Brasil;2022T1;651,06
Murcia, Región de;Brasil;2021T4;619,17
Murcia, Región de;Brasil;2021T3;724,92
Murcia, Región de;Brasil;2021T2;990,87
Murcia, Región de;Brasil;2021T1;1.324,17
Murcia, Región de;Brasil;2020T4;934,55
Murcia, Región de;Brasil;2020T3;778,85
Murcia, Región de;Brasil;2020T2;.
Murcia, Región de;Brasil;2020T1;593,93
Murcia, Región de;Brasil;2019T4;630,44
Murcia, Región de;Brasil;2019T3;725,26
Murcia, Región de;Brasil;2019T2;480,71
Murcia, Región de;Brasil;2019T1;560,74
Murcia, Región de;Brasil;2018T4;455,46
Murcia, Región de;Brasil;2018T3;720,52
Murcia, Región de;Brasil;2018T2;558,04
Murcia, Región de;Brasil;2018T1;688,77
Murcia, Región de;Canadá;2025T2;694,32
Murcia, Región de;Canadá;2025T1;662,67
Murcia, Región de;Canadá;2024T4;729,35
Murcia, Región de;Canadá;2024T3;767,99
Murcia, Región de;Canadá;2024T2;755,64
Murcia, Región de;Canadá;2024T1;778,61
Murcia, Región de;Canadá;2023T4;831,07
Murcia, Región de;Canadá;2023T3;711,32
Murcia, Región de;Canadá;2023T2;727,05
Murcia, Región de;Canadá;2023T1;868,59
Murcia, Región de;Canadá;2022T4;672,93
Murcia, Región de;Canadá;2022T3;837,29
Murcia, Región de;Canadá;2022T2;721,07
Murcia, Región de;Canadá;2022T1;764,86
Murcia, Región de;Canadá;2021T4;738,57
Murcia, Región de;Canadá;2021T3;784,48
Murcia, Región de;Canadá;2021T2;1.048,42
Murcia, Región de;Canadá;2021T1;976,31
Murcia, Región de;Canadá;2020T4;935,10
Murcia, Región de;Canadá;2020T3;668,67
Murcia, Región de;Canadá;2020T2;.
Murcia, Región de;Canadá;2020T1;576,72
Murcia, Región de;Canadá;2019T4;490,49
Murcia, Región de;Canadá;2019T3;657,18
Murcia, Región de;Canadá;2019T2;428,59
Murcia, Región de;Canadá;2019T1;674,30
Murcia, Región de;Canadá;2018T4;564,97
Murcia, Región de;Canadá;2018T3;668,06
Murcia, Región de;Canadá;2018T2;536,83
Murcia, Región de;Canadá;2018T1;584,15
Murcia, Región de;Chile;2025T2;655,71
Murcia, Región de;Chile;2025T1;747,43
Murcia, Región de;Chile;2024T4;1.078,59
Murcia, Región de;Chile;2024T3;645,06
Murcia, Región de;Chile;2024T2;713,23
Murcia, Región de;Chile;2024T1;636,58
Murcia, Región de;Chile;2023T4;700,06
Murcia, Región de;Chile;2023T3;625,60
Murcia, Región de;Chile;2023T2;592,64
Murcia, Región de;Chile;2023T1;514,59
Murcia, Región de;Chile;2022T4;522,78
Murcia, Región de;Chile;2022T3;698,41
Murcia, Región de;Chile;2022T2;570,44
Murcia, Región de;Chile;2022T1;558,87
Murcia, Región de;Chile;2021T4;640,39
Murcia, Región de;Chile;2021T3;825,51
Murcia, Región de;Chile;2021T2;1.105,31
Murcia, Región de;Chile;2021T1;848,91
Murcia, Región de;Chile;2020T4;819,80
Murcia, Región de;Chile;2020T3;535,41
Murcia, Región de;Chile;2020T2;.
Murcia, Región de;Chile;2020T1;526,47
Murcia, Región de;Chile;2019T4;606,27
Murcia, Región de;Chile;2019T3;800,72
Murcia, Región de;Chile;2019T2;580,09
Murcia, Región de;Chile;2019T1;667,62
Murcia, Región de;Chile;2018T4;618,90
Murcia, Región de;Chile;2018T3;785,24
Murcia, Región de;Chile;2018T2;530,72
Murcia, Región de;Chile;2018T1;629,16
Murcia, Región de;Colombia;2025T2;737,12
Murcia, Región de;Colombia;2025T1;644,43
Murcia, Región de;Colombia;2024T4;858,19
Murcia, Región de;Colombia;2024T3;828,58
Murcia, Región de;Colombia;2024T2;812,13
Murcia, Región de;Colombia;2024T1;844,13
Murcia, Región de;Colombia;2023T4;967,98
Murcia, Región de;Colombia;2023T3;736,39
Murcia, Región de;Colombia;2023T2;728,46
Murcia, Región de;Colombia;2023T1;603,36
Murcia, Región de;Colombia;2022T4;704,65
Murcia, Región de;Colombia;2022T3;853,16
Murcia, Región de;Colombia;2022T2;672,07
Murcia, Región de;Colombia;2022T1;645,66
Murcia, Región de;Colombia;2021T4;737,69
Murcia, Región de;Colombia;2021T3;891,25
Murcia, Región de;Colombia;2021T2;961,87
Murcia, Región de;Colombia;2021T1;1.081,64
Murcia, Región de;Colombia;2020T4;1.010,42
Murcia, Región de;Colombia;2020T3;710,00
Murcia, Región de;Colombia;2020T2;.
Murcia, Región de;Colombia;2020T1;711,38
Murcia, Región de;Colombia;2019T4;726,42
Murcia, Región de;Colombia;2019T3;916,33
Murcia, Región de;Colombia;2019T2;628,05
Murcia, Región de;Colombia;2019T1;766,90
Murcia, Región de;Colombia;2018T4;912,47
Murcia, Región de;Colombia;2018T3;931,90
Murcia, Región de;Colombia;2018T2;761,11
Murcia, Región de;Colombia;2018T1;773,71
Murcia, Región de;Estados Unidos de América;2025T2;806,53
Murcia, Región de;Estados Unidos de América;2025T1;784,46
Murcia, Región de;Estados Unidos de América;2024T4;883,44
Murcia, Región de;Estados Unidos de América;2024T3;969,44
Murcia, Región de;Estados Unidos de América;2024T2;946,56
Murcia, Región de;Estados Unidos de América;2024T1;1.003,33
Murcia, Región de;Estados Unidos de América;2023T4;931,86
Murcia, Región de;Estados Unidos de América;2023T3;888,51
Murcia, Región de;Estados Unidos de América;2023T2;813,50
Murcia, Región de;Estados Unidos de América;2023T1;759,46
Murcia, Región de;Estados Unidos de América;2022T4;689,89
Murcia, Región de;Estados Unidos de América;2022T3;944,25
Murcia, Región de;Estados Unidos de América;2022T2;672,11
Murcia, Región de;Estados Unidos de América;2022T1;743,06
Murcia, Región de;Estados Unidos de América;2021T4;750,74
Murcia, Región de;Estados Unidos de América;2021T3;890,77
Murcia, Región de;Estados Unidos de América;2021T2;996,39
Murcia, Región de;Estados Unidos de América;2021T1;1.019,85
Murcia, Región de;Estados Unidos de América;2020T4;1.067,23
Murcia, Región de;Estados Unidos de América;2020T3;846,16
Murcia, Región de;Estados Unidos de América;2020T2;.
Murcia, Región de;Estados Unidos de América;2020T1;670,09
Murcia, Región de;Estados Unidos de América;2019T4;563,26
Murcia, Región de;Estados Unidos de América;2019T3;746,53
Murcia, Región de;Estados Unidos de América;2019T2;566,45
Murcia, Región de;Estados Unidos de América;2019T1;729,66
Murcia, Región de;Estados Unidos de América;2018T4;611,83
Murcia, Región de;Estados Unidos de América;2018T3;746,13
Murcia, Región de;Estados Unidos de América;2018T2;532,82
Murcia, Región de;Estados Unidos de América;2018T1;727,26
Murcia, Región de;México;2025T2;574,52
Murcia, Región de;México;2025T1;535,85
Murcia, Región de;México;2024T4;654,36
Murcia, Región de;México;2024T3;736,37
Murcia, Región de;México;2024T2;736,35
Murcia, Región de;México;2024T1;709,98
Murcia, Región de;México;2023T4;765,01
Murcia, Región de;México;2023T3;815,04
Murcia, Región de;México;2023T2;650,71
Murcia, Región de;México;2023T1;543,22
Murcia, Región de;México;2022T4;562,92
Murcia, Región de;México;2022T3;755,23
Murcia, Región de;México;2022T2;530,81
Murcia, Región de;México;2022T1;541,94
Murcia, Región de;México;2021T4;609,86
Murcia, Región de;México;2021T3;696,48
Murcia, Región de;México;2021T2;736,40
Murcia, Región de;México;2021T1;822,57
Murcia, Región de;México;2020T4;853,32
Murcia, Región de;México;2020T3;582,81
Murcia, Región de;México;2020T2;.
Murcia, Región de;México;2020T1;411,95
Murcia, Región de;México;2019T4;453,63
Murcia, Región de;México;2019T3;627,15
Murcia, Región de;México;2019T2;447,94
Murcia, Región de;México;2019T1;519,70
Murcia, Región de;México;2018T4;567,85
Murcia, Región de;México;2018T3;611,86
Murcia, Región de;México;2018T2;404,01
Murcia, Región de;México;2018T1;469,41
Murcia, Región de;Resto de América;2025T2;790,60
Murcia, Región de;Resto de América;2025T1;729,53
Murcia, Región de;Resto de América;2024T4;885,65
Murcia, Región de;Resto de América;2024T3;930,40
Murcia, Región de;Resto de América;2024T2;863,28
Murcia, Región de;Resto de América;2024T1;853,67
Murcia, Región de;Resto de América;2023T4;937,47
Murcia, Región de;Resto de América;2023T3;873,18
Murcia, Región de;Resto de América;2023T2;804,55
Murcia, Región de;Resto de América;2023T1;769,95
Murcia, Región de;Resto de América;2022T4;814,54
Murcia, Región de;Resto de América;2022T3;985,84
Murcia, Región de;Resto de América;2022T2;723,27
Murcia, Región de;Resto de América;2022T1;704,19
Murcia, Región de;Resto de América;2021T4;810,27
Murcia, Región de;Resto de América;2021T3;1.011,25
Murcia, Región de;Resto de América;2021T2;1.123,11
Murcia, Región de;Resto de América;2021T1;1.054,54
Murcia, Región de;Resto de América;2020T4;1.118,26
Murcia, Región de;Resto de América;2020T3;757,12
Murcia, Región de;Resto de América;2020T2;.
Murcia, Región de;Resto de América;2020T1;583,57
Murcia, Región de;Resto de América;2019T4;643,60
Murcia, Región de;Resto de América;2019T3;877,76
Murcia, Región de;Resto de América;2019T2;597,10
Murcia, Región de;Resto de América;2019T1;743,95
Murcia, Región de;Resto de América;2018T4;648,23
Murcia, Región de;Resto de América;2018T3;809,34
Murcia, Región de;Resto de América;2018T2;587,96
Murcia, Región de;Resto de América;2018T1;671,74
Murcia, Región de;Australia;2025T2;696,13
Murcia, Región de;Australia;2025T1;695,02
Murcia, Región de;Australia;2024T4;657,77
Murcia, Región de;Australia;2024T3;673,65
Murcia, Región de;Australia;2024T2;715,74
Murcia, Región de;Australia;2024T1;774,66
Murcia, Región de;Australia;2023T4;855,82
Murcia, Región de;Australia;2023T3;629,43
Murcia, Región de;Australia;2023T2;645,82
Murcia, Región de;Australia;2023T1;569,29
Murcia, Región de;Australia;2022T4;532,83
Murcia, Región de;Australia;2022T3;685,54
Murcia, Región de;Australia;2022T2;664,26
Murcia, Región de;Australia;2022T1;483,12
Murcia, Región de;Australia;2021T4;643,84
Murcia, Región de;Australia;2021T3;763,00
Murcia, Región de;Australia;2021T2;1.026,62
Murcia, Región de;Australia;2021T1;1.375,04
Murcia, Región de;Australia;2020T4;712,83
Murcia, Región de;Australia;2020T3;590,90
Murcia, Región de;Australia;2020T2;.
Murcia, Región de;Australia;2020T1;481,30
Murcia, Región de;Australia;2019T4;491,81
Murcia, Región de;Australia;2019T3;622,96
Murcia, Región de;Australia;2019T2;459,62
Murcia, Región de;Australia;2019T1;648,85
Murcia, Región de;Australia;2018T4;522,39
Murcia, Región de;Australia;2018T3;681,39
Murcia, Región de;Australia;2018T2;493,62
Murcia, Región de;Australia;2018T1;601,82
Murcia, Región de;China;2025T2;1.339,50
Murcia, Región de;China;2025T1;769,07
Murcia, Región de;China;2024T4;1.229,70
Murcia, Región de;China;2024T3;1.331,04
Murcia, Región de;China;2024T2;1.163,50
Murcia, Región de;China;2024T1;945,38
Murcia, Región de;China;2023T4;1.234,95
Murcia, Región de;China;2023T3;1.057,69
Murcia, Región de;China;2023T2;814,88
Murcia, Región de;China;2023T1;1.437,82
Murcia, Región de;China;2022T4;2.013,93
Murcia, Región de;China;2022T3;2.397,48
Murcia, Región de;China;2022T2;1.489,96
Murcia, Región de;China;2022T1;1.621,51
Murcia, Región de;China;2021T4;1.355,55
Murcia, Región de;China;2021T3;2.316,44
Murcia, Región de;China;2021T2;1.193,95
Murcia, Región de;China;2021T1;1.722,52
Murcia, Región de;China;2020T4;2.091,07
Murcia, Región de;China;2020T3;902,12
Murcia, Región de;China;2020T2;.
Murcia, Región de;China;2020T1;1.055,05
Murcia, Región de;China;2019T4;1.151,61
Murcia, Región de;China;2019T3;1.625,91
Murcia, Región de;China;2019T2;1.208,52
Murcia, Región de;China;2019T1;1.583,71
Murcia, Región de;China;2018T4;1.201,25
Murcia, Región de;China;2018T3;1.400,75
Murcia, Región de;China;2018T2;1.249,65
Murcia, Región de;China;2018T1;1.289,26
Murcia, Región de;Corea;2025T2;415,58
Murcia, Región de;Corea;2025T1;376,21
Murcia, Región de;Corea;2024T4;400,77
Murcia, Región de;Corea;2024T3;376,37
Murcia, Región de;Corea;2024T2;472,31
Murcia, Región de;Corea;2024T1;508,36
Murcia, Región de;Corea;2023T4;458,91
Murcia, Región de;Corea;2023T3;437,56
Murcia, Región de;Corea;2023T2;575,63
Murcia, Región de;Corea;2023T1;361,85
Murcia, Región de;Corea;2022T4;.
Murcia, Región de;Corea;2022T3;.
Murcia, Región de;Corea;2022T2;.
Murcia, Región de;Corea;2022T1;600,22
Murcia, Región de;Corea;2021T4;1.097,41
Murcia, Región de;Corea;2021T3;1.562,83
Murcia, Región de;Corea;2021T2;954,22
Murcia, Región de;Corea;2021T1;1.955,64
Murcia, Región de;Corea;2020T4;1.037,37
Murcia, Región de;Corea;2020T3;1.306,33
Murcia, Región de;Corea;2020T2;.
Murcia, Región de;Corea;2020T1;401,05
Murcia, Región de;Corea;2019T4;319,05
Murcia, Región de;Corea;2019T3;551,96
Murcia, Región de;Corea;2019T2;381,74
Murcia, Región de;Corea;2019T1;397,91
Murcia, Región de;Corea;2018T4;526,58
Murcia, Región de;Corea;2018T3;503,59
Murcia, Región de;Corea;2018T2;413,45
Murcia, Región de;Corea;2018T1;1.553,40
Murcia, Región de;Emiratos Árabes Unidos;2025T2;969,77
Murcia, Región de;Emiratos Árabes Unidos;2025T1;809,46
Murcia, Región de;Emiratos Árabes Unidos;2024T4;1.282,94
Murcia, Región de;Emiratos Árabes Unidos;2024T3;1.268,58
Murcia, Región de;Emiratos Árabes Unidos;2024T2;1.347,89
Murcia, Región de;Emiratos Árabes Unidos;2024T1;1.289,50
Murcia, Región de;Emiratos Árabes Unidos;2023T4;1.147,74
Murcia, Región de;Emiratos Árabes Unidos;2023T3;1.087,96
Murcia, Región de;Emiratos Árabes Unidos;2023T2;1.085,68
Murcia, Región de;Emiratos Árabes Unidos;2023T1;786,30
Murcia, Región de;Emiratos Árabes Unidos;2022T4;1.011,87
Murcia, Región de;Emiratos Árabes Unidos;2022T3;1.277,92
Murcia, Región de;Emiratos Árabes Unidos;2022T2;916,70
Murcia, Región de;Emiratos Árabes Unidos;2022T1;925,39
Murcia, Región de;Emiratos Árabes Unidos;2021T4;1.010,60
Murcia, Región de;Emiratos Árabes Unidos;2021T3;1.049,10
Murcia, Región de;Emiratos Árabes Unidos;2021T2;1.253,84
Murcia, Región de;Emiratos Árabes Unidos;2021T1;1.862,71
Murcia, Región de;Emiratos Árabes Unidos;2020T4;1.130,57
Murcia, Región de;Emiratos Árabes Unidos;2020T3;913,19
Murcia, Región de;Emiratos Árabes Unidos;2020T2;.
Murcia, Región de;Emiratos Árabes Unidos;2020T1;727,09
Murcia, Región de;Emiratos Árabes Unidos;2019T4;782,63
Murcia, Región de;Emiratos Árabes Unidos;2019T3;972,11
Murcia, Región de;Emiratos Árabes Unidos;2019T2;795,13
Murcia, Región de;Emiratos Árabes Unidos;2019T1;1.210,72
Murcia, Región de;Emiratos Árabes Unidos;2018T4;869,70
Murcia, Región de;Emiratos Árabes Unidos;2018T3;1.315,53
Murcia, Región de;Emiratos Árabes Unidos;2018T2;927,80
Murcia, Región de;Emiratos Árabes Unidos;2018T1;1.016,69
Murcia, Región de;Japón;2025T2;.
Murcia, Región de;Japón;2025T1;618,12
Murcia, Región de;Japón;2024T4;.
Murcia, Región de;Japón;2024T3;.
Murcia, Región de;Japón;2024T2;.
Murcia, Región de;Japón;2024T1;.
Murcia, Región de;Japón;2023T4;.
Murcia, Región de;Japón;2023T3;.
Murcia, Región de;Japón;2023T2;.
Murcia, Región de;Japón;2023T1;.
Murcia, Región de;Japón;2022T4;865,02
Murcia, Región de;Japón;2022T3;886,27
Murcia, Región de;Japón;2022T2;560,10
Murcia, Región de;Japón;2022T1;670,44
Murcia, Región de;Japón;2021T4;884,77
Murcia, Región de;Japón;2021T3;1.113,49
Murcia, Región de;Japón;2021T2;1.371,30
Murcia, Región de;Japón;2021T1;1.154,64
Murcia, Región de;Japón;2020T4;1.473,07
Murcia, Región de;Japón;2020T3;618,91
Murcia, Región de;Japón;2020T2;.
Murcia, Región de;Japón;2020T1;493,49
Murcia, Región de;Japón;2019T4;556,00
Murcia, Región de;Japón;2019T3;856,62
Murcia, Región de;Japón;2019T2;613,35
Murcia, Región de;Japón;2019T1;641,72
Murcia, Región de;Japón;2018T4;629,86
Murcia, Región de;Japón;2018T3;870,70
Murcia, Región de;Japón;2018T2;781,99
Murcia, Región de;Japón;2018T1;702,77
Murcia, Región de;Turquía;2025T2;494,92
Murcia, Región de;Turquía;2025T1;442,49
Murcia, Región de;Turquía;2024T4;507,76
Murcia, Región de;Turquía;2024T3;541,30
Murcia, Región de;Turquía;2024T2;608,65
Murcia, Región de;Turquía;2024T1;541,35
Murcia, Región de;Turquía;2023T4;871,56
Murcia, Región de;Turquía;2023T3;638,30
Murcia, Región de;Turquía;2023T2;742,79
Murcia, Región de;Turquía;2023T1;739,63
Murcia, Región de;Turquía;2022T4;633,83
Murcia, Región de;Turquía;2022T3;905,87
Murcia, Región de;Turquía;2022T2;566,73
Murcia, Región de;Turquía;2022T1;476,49
Murcia, Región de;Turquía;2021T4;512,23
Murcia, Región de;Turquía;2021T3;595,96
Murcia, Región de;Turquía;2021T2;791,37
Murcia, Región de;Turquía;2021T1;942,81
Murcia, Región de;Turquía;2020T4;1.043,93
Murcia, Región de;Turquía;2020T3;589,80
Murcia, Región de;Turquía;2020T2;.
Murcia, Región de;Turquía;2020T1;630,06
Murcia, Región de;Turquía;2019T4;578,48
Murcia, Región de;Turquía;2019T3;516,64
Murcia, Región de;Turquía;2019T2;334,95
Murcia, Región de;Turquía;2019T1;432,49
Murcia, Región de;Turquía;2018T4;445,38
Murcia, Región de;Turquía;2018T3;401,90
Murcia, Región de;Turquía;2018T2;493,66
Murcia, Región de;Turquía;2018T1;587,57
Murcia, Región de;Resto del mundo;2025T2;1.039,46
Murcia, Región de;Resto del mundo;2025T1;1.043,61
Murcia, Región de;Resto del mundo;2024T4;1.191,01
Murcia, Región de;Resto del mundo;2024T3;1.155,70
Murcia, Región de;Resto del mundo;2024T2;1.175,16
Murcia, Región de;Resto del mundo;2024T1;1.110,25
Murcia, Región de;Resto del mundo;2023T4;1.186,93
Murcia, Región de;Resto del mundo;2023T3;1.109,13
Murcia, Región de;Resto del mundo;2023T2;1.100,79
Murcia, Región de;Resto del mundo;2023T1;1.071,43
Murcia, Región de;Resto del mundo;2022T4;1.003,31
Murcia, Región de;Resto del mundo;2022T3;1.365,85
Murcia, Región de;Resto del mundo;2022T2;1.002,67
Murcia, Región de;Resto del mundo;2022T1;1.025,99
Murcia, Región de;Resto del mundo;2021T4;1.161,01
Murcia, Región de;Resto del mundo;2021T3;1.301,07
Murcia, Región de;Resto del mundo;2021T2;1.676,33
Murcia, Región de;Resto del mundo;2021T1;1.672,80
Murcia, Región de;Resto del mundo;2020T4;2.193,84
Murcia, Región de;Resto del mundo;2020T3;1.519,91
Murcia, Región de;Resto del mundo;2020T2;.
Murcia, Región de;Resto del mundo;2020T1;1.098,23
Murcia, Región de;Resto del mundo;2019T4;1.108,47
Murcia, Región de;Resto del mundo;2019T3;1.284,24
Murcia, Región de;Resto del mundo;2019T2;942,99
Murcia, Región de;Resto del mundo;2019T1;1.219,35
Murcia, Región de;Resto del mundo;2018T4;1.148,13
Murcia, Región de;Resto del mundo;2018T3;1.377,20
Murcia, Región de;Resto del mundo;2018T2;1.055,57
Murcia, Región de;Resto del mundo;2018T1;1.333,33
Navarra, Comunidad Foral de;Total;2025T2;209,97
Navarra, Comunidad Foral de;Total;2025T1;209,77
Navarra, Comunidad Foral de;Total;2024T4;179,71
Navarra, Comunidad Foral de;Total;2024T3;182,68
Navarra, Comunidad Foral de;Total;2024T2;192,57
Navarra, Comunidad Foral de;Total;2024T1;182,57
Navarra, Comunidad Foral de;Total;2023T4;182,09
Navarra, Comunidad Foral de;Total;2023T3;175,12
Navarra, Comunidad Foral de;Total;2023T2;173,48
Navarra, Comunidad Foral de;Total;2023T1;181,50
Navarra, Comunidad Foral de;Total;2022T4;172,00
Navarra, Comunidad Foral de;Total;2022T3;165,86
Navarra, Comunidad Foral de;Total;2022T2;154,92
Navarra, Comunidad Foral de;Total;2022T1;162,31
Navarra, Comunidad Foral de;Total;2021T4;163,98
Navarra, Comunidad Foral de;Total;2021T3;144,46
Navarra, Comunidad Foral de;Total;2021T2;136,04
Navarra, Comunidad Foral de;Total;2021T1;121,44
Navarra, Comunidad Foral de;Total;2020T4;119,23
Navarra, Comunidad Foral de;Total;2020T3;124,66
Navarra, Comunidad Foral de;Total;2020T2;.
Navarra, Comunidad Foral de;Total;2020T1;125,64
Navarra, Comunidad Foral de;Total;2019T4;123,64
Navarra, Comunidad Foral de;Total;2019T3;130,40
Navarra, Comunidad Foral de;Total;2019T2;139,89
Navarra, Comunidad Foral de;Total;2019T1;120,43
Navarra, Comunidad Foral de;Total;2018T4;122,85
Navarra, Comunidad Foral de;Total;2018T3;133,23
Navarra, Comunidad Foral de;Total;2018T2;147,96
Navarra, Comunidad Foral de;Total;2018T1;125,24
Navarra, Comunidad Foral de;Alemania;2025T2;137,87
Navarra, Comunidad Foral de;Alemania;2025T1;130,08
Navarra, Comunidad Foral de;Alemania;2024T4;114,94
Navarra, Comunidad Foral de;Alemania;2024T3;125,07
Navarra, Comunidad Foral de;Alemania;2024T2;128,95
Navarra, Comunidad Foral de;Alemania;2024T1;128,54
Navarra, Comunidad Foral de;Alemania;2023T4;133,74
Navarra, Comunidad Foral de;Alemania;2023T3;139,05
Navarra, Comunidad Foral de;Alemania;2023T2;134,57
Navarra, Comunidad Foral de;Alemania;2023T1;139,06
Navarra, Comunidad Foral de;Alemania;2022T4;130,85
Navarra, Comunidad Foral de;Alemania;2022T3;140,67
Navarra, Comunidad Foral de;Alemania;2022T2;130,52
Navarra, Comunidad Foral de;Alemania;2022T1;126,26
Navarra, Comunidad Foral de;Alemania;2021T4;126,87
Navarra, Comunidad Foral de;Alemania;2021T3;130,59
Navarra, Comunidad Foral de;Alemania;2021T2;129,07
Navarra, Comunidad Foral de;Alemania;2021T1;111,40
Navarra, Comunidad Foral de;Alemania;2020T4;92,65
Navarra, Comunidad Foral de;Alemania;2020T3;124,32
Navarra, Comunidad Foral de;Alemania;2020T2;.
Navarra, Comunidad Foral de;Alemania;2020T1;129,08
Navarra, Comunidad Foral de;Alemania;2019T4;133,04
Navarra, Comunidad Foral de;Alemania;2019T3;159,86
Navarra, Comunidad Foral de;Alemania;2019T2;162,10
Navarra, Comunidad Foral de;Alemania;2019T1;146,48
Navarra, Comunidad Foral de;Alemania;2018T4;145,88
Navarra, Comunidad Foral de;Alemania;2018T3;172,82
Navarra, Comunidad Foral de;Alemania;2018T2;197,49
Navarra, Comunidad Foral de;Alemania;2018T1;163,81
Navarra, Comunidad Foral de;Andorra;2025T2;177,47
Navarra, Comunidad Foral de;Andorra;2025T1;157,62
Navarra, Comunidad Foral de;Andorra;2024T4;265,60
Navarra, Comunidad Foral de;Andorra;2024T3;165,06
Navarra, Comunidad Foral de;Andorra;2024T2;149,41
Navarra, Comunidad Foral de;Andorra;2024T1;126,36
Navarra, Comunidad Foral de;Andorra;2023T4;142,20
Navarra, Comunidad Foral de;Andorra;2023T3;156,81
Navarra, Comunidad Foral de;Andorra;2023T2;151,75
Navarra, Comunidad Foral de;Andorra;2023T1;134,03
Navarra, Comunidad Foral de;Andorra;2022T4;130,74
Navarra, Comunidad Foral de;Andorra;2022T3;147,54
Navarra, Comunidad Foral de;Andorra;2022T2;136,30
Navarra, Comunidad Foral de;Andorra;2022T1;119,52
Navarra, Comunidad Foral de;Andorra;2021T4;146,62
Navarra, Comunidad Foral de;Andorra;2021T3;123,18
Navarra, Comunidad Foral de;Andorra;2021T2;109,26
Navarra, Comunidad Foral de;Andorra;2021T1;97,27
Navarra, Comunidad Foral de;Andorra;2020T4;79,98
Navarra, Comunidad Foral de;Andorra;2020T3;105,36
Navarra, Comunidad Foral de;Andorra;2020T2;.
Navarra, Comunidad Foral de;Andorra;2020T1;101,39
Navarra, Comunidad Foral de;Andorra;2019T4;112,75
Navarra, Comunidad Foral de;Andorra;2019T3;111,36
Navarra, Comunidad Foral de;Andorra;2019T2;129,14
Navarra, Comunidad Foral de;Andorra;2019T1;115,92
Navarra, Comunidad Foral de;Andorra;2018T4;133,63
Navarra, Comunidad Foral de;Andorra;2018T3;130,68
Navarra, Comunidad Foral de;Andorra;2018T2;155,90
Navarra, Comunidad Foral de;Andorra;2018T1;143,75
Navarra, Comunidad Foral de;Austria;2025T2;117,83
Navarra, Comunidad Foral de;Austria;2025T1;99,83
Navarra, Comunidad Foral de;Austria;2024T4;94,85
Navarra, Comunidad Foral de;Austria;2024T3;116,16
Navarra, Comunidad Foral de;Austria;2024T2;108,68
Navarra, Comunidad Foral de;Austria;2024T1;81,80
Navarra, Comunidad Foral de;Austria;2023T4;114,33
Navarra, Comunidad Foral de;Austria;2023T3;125,93
Navarra, Comunidad Foral de;Austria;2023T2;126,36
Navarra, Comunidad Foral de;Austria;2023T1;93,45
Navarra, Comunidad Foral de;Austria;2022T4;112,68
Navarra, Comunidad Foral de;Austria;2022T3;131,47
Navarra, Comunidad Foral de;Austria;2022T2;128,69
Navarra, Comunidad Foral de;Austria;2022T1;111,41
Navarra, Comunidad Foral de;Austria;2021T4;144,10
Navarra, Comunidad Foral de;Austria;2021T3;120,62
Navarra, Comunidad Foral de;Austria;2021T2;119,02
Navarra, Comunidad Foral de;Austria;2021T1;95,22
Navarra, Comunidad Foral de;Austria;2020T4;70,67
Navarra, Comunidad Foral de;Austria;2020T3;111,89
Navarra, Comunidad Foral de;Austria;2020T2;.
Navarra, Comunidad Foral de;Austria;2020T1;110,97
Navarra, Comunidad Foral de;Austria;2019T4;125,80
Navarra, Comunidad Foral de;Austria;2019T3;162,14
Navarra, Comunidad Foral de;Austria;2019T2;175,52
Navarra, Comunidad Foral de;Austria;2019T1;122,70
Navarra, Comunidad Foral de;Austria;2018T4;130,70
Navarra, Comunidad Foral de;Austria;2018T3;169,66
Navarra, Comunidad Foral de;Austria;2018T2;186,67
Navarra, Comunidad Foral de;Austria;2018T1;145,87
Navarra, Comunidad Foral de;Bélgica;2025T2;151,26
Navarra, Comunidad Foral de;Bélgica;2025T1;123,92
Navarra, Comunidad Foral de;Bélgica;2024T4;112,59
Navarra, Comunidad Foral de;Bélgica;2024T3;135,57
Navarra, Comunidad Foral de;Bélgica;2024T2;137,80
Navarra, Comunidad Foral de;Bélgica;2024T1;127,09
Navarra, Comunidad Foral de;Bélgica;2023T4;128,93
Navarra, Comunidad Foral de;Bélgica;2023T3;143,51
Navarra, Comunidad Foral de;Bélgica;2023T2;136,31
Navarra, Comunidad Foral de;Bélgica;2023T1;127,04
Navarra, Comunidad Foral de;Bélgica;2022T4;121,75
Navarra, Comunidad Foral de;Bélgica;2022T3;139,97
Navarra, Comunidad Foral de;Bélgica;2022T2;122,50
Navarra, Comunidad Foral de;Bélgica;2022T1;128,57
Navarra, Comunidad Foral de;Bélgica;2021T4;127,34
Navarra, Comunidad Foral de;Bélgica;2021T3;118,98
Navarra, Comunidad Foral de;Bélgica;2021T2;105,76
Navarra, Comunidad Foral de;Bélgica;2021T1;96,81
Navarra, Comunidad Foral de;Bélgica;2020T4;89,00
Navarra, Comunidad Foral de;Bélgica;2020T3;110,02
Navarra, Comunidad Foral de;Bélgica;2020T2;.
Navarra, Comunidad Foral de;Bélgica;2020T1;106,12
Navarra, Comunidad Foral de;Bélgica;2019T4;103,82
Navarra, Comunidad Foral de;Bélgica;2019T3;129,71
Navarra, Comunidad Foral de;Bélgica;2019T2;135,29
Navarra, Comunidad Foral de;Bélgica;2019T1;107,40
Navarra, Comunidad Foral de;Bélgica;2018T4;108,11
Navarra, Comunidad Foral de;Bélgica;2018T3;129,87
Navarra, Comunidad Foral de;Bélgica;2018T2;144,07
Navarra, Comunidad Foral de;Bélgica;2018T1;131,53
Navarra, Comunidad Foral de;Dinamarca;2025T2;103,15
Navarra, Comunidad Foral de;Dinamarca;2025T1;89,24
Navarra, Comunidad Foral de;Dinamarca;2024T4;81,79
Navarra, Comunidad Foral de;Dinamarca;2024T3;88,77
Navarra, Comunidad Foral de;Dinamarca;2024T2;91,85
Navarra, Comunidad Foral de;Dinamarca;2024T1;115,60
Navarra, Comunidad Foral de;Dinamarca;2023T4;102,02
Navarra, Comunidad Foral de;Dinamarca;2023T3;111,14
Navarra, Comunidad Foral de;Dinamarca;2023T2;110,24
Navarra, Comunidad Foral de;Dinamarca;2023T1;125,49
Navarra, Comunidad Foral de;Dinamarca;2022T4;115,26
Navarra, Comunidad Foral de;Dinamarca;2022T3;121,95
Navarra, Comunidad Foral de;Dinamarca;2022T2;96,19
Navarra, Comunidad Foral de;Dinamarca;2022T1;134,46
Navarra, Comunidad Foral de;Dinamarca;2021T4;115,59
Navarra, Comunidad Foral de;Dinamarca;2021T3;98,03
Navarra, Comunidad Foral de;Dinamarca;2021T2;109,43
Navarra, Comunidad Foral de;Dinamarca;2021T1;87,89
Navarra, Comunidad Foral de;Dinamarca;2020T4;94,90
Navarra, Comunidad Foral de;Dinamarca;2020T3;106,55
Navarra, Comunidad Foral de;Dinamarca;2020T2;.
Navarra, Comunidad Foral de;Dinamarca;2020T1;106,91
Navarra, Comunidad Foral de;Dinamarca;2019T4;93,00
Navarra, Comunidad Foral de;Dinamarca;2019T3;106,02
Navarra, Comunidad Foral de;Dinamarca;2019T2;105,94
Navarra, Comunidad Foral de;Dinamarca;2019T1;88,27
Navarra, Comunidad Foral de;Dinamarca;2018T4;93,63
Navarra, Comunidad Foral de;Dinamarca;2018T3;118,09
Navarra, Comunidad Foral de;Dinamarca;2018T2;125,75
Navarra, Comunidad Foral de;Dinamarca;2018T1;89,47
Navarra, Comunidad Foral de;Finlandia;2025T2;76,86
Navarra, Comunidad Foral de;Finlandia;2025T1;79,84
Navarra, Comunidad Foral de;Finlandia;2024T4;69,39
Navarra, Comunidad Foral de;Finlandia;2024T3;70,57
Navarra, Comunidad Foral de;Finlandia;2024T2;67,01
Navarra, Comunidad Foral de;Finlandia;2024T1;63,71
Navarra, Comunidad Foral de;Finlandia;2023T4;75,11
Navarra, Comunidad Foral de;Finlandia;2023T3;89,59
Navarra, Comunidad Foral de;Finlandia;2023T2;78,75
Navarra, Comunidad Foral de;Finlandia;2023T1;68,75
Navarra, Comunidad Foral de;Finlandia;2022T4;109,66
Navarra, Comunidad Foral de;Finlandia;2022T3;94,40
Navarra, Comunidad Foral de;Finlandia;2022T2;110,99
Navarra, Comunidad Foral de;Finlandia;2022T1;66,80
Navarra, Comunidad Foral de;Finlandia;2021T4;67,33
Navarra, Comunidad Foral de;Finlandia;2021T3;65,39
Navarra, Comunidad Foral de;Finlandia;2021T2;59,22
Navarra, Comunidad Foral de;Finlandia;2021T1;48,69
Navarra, Comunidad Foral de;Finlandia;2020T4;70,45
Navarra, Comunidad Foral de;Finlandia;2020T3;78,95
Navarra, Comunidad Foral de;Finlandia;2020T2;.
Navarra, Comunidad Foral de;Finlandia;2020T1;75,96
Navarra, Comunidad Foral de;Finlandia;2019T4;78,60
Navarra, Comunidad Foral de;Finlandia;2019T3;100,13
Navarra, Comunidad Foral de;Finlandia;2019T2;93,06
Navarra, Comunidad Foral de;Finlandia;2019T1;83,02
Navarra, Comunidad Foral de;Finlandia;2018T4;83,56
Navarra, Comunidad Foral de;Finlandia;2018T3;113,02
Navarra, Comunidad Foral de;Finlandia;2018T2;124,12
Navarra, Comunidad Foral de;Finlandia;2018T1;79,69
Navarra, Comunidad Foral de;Francia;2025T2;277,39
Navarra, Comunidad Foral de;Francia;2025T1;277,74
Navarra, Comunidad Foral de;Francia;2024T4;233,29
Navarra, Comunidad Foral de;Francia;2024T3;235,16
Navarra, Comunidad Foral de;Francia;2024T2;246,89
Navarra, Comunidad Foral de;Francia;2024T1;225,68
Navarra, Comunidad Foral de;Francia;2023T4;222,43
Navarra, Comunidad Foral de;Francia;2023T3;209,94
Navarra, Comunidad Foral de;Francia;2023T2;208,96
Navarra, Comunidad Foral de;Francia;2023T1;217,78
Navarra, Comunidad Foral de;Francia;2022T4;203,92
Navarra, Comunidad Foral de;Francia;2022T3;190,36
Navarra, Comunidad Foral de;Francia;2022T2;181,58
Navarra, Comunidad Foral de;Francia;2022T1;184,58
Navarra, Comunidad Foral de;Francia;2021T4;186,53
Navarra, Comunidad Foral de;Francia;2021T3;154,18
Navarra, Comunidad Foral de;Francia;2021T2;148,08
Navarra, Comunidad Foral de;Francia;2021T1;132,19
Navarra, Comunidad Foral de;Francia;2020T4;128,36
Navarra, Comunidad Foral de;Francia;2020T3;129,56
Navarra, Comunidad Foral de;Francia;2020T2;.
Navarra, Comunidad Foral de;Francia;2020T1;132,46
Navarra, Comunidad Foral de;Francia;2019T4;127,60
Navarra, Comunidad Foral de;Francia;2019T3;129,91
Navarra, Comunidad Foral de;Francia;2019T2;142,08
Navarra, Comunidad Foral de;Francia;2019T1;120,50
Navarra, Comunidad Foral de;Francia;2018T4;119,19
Navarra, Comunidad Foral de;Francia;2018T3;126,60
Navarra, Comunidad Foral de;Francia;2018T2;141,15
Navarra, Comunidad Foral de;Francia;2018T1;114,97
Navarra, Comunidad Foral de;Irlanda;2025T2;123,49
Navarra, Comunidad Foral de;Irlanda;2025T1;114,87
Navarra, Comunidad Foral de;Irlanda;2024T4;109,07
Navarra, Comunidad Foral de;Irlanda;2024T3;109,64
Navarra, Comunidad Foral de;Irlanda;2024T2;119,21
Navarra, Comunidad Foral de;Irlanda;2024T1;114,80
Navarra, Comunidad Foral de;Irlanda;2023T4;116,21
Navarra, Comunidad Foral de;Irlanda;2023T3;109,76
Navarra, Comunidad Foral de;Irlanda;2023T2;124,28
Navarra, Comunidad Foral de;Irlanda;2023T1;118,51
Navarra, Comunidad Foral de;Irlanda;2022T4;112,70
Navarra, Comunidad Foral de;Irlanda;2022T3;104,59
Navarra, Comunidad Foral de;Irlanda;2022T2;96,12
Navarra, Comunidad Foral de;Irlanda;2022T1;82,84
Navarra, Comunidad Foral de;Irlanda;2021T4;104,80
Navarra, Comunidad Foral de;Irlanda;2021T3;99,22
Navarra, Comunidad Foral de;Irlanda;2021T2;77,77
Navarra, Comunidad Foral de;Irlanda;2021T1;68,34
Navarra, Comunidad Foral de;Irlanda;2020T4;71,76
Navarra, Comunidad Foral de;Irlanda;2020T3;89,57
Navarra, Comunidad Foral de;Irlanda;2020T2;.
Navarra, Comunidad Foral de;Irlanda;2020T1;88,11
Navarra, Comunidad Foral de;Irlanda;2019T4;99,74
Navarra, Comunidad Foral de;Irlanda;2019T3;118,42
Navarra, Comunidad Foral de;Irlanda;2019T2;122,12
Navarra, Comunidad Foral de;Irlanda;2019T1;93,62
Navarra, Comunidad Foral de;Irlanda;2018T4;110,89
Navarra, Comunidad Foral de;Irlanda;2018T3;149,09
Navarra, Comunidad Foral de;Irlanda;2018T2;163,47
Navarra, Comunidad Foral de;Irlanda;2018T1;113,19
Navarra, Comunidad Foral de;Italia;2025T2;91,43
Navarra, Comunidad Foral de;Italia;2025T1;86,42
Navarra, Comunidad Foral de;Italia;2024T4;74,29
Navarra, Comunidad Foral de;Italia;2024T3;84,94
Navarra, Comunidad Foral de;Italia;2024T2;88,65
Navarra, Comunidad Foral de;Italia;2024T1;84,36
Navarra, Comunidad Foral de;Italia;2023T4;86,89
Navarra, Comunidad Foral de;Italia;2023T3;94,67
Navarra, Comunidad Foral de;Italia;2023T2;90,32
Navarra, Comunidad Foral de;Italia;2023T1;95,60
Navarra, Comunidad Foral de;Italia;2022T4;89,73
Navarra, Comunidad Foral de;Italia;2022T3;99,80
Navarra, Comunidad Foral de;Italia;2022T2;83,68
Navarra, Comunidad Foral de;Italia;2022T1;84,84
Navarra, Comunidad Foral de;Italia;2021T4;86,85
Navarra, Comunidad Foral de;Italia;2021T3;97,95
Navarra, Comunidad Foral de;Italia;2021T2;94,30
Navarra, Comunidad Foral de;Italia;2021T1;92,25
Navarra, Comunidad Foral de;Italia;2020T4;98,80
Navarra, Comunidad Foral de;Italia;2020T3;100,51
Navarra, Comunidad Foral de;Italia;2020T2;.
Navarra, Comunidad Foral de;Italia;2020T1;99,34
Navarra, Comunidad Foral de;Italia;2019T4;90,79
Navarra, Comunidad Foral de;Italia;2019T3;121,24
Navarra, Comunidad Foral de;Italia;2019T2;122,80
Navarra, Comunidad Foral de;Italia;2019T1;111,37
Navarra, Comunidad Foral de;Italia;2018T4;111,67
Navarra, Comunidad Foral de;Italia;2018T3;130,17
Navarra, Comunidad Foral de;Italia;2018T2;142,73
Navarra, Comunidad Foral de;Italia;2018T1;124,58
Navarra, Comunidad Foral de;Noruega;2025T2;89,80
Navarra, Comunidad Foral de;Noruega;2025T1;66,43
Navarra, Comunidad Foral de;Noruega;2024T4;80,56
Navarra, Comunidad Foral de;Noruega;2024T3;88,97
Navarra, Comunidad Foral de;Noruega;2024T2;81,58
Navarra, Comunidad Foral de;Noruega;2024T1;83,46
Navarra, Comunidad Foral de;Noruega;2023T4;100,84
Navarra, Comunidad Foral de;Noruega;2023T3;114,25
Navarra, Comunidad Foral de;Noruega;2023T2;120,90
Navarra, Comunidad Foral de;Noruega;2023T1;82,79
Navarra, Comunidad Foral de;Noruega;2022T4;120,59
Navarra, Comunidad Foral de;Noruega;2022T3;110,72
Navarra, Comunidad Foral de;Noruega;2022T2;106,86
Navarra, Comunidad Foral de;Noruega;2022T1;79,43
Navarra, Comunidad Foral de;Noruega;2021T4;107,77
Navarra, Comunidad Foral de;Noruega;2021T3;104,76
Navarra, Comunidad Foral de;Noruega;2021T2;77,97
Navarra, Comunidad Foral de;Noruega;2021T1;77,90
Navarra, Comunidad Foral de;Noruega;2020T4;94,25
Navarra, Comunidad Foral de;Noruega;2020T3;127,04
Navarra, Comunidad Foral de;Noruega;2020T2;.
Navarra, Comunidad Foral de;Noruega;2020T1;84,61
Navarra, Comunidad Foral de;Noruega;2019T4;102,89
Navarra, Comunidad Foral de;Noruega;2019T3;117,84
Navarra, Comunidad Foral de;Noruega;2019T2;137,55
Navarra, Comunidad Foral de;Noruega;2019T1;120,92
Navarra, Comunidad Foral de;Noruega;2018T4;167,31
Navarra, Comunidad Foral de;Noruega;2018T3;159,71
Navarra, Comunidad Foral de;Noruega;2018T2;179,38
Navarra, Comunidad Foral de;Noruega;2018T1;201,29
Navarra, Comunidad Foral de;Países Bajos;2025T2;110,17
Navarra, Comunidad Foral de;Países Bajos;2025T1;96,78
Navarra, Comunidad Foral de;Países Bajos;2024T4;86,14
Navarra, Comunidad Foral de;Países Bajos;2024T3;103,82
Navarra, Comunidad Foral de;Países Bajos;2024T2;108,14
Navarra, Comunidad Foral de;Países Bajos;2024T1;107,07
Navarra, Comunidad Foral de;Países Bajos;2023T4;104,11
Navarra, Comunidad Foral de;Países Bajos;2023T3;110,72
Navarra, Comunidad Foral de;Países Bajos;2023T2;107,68
Navarra, Comunidad Foral de;Países Bajos;2023T1;113,73
Navarra, Comunidad Foral de;Países Bajos;2022T4;100,73
Navarra, Comunidad Foral de;Países Bajos;2022T3;110,37
Navarra, Comunidad Foral de;Países Bajos;2022T2;100,70
Navarra, Comunidad Foral de;Países Bajos;2022T1;100,95
Navarra, Comunidad Foral de;Países Bajos;2021T4;105,47
Navarra, Comunidad Foral de;Países Bajos;2021T3;99,77
Navarra, Comunidad Foral de;Países Bajos;2021T2;103,72
Navarra, Comunidad Foral de;Países Bajos;2021T1;98,71
Navarra, Comunidad Foral de;Países Bajos;2020T4;82,64
Navarra, Comunidad Foral de;Países Bajos;2020T3;91,82
Navarra, Comunidad Foral de;Países Bajos;2020T2;.
Navarra, Comunidad Foral de;Países Bajos;2020T1;91,75
Navarra, Comunidad Foral de;Países Bajos;2019T4;92,60
Navarra, Comunidad Foral de;Países Bajos;2019T3;115,99
Navarra, Comunidad Foral de;Países Bajos;2019T2;121,81
Navarra, Comunidad Foral de;Países Bajos;2019T1;98,57
Navarra, Comunidad Foral de;Países Bajos;2018T4;107,81
Navarra, Comunidad Foral de;Países Bajos;2018T3;123,27
Navarra, Comunidad Foral de;Países Bajos;2018T2;135,72
Navarra, Comunidad Foral de;Países Bajos;2018T1;108,82
Navarra, Comunidad Foral de;Polonia;2025T2;78,17
Navarra, Comunidad Foral de;Polonia;2025T1;74,90
Navarra, Comunidad Foral de;Polonia;2024T4;62,10
Navarra, Comunidad Foral de;Polonia;2024T3;72,49
Navarra, Comunidad Foral de;Polonia;2024T2;74,88
Navarra, Comunidad Foral de;Polonia;2024T1;78,00
Navarra, Comunidad Foral de;Polonia;2023T4;70,37
Navarra, Comunidad Foral de;Polonia;2023T3;75,22
Navarra, Comunidad Foral de;Polonia;2023T2;68,44
Navarra, Comunidad Foral de;Polonia;2023T1;80,42
Navarra, Comunidad Foral de;Polonia;2022T4;74,92
Navarra, Comunidad Foral de;Polonia;2022T3;84,96
Navarra, Comunidad Foral de;Polonia;2022T2;73,88
Navarra, Comunidad Foral de;Polonia;2022T1;74,20
Navarra, Comunidad Foral de;Polonia;2021T4;75,49
Navarra, Comunidad Foral de;Polonia;2021T3;71,56
Navarra, Comunidad Foral de;Polonia;2021T2;63,63
Navarra, Comunidad Foral de;Polonia;2021T1;61,71
Navarra, Comunidad Foral de;Polonia;2020T4;55,89
Navarra, Comunidad Foral de;Polonia;2020T3;59,37
Navarra, Comunidad Foral de;Polonia;2020T2;.
Navarra, Comunidad Foral de;Polonia;2020T1;64,08
Navarra, Comunidad Foral de;Polonia;2019T4;86,14
Navarra, Comunidad Foral de;Polonia;2019T3;88,16
Navarra, Comunidad Foral de;Polonia;2019T2;99,03
Navarra, Comunidad Foral de;Polonia;2019T1;88,86
Navarra, Comunidad Foral de;Polonia;2018T4;106,28
Navarra, Comunidad Foral de;Polonia;2018T3;83,66
Navarra, Comunidad Foral de;Polonia;2018T2;111,76
Navarra, Comunidad Foral de;Polonia;2018T1;91,21
Navarra, Comunidad Foral de;Portugal;2025T2;126,96
Navarra, Comunidad Foral de;Portugal;2025T1;128,47
Navarra, Comunidad Foral de;Portugal;2024T4;111,37
Navarra, Comunidad Foral de;Portugal;2024T3;116,24
Navarra, Comunidad Foral de;Portugal;2024T2;132,53
Navarra, Comunidad Foral de;Portugal;2024T1;123,60
Navarra, Comunidad Foral de;Portugal;2023T4;125,00
Navarra, Comunidad Foral de;Portugal;2023T3;127,11
Navarra, Comunidad Foral de;Portugal;2023T2;133,44
Navarra, Comunidad Foral de;Portugal;2023T1;138,13
Navarra, Comunidad Foral de;Portugal;2022T4;125,49
Navarra, Comunidad Foral de;Portugal;2022T3;136,89
Navarra, Comunidad Foral de;Portugal;2022T2;131,24
Navarra, Comunidad Foral de;Portugal;2022T1;138,33
Navarra, Comunidad Foral de;Portugal;2021T4;134,47
Navarra, Comunidad Foral de;Portugal;2021T3;143,09
Navarra, Comunidad Foral de;Portugal;2021T2;109,65
Navarra, Comunidad Foral de;Portugal;2021T1;103,83
Navarra, Comunidad Foral de;Portugal;2020T4;103,59
Navarra, Comunidad Foral de;Portugal;2020T3;103,08
Navarra, Comunidad Foral de;Portugal;2020T2;.
Navarra, Comunidad Foral de;Portugal;2020T1;125,04
Navarra, Comunidad Foral de;Portugal;2019T4;116,80
Navarra, Comunidad Foral de;Portugal;2019T3;125,66
Navarra, Comunidad Foral de;Portugal;2019T2;126,63
Navarra, Comunidad Foral de;Portugal;2019T1;113,01
Navarra, Comunidad Foral de;Portugal;2018T4;112,15
Navarra, Comunidad Foral de;Portugal;2018T3;115,17
Navarra, Comunidad Foral de;Portugal;2018T2;120,12
Navarra, Comunidad Foral de;Portugal;2018T1;87,96
Navarra, Comunidad Foral de;Reino Unido;2025T2;109,28
Navarra, Comunidad Foral de;Reino Unido;2025T1;105,79
Navarra, Comunidad Foral de;Reino Unido;2024T4;98,35
Navarra, Comunidad Foral de;Reino Unido;2024T3;101,47
Navarra, Comunidad Foral de;Reino Unido;2024T2;107,89
Navarra, Comunidad Foral de;Reino Unido;2024T1;109,30
Navarra, Comunidad Foral de;Reino Unido;2023T4;115,13
Navarra, Comunidad Foral de;Reino Unido;2023T3;107,47
Navarra, Comunidad Foral de;Reino Unido;2023T2;110,14
Navarra, Comunidad Foral de;Reino Unido;2023T1;115,19
Navarra, Comunidad Foral de;Reino Unido;2022T4;114,25
Navarra, Comunidad Foral de;Reino Unido;2022T3;112,08
Navarra, Comunidad Foral de;Reino Unido;2022T2;105,03
Navarra, Comunidad Foral de;Reino Unido;2022T1;110,02
Navarra, Comunidad Foral de;Reino Unido;2021T4;117,84
Navarra, Comunidad Foral de;Reino Unido;2021T3;105,52
Navarra, Comunidad Foral de;Reino Unido;2021T2;90,92
Navarra, Comunidad Foral de;Reino Unido;2021T1;76,27
Navarra, Comunidad Foral de;Reino Unido;2020T4;80,21
Navarra, Comunidad Foral de;Reino Unido;2020T3;89,33
Navarra, Comunidad Foral de;Reino Unido;2020T2;.
Navarra, Comunidad Foral de;Reino Unido;2020T1;94,67
Navarra, Comunidad Foral de;Reino Unido;2019T4;112,02
Navarra, Comunidad Foral de;Reino Unido;2019T3;116,49
Navarra, Comunidad Foral de;Reino Unido;2019T2;118,80
Navarra, Comunidad Foral de;Reino Unido;2019T1;90,53
Navarra, Comunidad Foral de;Reino Unido;2018T4;111,91
Navarra, Comunidad Foral de;Reino Unido;2018T3;139,98
Navarra, Comunidad Foral de;Reino Unido;2018T2;151,77
Navarra, Comunidad Foral de;Reino Unido;2018T1;114,29
Navarra, Comunidad Foral de;Rumanía;2025T2;126,11
Navarra, Comunidad Foral de;Rumanía;2025T1;125,87
Navarra, Comunidad Foral de;Rumanía;2024T4;101,54
Navarra, Comunidad Foral de;Rumanía;2024T3;111,42
Navarra, Comunidad Foral de;Rumanía;2024T2;125,83
Navarra, Comunidad Foral de;Rumanía;2024T1;114,59
Navarra, Comunidad Foral de;Rumanía;2023T4;111,27
Navarra, Comunidad Foral de;Rumanía;2023T3;119,04
Navarra, Comunidad Foral de;Rumanía;2023T2;117,07
Navarra, Comunidad Foral de;Rumanía;2023T1;132,97
Navarra, Comunidad Foral de;Rumanía;2022T4;118,95
Navarra, Comunidad Foral de;Rumanía;2022T3;123,43
Navarra, Comunidad Foral de;Rumanía;2022T2;126,56
Navarra, Comunidad Foral de;Rumanía;2022T1;141,00
Navarra, Comunidad Foral de;Rumanía;2021T4;154,94
Navarra, Comunidad Foral de;Rumanía;2021T3;120,62
Navarra, Comunidad Foral de;Rumanía;2021T2;113,46
Navarra, Comunidad Foral de;Rumanía;2021T1;106,84
Navarra, Comunidad Foral de;Rumanía;2020T4;111,55
Navarra, Comunidad Foral de;Rumanía;2020T3;101,67
Navarra, Comunidad Foral de;Rumanía;2020T2;.
Navarra, Comunidad Foral de;Rumanía;2020T1;133,84
Navarra, Comunidad Foral de;Rumanía;2019T4;135,01
Navarra, Comunidad Foral de;Rumanía;2019T3;125,14
Navarra, Comunidad Foral de;Rumanía;2019T2;151,45
Navarra, Comunidad Foral de;Rumanía;2019T1;150,93
Navarra, Comunidad Foral de;Rumanía;2018T4;156,93
Navarra, Comunidad Foral de;Rumanía;2018T3;151,55
Navarra, Comunidad Foral de;Rumanía;2018T2;172,15
Navarra, Comunidad Foral de;Rumanía;2018T1;130,08
Navarra, Comunidad Foral de;Rusia;2025T2;.
Navarra, Comunidad Foral de;Rusia;2025T1;.
Navarra, Comunidad Foral de;Rusia;2024T4;.
Navarra, Comunidad Foral de;Rusia;2024T3;.
Navarra, Comunidad Foral de;Rusia;2024T2;.
Navarra, Comunidad Foral de;Rusia;2024T1;.
Navarra, Comunidad Foral de;Rusia;2023T4;.
Navarra, Comunidad Foral de;Rusia;2023T3;.
Navarra, Comunidad Foral de;Rusia;2023T2;.
Navarra, Comunidad Foral de;Rusia;2023T1;.
Navarra, Comunidad Foral de;Rusia;2022T4;.
Navarra, Comunidad Foral de;Rusia;2022T3;.
Navarra, Comunidad Foral de;Rusia;2022T2;.
Navarra, Comunidad Foral de;Rusia;2022T1;429,14
Navarra, Comunidad Foral de;Rusia;2021T4;96,53
Navarra, Comunidad Foral de;Rusia;2021T3;110,96
Navarra, Comunidad Foral de;Rusia;2021T2;82,44
Navarra, Comunidad Foral de;Rusia;2021T1;68,39
Navarra, Comunidad Foral de;Rusia;2020T4;114,66
Navarra, Comunidad Foral de;Rusia;2020T3;102,43
Navarra, Comunidad Foral de;Rusia;2020T2;.
Navarra, Comunidad Foral de;Rusia;2020T1;212,30
Navarra, Comunidad Foral de;Rusia;2019T4;130,31
Navarra, Comunidad Foral de;Rusia;2019T3;92,14
Navarra, Comunidad Foral de;Rusia;2019T2;101,48
Navarra, Comunidad Foral de;Rusia;2019T1;103,36
Navarra, Comunidad Foral de;Rusia;2018T4;114,69
Navarra, Comunidad Foral de;Rusia;2018T3;103,39
Navarra, Comunidad Foral de;Rusia;2018T2;121,95
Navarra, Comunidad Foral de;Rusia;2018T1;78,05
Navarra, Comunidad Foral de;Suecia;2025T2;107,81
Navarra, Comunidad Foral de;Suecia;2025T1;93,95
Navarra, Comunidad Foral de;Suecia;2024T4;96,75
Navarra, Comunidad Foral de;Suecia;2024T3;89,99
Navarra, Comunidad Foral de;Suecia;2024T2;98,35
Navarra, Comunidad Foral de;Suecia;2024T1;126,55
Navarra, Comunidad Foral de;Suecia;2023T4;121,66
Navarra, Comunidad Foral de;Suecia;2023T3;125,64
Navarra, Comunidad Foral de;Suecia;2023T2;121,65
Navarra, Comunidad Foral de;Suecia;2023T1;127,51
Navarra, Comunidad Foral de;Suecia;2022T4;112,49
Navarra, Comunidad Foral de;Suecia;2022T3;126,05
Navarra, Comunidad Foral de;Suecia;2022T2;99,84
Navarra, Comunidad Foral de;Suecia;2022T1;90,82
Navarra, Comunidad Foral de;Suecia;2021T4;117,54
Navarra, Comunidad Foral de;Suecia;2021T3;111,46
Navarra, Comunidad Foral de;Suecia;2021T2;96,50
Navarra, Comunidad Foral de;Suecia;2021T1;65,39
Navarra, Comunidad Foral de;Suecia;2020T4;80,73
Navarra, Comunidad Foral de;Suecia;2020T3;89,51
Navarra, Comunidad Foral de;Suecia;2020T2;.
Navarra, Comunidad Foral de;Suecia;2020T1;84,31
Navarra, Comunidad Foral de;Suecia;2019T4;97,25
Navarra, Comunidad Foral de;Suecia;2019T3;119,34
Navarra, Comunidad Foral de;Suecia;2019T2;111,50
Navarra, Comunidad Foral de;Suecia;2019T1;122,65
Navarra, Comunidad Foral de;Suecia;2018T4;133,44
Navarra, Comunidad Foral de;Suecia;2018T3;121,75
Navarra, Comunidad Foral de;Suecia;2018T2;149,51
Navarra, Comunidad Foral de;Suecia;2018T1;114,89
Navarra, Comunidad Foral de;Suiza;2025T2;184,95
Navarra, Comunidad Foral de;Suiza;2025T1;164,60
Navarra, Comunidad Foral de;Suiza;2024T4;163,75
Navarra, Comunidad Foral de;Suiza;2024T3;158,18
Navarra, Comunidad Foral de;Suiza;2024T2;169,20
Navarra, Comunidad Foral de;Suiza;2024T1;187,41
Navarra, Comunidad Foral de;Suiza;2023T4;177,91
Navarra, Comunidad Foral de;Suiza;2023T3;178,03
Navarra, Comunidad Foral de;Suiza;2023T2;175,97
Navarra, Comunidad Foral de;Suiza;2023T1;172,70
Navarra, Comunidad Foral de;Suiza;2022T4;196,14
Navarra, Comunidad Foral de;Suiza;2022T3;188,80
Navarra, Comunidad Foral de;Suiza;2022T2;170,38
Navarra, Comunidad Foral de;Suiza;2022T1;201,92
Navarra, Comunidad Foral de;Suiza;2021T4;220,83
Navarra, Comunidad Foral de;Suiza;2021T3;167,60
Navarra, Comunidad Foral de;Suiza;2021T2;168,22
Navarra, Comunidad Foral de;Suiza;2021T1;151,15
Navarra, Comunidad Foral de;Suiza;2020T4;156,53
Navarra, Comunidad Foral de;Suiza;2020T3;191,20
Navarra, Comunidad Foral de;Suiza;2020T2;.
Navarra, Comunidad Foral de;Suiza;2020T1;205,20
Navarra, Comunidad Foral de;Suiza;2019T4;236,02
Navarra, Comunidad Foral de;Suiza;2019T3;216,95
Navarra, Comunidad Foral de;Suiza;2019T2;236,03
Navarra, Comunidad Foral de;Suiza;2019T1;218,16
Navarra, Comunidad Foral de;Suiza;2018T4;233,09
Navarra, Comunidad Foral de;Suiza;2018T3;212,69
Navarra, Comunidad Foral de;Suiza;2018T2;266,70
Navarra, Comunidad Foral de;Suiza;2018T1;254,53
Navarra, Comunidad Foral de;Otros Países Europeos;2025T2;109,29
Navarra, Comunidad Foral de;Otros Países Europeos;2025T1;111,34
Navarra, Comunidad Foral de;Otros Países Europeos;2024T4;95,47
Navarra, Comunidad Foral de;Otros Países Europeos;2024T3;97,39
Navarra, Comunidad Foral de;Otros Países Europeos;2024T2;99,04
Navarra, Comunidad Foral de;Otros Países Europeos;2024T1;111,44
Navarra, Comunidad Foral de;Otros Países Europeos;2023T4;107,39
Navarra, Comunidad Foral de;Otros Países Europeos;2023T3;104,13
Navarra, Comunidad Foral de;Otros Países Europeos;2023T2;99,31
Navarra, Comunidad Foral de;Otros Países Europeos;2023T1;107,72
Navarra, Comunidad Foral de;Otros Países Europeos;2022T4;104,86
Navarra, Comunidad Foral de;Otros Países Europeos;2022T3;107,53
Navarra, Comunidad Foral de;Otros Países Europeos;2022T2;94,51
Navarra, Comunidad Foral de;Otros Países Europeos;2022T1;103,02
Navarra, Comunidad Foral de;Otros Países Europeos;2021T4;115,88
Navarra, Comunidad Foral de;Otros Países Europeos;2021T3;94,92
Navarra, Comunidad Foral de;Otros Países Europeos;2021T2;103,92
Navarra, Comunidad Foral de;Otros Países Europeos;2021T1;91,41
Navarra, Comunidad Foral de;Otros Países Europeos;2020T4;87,95
Navarra, Comunidad Foral de;Otros Países Europeos;2020T3;89,78
Navarra, Comunidad Foral de;Otros Países Europeos;2020T2;.
Navarra, Comunidad Foral de;Otros Países Europeos;2020T1;96,93
Navarra, Comunidad Foral de;Otros Países Europeos;2019T4;104,48
Navarra, Comunidad Foral de;Otros Países Europeos;2019T3;106,27
Navarra, Comunidad Foral de;Otros Países Europeos;2019T2;121,03
Navarra, Comunidad Foral de;Otros Países Europeos;2019T1;124,34
Navarra, Comunidad Foral de;Otros Países Europeos;2018T4;118,22
Navarra, Comunidad Foral de;Otros Países Europeos;2018T3;114,84
Navarra, Comunidad Foral de;Otros Países Europeos;2018T2;139,61
Navarra, Comunidad Foral de;Otros Países Europeos;2018T1;129,12
Navarra, Comunidad Foral de;Argentina;2025T2;140,03
Navarra, Comunidad Foral de;Argentina;2025T1;146,23
Navarra, Comunidad Foral de;Argentina;2024T4;105,36
Navarra, Comunidad Foral de;Argentina;2024T3;102,19
Navarra, Comunidad Foral de;Argentina;2024T2;100,20
Navarra, Comunidad Foral de;Argentina;2024T1;80,38
Navarra, Comunidad Foral de;Argentina;2023T4;92,55
Navarra, Comunidad Foral de;Argentina;2023T3;90,93
Navarra, Comunidad Foral de;Argentina;2023T2;92,95
Navarra, Comunidad Foral de;Argentina;2023T1;97,86
Navarra, Comunidad Foral de;Argentina;2022T4;93,91
Navarra, Comunidad Foral de;Argentina;2022T3;92,94
Navarra, Comunidad Foral de;Argentina;2022T2;83,61
Navarra, Comunidad Foral de;Argentina;2022T1;98,62
Navarra, Comunidad Foral de;Argentina;2021T4;104,45
Navarra, Comunidad Foral de;Argentina;2021T3;81,50
Navarra, Comunidad Foral de;Argentina;2021T2;72,31
Navarra, Comunidad Foral de;Argentina;2021T1;70,52
Navarra, Comunidad Foral de;Argentina;2020T4;75,29
Navarra, Comunidad Foral de;Argentina;2020T3;78,51
Navarra, Comunidad Foral de;Argentina;2020T2;.
Navarra, Comunidad Foral de;Argentina;2020T1;78,11
Navarra, Comunidad Foral de;Argentina;2019T4;85,72
Navarra, Comunidad Foral de;Argentina;2019T3;87,80
Navarra, Comunidad Foral de;Argentina;2019T2;97,34
Navarra, Comunidad Foral de;Argentina;2019T1;85,65
Navarra, Comunidad Foral de;Argentina;2018T4;90,03
Navarra, Comunidad Foral de;Argentina;2018T3;93,92
Navarra, Comunidad Foral de;Argentina;2018T2;109,74
Navarra, Comunidad Foral de;Argentina;2018T1;90,84
Navarra, Comunidad Foral de;Brasil;2025T2;100,20
Navarra, Comunidad Foral de;Brasil;2025T1;106,85
Navarra, Comunidad Foral de;Brasil;2024T4;92,93
Navarra, Comunidad Foral de;Brasil;2024T3;113,51
Navarra, Comunidad Foral de;Brasil;2024T2;104,65
Navarra, Comunidad Foral de;Brasil;2024T1;93,34
Navarra, Comunidad Foral de;Brasil;2023T4;131,85
Navarra, Comunidad Foral de;Brasil;2023T3;125,51
Navarra, Comunidad Foral de;Brasil;2023T2;125,04
Navarra, Comunidad Foral de;Brasil;2023T1;113,82
Navarra, Comunidad Foral de;Brasil;2022T4;127,20
Navarra, Comunidad Foral de;Brasil;2022T3;154,09
Navarra, Comunidad Foral de;Brasil;2022T2;127,85
Navarra, Comunidad Foral de;Brasil;2022T1;185,64
Navarra, Comunidad Foral de;Brasil;2021T4;157,69
Navarra, Comunidad Foral de;Brasil;2021T3;128,71
Navarra, Comunidad Foral de;Brasil;2021T2;113,66
Navarra, Comunidad Foral de;Brasil;2021T1;147,58
Navarra, Comunidad Foral de;Brasil;2020T4;120,03
Navarra, Comunidad Foral de;Brasil;2020T3;122,76
Navarra, Comunidad Foral de;Brasil;2020T2;.
Navarra, Comunidad Foral de;Brasil;2020T1;106,68
Navarra, Comunidad Foral de;Brasil;2019T4;107,73
Navarra, Comunidad Foral de;Brasil;2019T3;113,64
Navarra, Comunidad Foral de;Brasil;2019T2;117,33
Navarra, Comunidad Foral de;Brasil;2019T1;104,39
Navarra, Comunidad Foral de;Brasil;2018T4;151,22
Navarra, Comunidad Foral de;Brasil;2018T3;136,44
Navarra, Comunidad Foral de;Brasil;2018T2;157,13
Navarra, Comunidad Foral de;Brasil;2018T1;150,40
Navarra, Comunidad Foral de;Canadá;2025T2;111,36
Navarra, Comunidad Foral de;Canadá;2025T1;96,47
Navarra, Comunidad Foral de;Canadá;2024T4;90,12
Navarra, Comunidad Foral de;Canadá;2024T3;111,60
Navarra, Comunidad Foral de;Canadá;2024T2;111,88
Navarra, Comunidad Foral de;Canadá;2024T1;88,25
Navarra, Comunidad Foral de;Canadá;2023T4;92,08
Navarra, Comunidad Foral de;Canadá;2023T3;126,59
Navarra, Comunidad Foral de;Canadá;2023T2;107,90
Navarra, Comunidad Foral de;Canadá;2023T1;84,86
Navarra, Comunidad Foral de;Canadá;2022T4;104,38
Navarra, Comunidad Foral de;Canadá;2022T3;116,70
Navarra, Comunidad Foral de;Canadá;2022T2;109,30
Navarra, Comunidad Foral de;Canadá;2022T1;112,78
Navarra, Comunidad Foral de;Canadá;2021T4;122,78
Navarra, Comunidad Foral de;Canadá;2021T3;126,37
Navarra, Comunidad Foral de;Canadá;2021T2;103,51
Navarra, Comunidad Foral de;Canadá;2021T1;110,34
Navarra, Comunidad Foral de;Canadá;2020T4;183,46
Navarra, Comunidad Foral de;Canadá;2020T3;118,93
Navarra, Comunidad Foral de;Canadá;2020T2;.
Navarra, Comunidad Foral de;Canadá;2020T1;112,85
Navarra, Comunidad Foral de;Canadá;2019T4;98,51
Navarra, Comunidad Foral de;Canadá;2019T3;132,25
Navarra, Comunidad Foral de;Canadá;2019T2;128,96
Navarra, Comunidad Foral de;Canadá;2019T1;127,39
Navarra, Comunidad Foral de;Canadá;2018T4;107,94
Navarra, Comunidad Foral de;Canadá;2018T3;142,80
Navarra, Comunidad Foral de;Canadá;2018T2;146,29
Navarra, Comunidad Foral de;Canadá;2018T1;114,74
Navarra, Comunidad Foral de;Chile;2025T2;120,23
Navarra, Comunidad Foral de;Chile;2025T1;114,06
Navarra, Comunidad Foral de;Chile;2024T4;115,68
Navarra, Comunidad Foral de;Chile;2024T3;125,18
Navarra, Comunidad Foral de;Chile;2024T2;113,30
Navarra, Comunidad Foral de;Chile;2024T1;103,58
Navarra, Comunidad Foral de;Chile;2023T4;119,85
Navarra, Comunidad Foral de;Chile;2023T3;135,28
Navarra, Comunidad Foral de;Chile;2023T2;126,86
Navarra, Comunidad Foral de;Chile;2023T1;143,00
Navarra, Comunidad Foral de;Chile;2022T4;134,22
Navarra, Comunidad Foral de;Chile;2022T3;134,33
Navarra, Comunidad Foral de;Chile;2022T2;106,42
Navarra, Comunidad Foral de;Chile;2022T1;100,22
Navarra, Comunidad Foral de;Chile;2021T4;155,42
Navarra, Comunidad Foral de;Chile;2021T3;159,50
Navarra, Comunidad Foral de;Chile;2021T2;129,31
Navarra, Comunidad Foral de;Chile;2021T1;155,84
Navarra, Comunidad Foral de;Chile;2020T4;171,48
Navarra, Comunidad Foral de;Chile;2020T3;161,97
Navarra, Comunidad Foral de;Chile;2020T2;.
Navarra, Comunidad Foral de;Chile;2020T1;126,21
Navarra, Comunidad Foral de;Chile;2019T4;155,51
Navarra, Comunidad Foral de;Chile;2019T3;144,87
Navarra, Comunidad Foral de;Chile;2019T2;125,93
Navarra, Comunidad Foral de;Chile;2019T1;113,04
Navarra, Comunidad Foral de;Chile;2018T4;136,05
Navarra, Comunidad Foral de;Chile;2018T3;163,57
Navarra, Comunidad Foral de;Chile;2018T2;157,50
Navarra, Comunidad Foral de;Chile;2018T1;125,72
Navarra, Comunidad Foral de;Colombia;2025T2;140,28
Navarra, Comunidad Foral de;Colombia;2025T1;144,45
Navarra, Comunidad Foral de;Colombia;2024T4;123,82
Navarra, Comunidad Foral de;Colombia;2024T3;150,69
Navarra, Comunidad Foral de;Colombia;2024T2;133,02
Navarra, Comunidad Foral de;Colombia;2024T1;133,93
Navarra, Comunidad Foral de;Colombia;2023T4;128,78
Navarra, Comunidad Foral de;Colombia;2023T3;157,04
Navarra, Comunidad Foral de;Colombia;2023T2;129,39
Navarra, Comunidad Foral de;Colombia;2023T1;123,69
Navarra, Comunidad Foral de;Colombia;2022T4;122,28
Navarra, Comunidad Foral de;Colombia;2022T3;148,50
Navarra, Comunidad Foral de;Colombia;2022T2;120,36
Navarra, Comunidad Foral de;Colombia;2022T1;129,39
Navarra, Comunidad Foral de;Colombia;2021T4;149,30
Navarra, Comunidad Foral de;Colombia;2021T3;157,39
Navarra, Comunidad Foral de;Colombia;2021T2;155,13
Navarra, Comunidad Foral de;Colombia;2021T1;103,49
Navarra, Comunidad Foral de;Colombia;2020T4;110,25
Navarra, Comunidad Foral de;Colombia;2020T3;126,22
Navarra, Comunidad Foral de;Colombia;2020T2;.
Navarra, Comunidad Foral de;Colombia;2020T1;130,07
Navarra, Comunidad Foral de;Colombia;2019T4;139,12
Navarra, Comunidad Foral de;Colombia;2019T3;156,29
Navarra, Comunidad Foral de;Colombia;2019T2;144,98
Navarra, Comunidad Foral de;Colombia;2019T1;148,39
Navarra, Comunidad Foral de;Colombia;2018T4;166,80
Navarra, Comunidad Foral de;Colombia;2018T3;243,30
Navarra, Comunidad Foral de;Colombia;2018T2;222,33
Navarra, Comunidad Foral de;Colombia;2018T1;243,33
Navarra, Comunidad Foral de;Estados Unidos de América;2025T2;138,48
Navarra, Comunidad Foral de;Estados Unidos de América;2025T1;141,81
Navarra, Comunidad Foral de;Estados Unidos de América;2024T4;134,58
Navarra, Comunidad Foral de;Estados Unidos de América;2024T3;136,00
Navarra, Comunidad Foral de;Estados Unidos de América;2024T2;132,88
Navarra, Comunidad Foral de;Estados Unidos de América;2024T1;132,60
Navarra, Comunidad Foral de;Estados Unidos de América;2023T4;149,12
Navarra, Comunidad Foral de;Estados Unidos de América;2023T3;140,03
Navarra, Comunidad Foral de;Estados Unidos de América;2023T2;130,36
Navarra, Comunidad Foral de;Estados Unidos de América;2023T1;134,33
Navarra, Comunidad Foral de;Estados Unidos de América;2022T4;136,27
Navarra, Comunidad Foral de;Estados Unidos de América;2022T3;133,09
Navarra, Comunidad Foral de;Estados Unidos de América;2022T2;128,46
Navarra, Comunidad Foral de;Estados Unidos de América;2022T1;128,96
Navarra, Comunidad Foral de;Estados Unidos de América;2021T4;150,16
Navarra, Comunidad Foral de;Estados Unidos de América;2021T3;144,81
Navarra, Comunidad Foral de;Estados Unidos de América;2021T2;132,43
Navarra, Comunidad Foral de;Estados Unidos de América;2021T1;111,81
Navarra, Comunidad Foral de;Estados Unidos de América;2020T4;122,05
Navarra, Comunidad Foral de;Estados Unidos de América;2020T3;151,85
Navarra, Comunidad Foral de;Estados Unidos de América;2020T2;.
Navarra, Comunidad Foral de;Estados Unidos de América;2020T1;136,63
Navarra, Comunidad Foral de;Estados Unidos de América;2019T4;130,87
Navarra, Comunidad Foral de;Estados Unidos de América;2019T3;145,42
Navarra, Comunidad Foral de;Estados Unidos de América;2019T2;155,20
Navarra, Comunidad Foral de;Estados Unidos de América;2019T1;142,97
Navarra, Comunidad Foral de;Estados Unidos de América;2018T4;156,02
Navarra, Comunidad Foral de;Estados Unidos de América;2018T3;160,01
Navarra, Comunidad Foral de;Estados Unidos de América;2018T2;181,39
Navarra, Comunidad Foral de;Estados Unidos de América;2018T1;181,34
Navarra, Comunidad Foral de;México;2025T2;137,25
Navarra, Comunidad Foral de;México;2025T1;119,28
Navarra, Comunidad Foral de;México;2024T4;109,17
Navarra, Comunidad Foral de;México;2024T3;131,41
Navarra, Comunidad Foral de;México;2024T2;129,67
Navarra, Comunidad Foral de;México;2024T1;113,86
Navarra, Comunidad Foral de;México;2023T4;108,43
Navarra, Comunidad Foral de;México;2023T3;126,09
Navarra, Comunidad Foral de;México;2023T2;127,57
Navarra, Comunidad Foral de;México;2023T1;122,88
Navarra, Comunidad Foral de;México;2022T4;110,78
Navarra, Comunidad Foral de;México;2022T3;126,11
Navarra, Comunidad Foral de;México;2022T2;115,95
Navarra, Comunidad Foral de;México;2022T1;119,82
Navarra, Comunidad Foral de;México;2021T4;124,91
Navarra, Comunidad Foral de;México;2021T3;141,20
Navarra, Comunidad Foral de;México;2021T2;107,96
Navarra, Comunidad Foral de;México;2021T1;104,35
Navarra, Comunidad Foral de;México;2020T4;103,28
Navarra, Comunidad Foral de;México;2020T3;108,95
Navarra, Comunidad Foral de;México;2020T2;.
Navarra, Comunidad Foral de;México;2020T1;107,00
Navarra, Comunidad Foral de;México;2019T4;123,67
Navarra, Comunidad Foral de;México;2019T3;127,78
Navarra, Comunidad Foral de;México;2019T2;133,95
Navarra, Comunidad Foral de;México;2019T1;119,13
Navarra, Comunidad Foral de;México;2018T4;124,67
Navarra, Comunidad Foral de;México;2018T3;142,11
Navarra, Comunidad Foral de;México;2018T2;163,24
Navarra, Comunidad Foral de;México;2018T1;153,37
Navarra, Comunidad Foral de;Resto de América;2025T2;139,64
Navarra, Comunidad Foral de;Resto de América;2025T1;125,56
Navarra, Comunidad Foral de;Resto de América;2024T4;108,22
Navarra, Comunidad Foral de;Resto de América;2024T3;147,71
Navarra, Comunidad Foral de;Resto de América;2024T2;133,00
Navarra, Comunidad Foral de;Resto de América;2024T1;115,44
Navarra, Comunidad Foral de;Resto de América;2023T4;127,16
Navarra, Comunidad Foral de;Resto de América;2023T3;150,89
Navarra, Comunidad Foral de;Resto de América;2023T2;121,54
Navarra, Comunidad Foral de;Resto de América;2023T1;119,24
Navarra, Comunidad Foral de;Resto de América;2022T4;124,03
Navarra, Comunidad Foral de;Resto de América;2022T3;143,55
Navarra, Comunidad Foral de;Resto de América;2022T2;120,18
Navarra, Comunidad Foral de;Resto de América;2022T1;125,04
Navarra, Comunidad Foral de;Resto de América;2021T4;122,54
Navarra, Comunidad Foral de;Resto de América;2021T3;141,82
Navarra, Comunidad Foral de;Resto de América;2021T2;104,90
Navarra, Comunidad Foral de;Resto de América;2021T1;92,01
Navarra, Comunidad Foral de;Resto de América;2020T4;94,31
Navarra, Comunidad Foral de;Resto de América;2020T3;98,74
Navarra, Comunidad Foral de;Resto de América;2020T2;.
Navarra, Comunidad Foral de;Resto de América;2020T1;99,82
Navarra, Comunidad Foral de;Resto de América;2019T4;100,92
Navarra, Comunidad Foral de;Resto de América;2019T3;143,36
Navarra, Comunidad Foral de;Resto de América;2019T2;126,97
Navarra, Comunidad Foral de;Resto de América;2019T1;120,94
Navarra, Comunidad Foral de;Resto de América;2018T4;133,29
Navarra, Comunidad Foral de;Resto de América;2018T3;201,97
Navarra, Comunidad Foral de;Resto de América;2018T2;181,90
Navarra, Comunidad Foral de;Resto de América;2018T1;225,17
Navarra, Comunidad Foral de;Australia;2025T2;99,04
Navarra, Comunidad Foral de;Australia;2025T1;75,04
Navarra, Comunidad Foral de;Australia;2024T4;84,10
Navarra, Comunidad Foral de;Australia;2024T3;80,91
Navarra, Comunidad Foral de;Australia;2024T2;99,90
Navarra, Comunidad Foral de;Australia;2024T1;81,46
Navarra, Comunidad Foral de;Australia;2023T4;75,84
Navarra, Comunidad Foral de;Australia;2023T3;77,14
Navarra, Comunidad Foral de;Australia;2023T2;99,47
Navarra, Comunidad Foral de;Australia;2023T1;84,64
Navarra, Comunidad Foral de;Australia;2022T4;107,50
Navarra, Comunidad Foral de;Australia;2022T3;87,68
Navarra, Comunidad Foral de;Australia;2022T2;106,61
Navarra, Comunidad Foral de;Australia;2022T1;93,27
Navarra, Comunidad Foral de;Australia;2021T4;168,38
Navarra, Comunidad Foral de;Australia;2021T3;125,02
Navarra, Comunidad Foral de;Australia;2021T2;99,78
Navarra, Comunidad Foral de;Australia;2021T1;129,97
Navarra, Comunidad Foral de;Australia;2020T4;113,97
Navarra, Comunidad Foral de;Australia;2020T3;64,03
Navarra, Comunidad Foral de;Australia;2020T2;.
Navarra, Comunidad Foral de;Australia;2020T1;100,18
Navarra, Comunidad Foral de;Australia;2019T4;112,00
Navarra, Comunidad Foral de;Australia;2019T3;124,33
Navarra, Comunidad Foral de;Australia;2019T2;141,59
Navarra, Comunidad Foral de;Australia;2019T1;107,90
Navarra, Comunidad Foral de;Australia;2018T4;127,39
Navarra, Comunidad Foral de;Australia;2018T3;148,67
Navarra, Comunidad Foral de;Australia;2018T2;178,28
Navarra, Comunidad Foral de;Australia;2018T1;145,78
Navarra, Comunidad Foral de;China;2025T2;146,12
Navarra, Comunidad Foral de;China;2025T1;131,96
Navarra, Comunidad Foral de;China;2024T4;122,20
Navarra, Comunidad Foral de;China;2024T3;136,82
Navarra, Comunidad Foral de;China;2024T2;201,32
Navarra, Comunidad Foral de;China;2024T1;158,18
Navarra, Comunidad Foral de;China;2023T4;219,43
Navarra, Comunidad Foral de;China;2023T3;399,94
Navarra, Comunidad Foral de;China;2023T2;467,90
Navarra, Comunidad Foral de;China;2023T1;437,76
Navarra, Comunidad Foral de;China;2022T4;208,69
Navarra, Comunidad Foral de;China;2022T3;470,31
Navarra, Comunidad Foral de;China;2022T2;81,70
Navarra, Comunidad Foral de;China;2022T1;360,76
Navarra, Comunidad Foral de;China;2021T4;99,17
Navarra, Comunidad Foral de;China;2021T3;921,16
Navarra, Comunidad Foral de;China;2021T2;431,04
Navarra, Comunidad Foral de;China;2021T1;313,27
Navarra, Comunidad Foral de;China;2020T4;787,45
Navarra, Comunidad Foral de;China;2020T3;443,07
Navarra, Comunidad Foral de;China;2020T2;.
Navarra, Comunidad Foral de;China;2020T1;133,77
Navarra, Comunidad Foral de;China;2019T4;409,12
Navarra, Comunidad Foral de;China;2019T3;345,79
Navarra, Comunidad Foral de;China;2019T2;279,74
Navarra, Comunidad Foral de;China;2019T1;166,41
Navarra, Comunidad Foral de;China;2018T4;203,78
Navarra, Comunidad Foral de;China;2018T3;297,22
Navarra, Comunidad Foral de;China;2018T2;237,49
Navarra, Comunidad Foral de;China;2018T1;199,79
Navarra, Comunidad Foral de;Corea;2025T2;122,19
Navarra, Comunidad Foral de;Corea;2025T1;131,55
Navarra, Comunidad Foral de;Corea;2024T4;62,51
Navarra, Comunidad Foral de;Corea;2024T3;74,08
Navarra, Comunidad Foral de;Corea;2024T2;66,14
Navarra, Comunidad Foral de;Corea;2024T1;67,30
Navarra, Comunidad Foral de;Corea;2023T4;66,34
Navarra, Comunidad Foral de;Corea;2023T3;70,55
Navarra, Comunidad Foral de;Corea;2023T2;68,08
Navarra, Comunidad Foral de;Corea;2023T1;65,03
Navarra, Comunidad Foral de;Corea;2022T4;55,78
Navarra, Comunidad Foral de;Corea;2022T3;83,70
Navarra, Comunidad Foral de;Corea;2022T2;88,66
Navarra, Comunidad Foral de;Corea;2022T1;85,44
Navarra, Comunidad Foral de;Corea;2021T4;113,86
Navarra, Comunidad Foral de;Corea;2021T3;74,92
Navarra, Comunidad Foral de;Corea;2021T2;72,21
Navarra, Comunidad Foral de;Corea;2021T1;83,03
Navarra, Comunidad Foral de;Corea;2020T4;.
Navarra, Comunidad Foral de;Corea;2020T3;.
Navarra, Comunidad Foral de;Corea;2020T2;.
Navarra, Comunidad Foral de;Corea;2020T1;66,66
Navarra, Comunidad Foral de;Corea;2019T4;93,77
Navarra, Comunidad Foral de;Corea;2019T3;103,25
Navarra, Comunidad Foral de;Corea;2019T2;105,86
Navarra, Comunidad Foral de;Corea;2019T1;74,94
Navarra, Comunidad Foral de;Corea;2018T4;112,91
Navarra, Comunidad Foral de;Corea;2018T3;122,76
Navarra, Comunidad Foral de;Corea;2018T2;129,93
Navarra, Comunidad Foral de;Corea;2018T1;117,33
Navarra, Comunidad Foral de;Emiratos Árabes Unidos;2025T2;.
Navarra, Comunidad Foral de;Emiratos Árabes Unidos;2025T1;.
Navarra, Comunidad Foral de;Emiratos Árabes Unidos;2024T4;138,20
Navarra, Comunidad Foral de;Emiratos Árabes Unidos;2024T3;177,98
Navarra, Comunidad Foral de;Emiratos Árabes Unidos;2024T2;.
Navarra, Comunidad Foral de;Emiratos Árabes Unidos;2024T1;.
Navarra, Comunidad Foral de;Emiratos Árabes Unidos;2023T4;221,70
Navarra, Comunidad Foral de;Emiratos Árabes Unidos;2023T3;196,26
Navarra, Comunidad Foral de;Emiratos Árabes Unidos;2023T2;.
Navarra, Comunidad Foral de;Emiratos Árabes Unidos;2023T1;.
Navarra, Comunidad Foral de;Emiratos Árabes Unidos;2022T4;.
Navarra, Comunidad Foral de;Emiratos Árabes Unidos;2022T3;.
Navarra, Comunidad Foral de;Emiratos Árabes Unidos;2022T2;.
Navarra, Comunidad Foral de;Emiratos Árabes Unidos;2022T1;192,33
Navarra, Comunidad Foral de;Emiratos Árabes Unidos;2021T4;141,35
Navarra, Comunidad Foral de;Emiratos Árabes Unidos;2021T3;164,83
Navarra, Comunidad Foral de;Emiratos Árabes Unidos;2021T2;182,88
Navarra, Comunidad Foral de;Emiratos Árabes Unidos;2021T1;186,15
Navarra, Comunidad Foral de;Emiratos Árabes Unidos;2020T4;142,99
Navarra, Comunidad Foral de;Emiratos Árabes Unidos;2020T3;168,17
Navarra, Comunidad Foral de;Emiratos Árabes Unidos;2020T2;.
Navarra, Comunidad Foral de;Emiratos Árabes Unidos;2020T1;241,14
Navarra, Comunidad Foral de;Emiratos Árabes Unidos;2019T4;212,76
Navarra, Comunidad Foral de;Emiratos Árabes Unidos;2019T3;180,26
Navarra, Comunidad Foral de;Emiratos Árabes Unidos;2019T2;315,27
Navarra, Comunidad Foral de;Emiratos Árabes Unidos;2019T1;248,50
Navarra, Comunidad Foral de;Emiratos Árabes Unidos;2018T4;380,11
Navarra, Comunidad Foral de;Emiratos Árabes Unidos;2018T3;213,47
Navarra, Comunidad Foral de;Emiratos Árabes Unidos;2018T2;267,96
Navarra, Comunidad Foral de;Emiratos Árabes Unidos;2018T1;271,31
Navarra, Comunidad Foral de;Japón;2025T2;80,44
Navarra, Comunidad Foral de;Japón;2025T1;87,06
Navarra, Comunidad Foral de;Japón;2024T4;85,72
Navarra, Comunidad Foral de;Japón;2024T3;70,95
Navarra, Comunidad Foral de;Japón;2024T2;86,42
Navarra, Comunidad Foral de;Japón;2024T1;73,47
Navarra, Comunidad Foral de;Japón;2023T4;74,11
Navarra, Comunidad Foral de;Japón;2023T3;89,99
Navarra, Comunidad Foral de;Japón;2023T2;85,19
Navarra, Comunidad Foral de;Japón;2023T1;92,64
Navarra, Comunidad Foral de;Japón;2022T4;88,70
Navarra, Comunidad Foral de;Japón;2022T3;86,31
Navarra, Comunidad Foral de;Japón;2022T2;113,84
Navarra, Comunidad Foral de;Japón;2022T1;92,66
Navarra, Comunidad Foral de;Japón;2021T4;93,24
Navarra, Comunidad Foral de;Japón;2021T3;109,41
Navarra, Comunidad Foral de;Japón;2021T2;99,46
Navarra, Comunidad Foral de;Japón;2021T1;66,33
Navarra, Comunidad Foral de;Japón;2020T4;.
Navarra, Comunidad Foral de;Japón;2020T3;.
Navarra, Comunidad Foral de;Japón;2020T2;.
Navarra, Comunidad Foral de;Japón;2020T1;104,77
Navarra, Comunidad Foral de;Japón;2019T4;125,29
Navarra, Comunidad Foral de;Japón;2019T3;128,30
Navarra, Comunidad Foral de;Japón;2019T2;105,87
Navarra, Comunidad Foral de;Japón;2019T1;116,46
Navarra, Comunidad Foral de;Japón;2018T4;149,83
Navarra, Comunidad Foral de;Japón;2018T3;125,75
Navarra, Comunidad Foral de;Japón;2018T2;181,31
Navarra, Comunidad Foral de;Japón;2018T1;148,33
Navarra, Comunidad Foral de;Turquía;2025T2;108,21
Navarra, Comunidad Foral de;Turquía;2025T1;120,11
Navarra, Comunidad Foral de;Turquía;2024T4;.
Navarra, Comunidad Foral de;Turquía;2024T3;.
Navarra, Comunidad Foral de;Turquía;2024T2;136,41
Navarra, Comunidad Foral de;Turquía;2024T1;166,02
Navarra, Comunidad Foral de;Turquía;2023T4;.
Navarra, Comunidad Foral de;Turquía;2023T3;.
Navarra, Comunidad Foral de;Turquía;2023T2;148,42
Navarra, Comunidad Foral de;Turquía;2023T1;137,12
Navarra, Comunidad Foral de;Turquía;2022T4;157,74
Navarra, Comunidad Foral de;Turquía;2022T3;121,31
Navarra, Comunidad Foral de;Turquía;2022T2;131,00
Navarra, Comunidad Foral de;Turquía;2022T1;149,00
Navarra, Comunidad Foral de;Turquía;2021T4;103,34
Navarra, Comunidad Foral de;Turquía;2021T3;135,97
Navarra, Comunidad Foral de;Turquía;2021T2;68,56
Navarra, Comunidad Foral de;Turquía;2021T1;143,44
Navarra, Comunidad Foral de;Turquía;2020T4;210,00
Navarra, Comunidad Foral de;Turquía;2020T3;73,07
Navarra, Comunidad Foral de;Turquía;2020T2;.
Navarra, Comunidad Foral de;Turquía;2020T1;157,12
Navarra, Comunidad Foral de;Turquía;2019T4;105,09
Navarra, Comunidad Foral de;Turquía;2019T3;87,73
Navarra, Comunidad Foral de;Turquía;2019T2;100,04
Navarra, Comunidad Foral de;Turquía;2019T1;132,66
Navarra, Comunidad Foral de;Turquía;2018T4;65,77
Navarra, Comunidad Foral de;Turquía;2018T3;93,49
Navarra, Comunidad Foral de;Turquía;2018T2;162,15
Navarra, Comunidad Foral de;Turquía;2018T1;163,60
Navarra, Comunidad Foral de;Resto del mundo;2025T2;154,22
Navarra, Comunidad Foral de;Resto del mundo;2025T1;163,38
Navarra, Comunidad Foral de;Resto del mundo;2024T4;146,17
Navarra, Comunidad Foral de;Resto del mundo;2024T3;138,59
Navarra, Comunidad Foral de;Resto del mundo;2024T2;159,86
Navarra, Comunidad Foral de;Resto del mundo;2024T1;207,81
Navarra, Comunidad Foral de;Resto del mundo;2023T4;178,66
Navarra, Comunidad Foral de;Resto del mundo;2023T3;157,34
Navarra, Comunidad Foral de;Resto del mundo;2023T2;166,63
Navarra, Comunidad Foral de;Resto del mundo;2023T1;236,58
Navarra, Comunidad Foral de;Resto del mundo;2022T4;185,20
Navarra, Comunidad Foral de;Resto del mundo;2022T3;193,19
Navarra, Comunidad Foral de;Resto del mundo;2022T2;161,96
Navarra, Comunidad Foral de;Resto del mundo;2022T1;175,42
Navarra, Comunidad Foral de;Resto del mundo;2021T4;195,86
Navarra, Comunidad Foral de;Resto del mundo;2021T3;219,68
Navarra, Comunidad Foral de;Resto del mundo;2021T2;236,82
Navarra, Comunidad Foral de;Resto del mundo;2021T1;219,37
Navarra, Comunidad Foral de;Resto del mundo;2020T4;221,44
Navarra, Comunidad Foral de;Resto del mundo;2020T3;306,85
Navarra, Comunidad Foral de;Resto del mundo;2020T2;.
Navarra, Comunidad Foral de;Resto del mundo;2020T1;229,27
Navarra, Comunidad Foral de;Resto del mundo;2019T4;196,50
Navarra, Comunidad Foral de;Resto del mundo;2019T3;191,64
Navarra, Comunidad Foral de;Resto del mundo;2019T2;221,86
Navarra, Comunidad Foral de;Resto del mundo;2019T1;209,65
Navarra, Comunidad Foral de;Resto del mundo;2018T4;235,61
Navarra, Comunidad Foral de;Resto del mundo;2018T3;201,00
Navarra, Comunidad Foral de;Resto del mundo;2018T2;269,75
Navarra, Comunidad Foral de;Resto del mundo;2018T1;249,68
País Vasco;Total;2025T2;194,20
País Vasco;Total;2025T1;175,37
País Vasco;Total;2024T4;184,51
País Vasco;Total;2024T3;162,84
País Vasco;Total;2024T2;192,08
País Vasco;Total;2024T1;194,81
País Vasco;Total;2023T4;180,58
País Vasco;Total;2023T3;171,12
País Vasco;Total;2023T2;181,96
País Vasco;Total;2023T1;211,70
País Vasco;Total;2022T4;197,26
País Vasco;Total;2022T3;171,95
País Vasco;Total;2022T2;199,89
País Vasco;Total;2022T1;164,42
País Vasco;Total;2021T4;170,51
País Vasco;Total;2021T3;145,76
País Vasco;Total;2021T2;131,28
País Vasco;Total;2021T1;101,34
País Vasco;Total;2020T4;128,86
País Vasco;Total;2020T3;122,12
País Vasco;Total;2020T2;.
País Vasco;Total;2020T1;134,26
País Vasco;Total;2019T4;150,77
País Vasco;Total;2019T3;137,23
País Vasco;Total;2019T2;168,26
País Vasco;Total;2019T1;143,21
País Vasco;Total;2018T4;142,57
País Vasco;Total;2018T3;135,63
País Vasco;Total;2018T2;148,24
País Vasco;Total;2018T1;151,02
País Vasco;Alemania;2025T2;163,57
País Vasco;Alemania;2025T1;130,28
País Vasco;Alemania;2024T4;143,78
País Vasco;Alemania;2024T3;141,48
País Vasco;Alemania;2024T2;169,80
País Vasco;Alemania;2024T1;158,61
País Vasco;Alemania;2023T4;145,52
País Vasco;Alemania;2023T3;157,42
País Vasco;Alemania;2023T2;165,98
País Vasco;Alemania;2023T1;164,90
País Vasco;Alemania;2022T4;154,17
País Vasco;Alemania;2022T3;161,86
País Vasco;Alemania;2022T2;188,82
País Vasco;Alemania;2022T1;133,44
País Vasco;Alemania;2021T4;146,03
País Vasco;Alemania;2021T3;143,62
País Vasco;Alemania;2021T2;125,90
País Vasco;Alemania;2021T1;91,71
País Vasco;Alemania;2020T4;117,42
País Vasco;Alemania;2020T3;124,44
País Vasco;Alemania;2020T2;.
País Vasco;Alemania;2020T1;142,28
País Vasco;Alemania;2019T4;168,32
País Vasco;Alemania;2019T3;167,98
País Vasco;Alemania;2019T2;212,56
País Vasco;Alemania;2019T1;164,13
País Vasco;Alemania;2018T4;168,25
País Vasco;Alemania;2018T3;173,02
País Vasco;Alemania;2018T2;200,61
País Vasco;Alemania;2018T1;199,46
País Vasco;Andorra;2025T2;.
País Vasco;Andorra;2025T1;242,13
País Vasco;Andorra;2024T4;232,22
País Vasco;Andorra;2024T3;193,35
País Vasco;Andorra;2024T2;220,66
País Vasco;Andorra;2024T1;276,06
País Vasco;Andorra;2023T4;225,96
País Vasco;Andorra;2023T3;222,34
País Vasco;Andorra;2023T2;218,33
País Vasco;Andorra;2023T1;328,21
País Vasco;Andorra;2022T4;278,96
País Vasco;Andorra;2022T3;231,11
País Vasco;Andorra;2022T2;259,19
País Vasco;Andorra;2022T1;247,40
País Vasco;Andorra;2021T4;237,17
País Vasco;Andorra;2021T3;190,46
País Vasco;Andorra;2021T2;191,26
País Vasco;Andorra;2021T1;160,43
País Vasco;Andorra;2020T4;149,60
País Vasco;Andorra;2020T3;145,07
País Vasco;Andorra;2020T2;.
País Vasco;Andorra;2020T1;184,21
País Vasco;Andorra;2019T4;235,27
País Vasco;Andorra;2019T3;188,57
País Vasco;Andorra;2019T2;274,43
País Vasco;Andorra;2019T1;253,70
País Vasco;Andorra;2018T4;199,02
País Vasco;Andorra;2018T3;156,15
País Vasco;Andorra;2018T2;207,67
País Vasco;Andorra;2018T1;251,90
País Vasco;Austria;2025T2;172,38
País Vasco;Austria;2025T1;137,01
País Vasco;Austria;2024T4;157,56
País Vasco;Austria;2024T3;144,73
País Vasco;Austria;2024T2;177,27
País Vasco;Austria;2024T1;156,80
País Vasco;Austria;2023T4;159,74
País Vasco;Austria;2023T3;159,21
País Vasco;Austria;2023T2;187,88
País Vasco;Austria;2023T1;166,20
País Vasco;Austria;2022T4;159,78
País Vasco;Austria;2022T3;161,79
País Vasco;Austria;2022T2;212,98
País Vasco;Austria;2022T1;134,75
País Vasco;Austria;2021T4;154,61
País Vasco;Austria;2021T3;137,30
País Vasco;Austria;2021T2;111,32
País Vasco;Austria;2021T1;70,50
País Vasco;Austria;2020T4;124,37
País Vasco;Austria;2020T3;103,02
País Vasco;Austria;2020T2;.
País Vasco;Austria;2020T1;152,18
País Vasco;Austria;2019T4;182,09
País Vasco;Austria;2019T3;181,97
País Vasco;Austria;2019T2;227,67
País Vasco;Austria;2019T1;180,54
País Vasco;Austria;2018T4;196,11
País Vasco;Austria;2018T3;190,09
País Vasco;Austria;2018T2;219,78
País Vasco;Austria;2018T1;214,81
País Vasco;Bélgica;2025T2;179,00
País Vasco;Bélgica;2025T1;146,00
País Vasco;Bélgica;2024T4;158,34
País Vasco;Bélgica;2024T3;152,27
País Vasco;Bélgica;2024T2;177,28
País Vasco;Bélgica;2024T1;173,06
País Vasco;Bélgica;2023T4;161,19
País Vasco;Bélgica;2023T3;163,83
País Vasco;Bélgica;2023T2;176,92
País Vasco;Bélgica;2023T1;188,33
País Vasco;Bélgica;2022T4;177,21
País Vasco;Bélgica;2022T3;168,85
País Vasco;Bélgica;2022T2;193,96
País Vasco;Bélgica;2022T1;148,49
País Vasco;Bélgica;2021T4;154,66
País Vasco;Bélgica;2021T3;142,19
País Vasco;Bélgica;2021T2;119,51
País Vasco;Bélgica;2021T1;77,05
País Vasco;Bélgica;2020T4;109,94
País Vasco;Bélgica;2020T3;116,95
País Vasco;Bélgica;2020T2;.
País Vasco;Bélgica;2020T1;127,06
País Vasco;Bélgica;2019T4;141,20
País Vasco;Bélgica;2019T3;131,07
País Vasco;Bélgica;2019T2;174,41
País Vasco;Bélgica;2019T1;136,44
País Vasco;Bélgica;2018T4;140,15
País Vasco;Bélgica;2018T3;129,24
País Vasco;Bélgica;2018T2;154,65
País Vasco;Bélgica;2018T1;152,59
País Vasco;Dinamarca;2025T2;163,85
País Vasco;Dinamarca;2025T1;131,38
País Vasco;Dinamarca;2024T4;147,11
País Vasco;Dinamarca;2024T3;149,99
País Vasco;Dinamarca;2024T2;173,03
País Vasco;Dinamarca;2024T1;159,31
País Vasco;Dinamarca;2023T4;135,06
País Vasco;Dinamarca;2023T3;162,48
País Vasco;Dinamarca;2023T2;164,03
País Vasco;Dinamarca;2023T1;173,54
País Vasco;Dinamarca;2022T4;155,26
País Vasco;Dinamarca;2022T3;161,60
País Vasco;Dinamarca;2022T2;187,16
País Vasco;Dinamarca;2022T1;135,99
País Vasco;Dinamarca;2021T4;152,25
País Vasco;Dinamarca;2021T3;147,38
País Vasco;Dinamarca;2021T2;121,85
País Vasco;Dinamarca;2021T1;84,26
País Vasco;Dinamarca;2020T4;95,36
País Vasco;Dinamarca;2020T3;111,41
País Vasco;Dinamarca;2020T2;.
País Vasco;Dinamarca;2020T1;117,60
País Vasco;Dinamarca;2019T4;133,52
País Vasco;Dinamarca;2019T3;134,43
País Vasco;Dinamarca;2019T2;173,44
País Vasco;Dinamarca;2019T1;131,86
País Vasco;Dinamarca;2018T4;129,60
País Vasco;Dinamarca;2018T3;132,71
País Vasco;Dinamarca;2018T2;152,90
País Vasco;Dinamarca;2018T1;132,16
País Vasco;Finlandia;2025T2;139,50
País Vasco;Finlandia;2025T1;106,14
País Vasco;Finlandia;2024T4;115,28
País Vasco;Finlandia;2024T3;118,96
País Vasco;Finlandia;2024T2;120,54
País Vasco;Finlandia;2024T1;122,92
País Vasco;Finlandia;2023T4;124,02
País Vasco;Finlandia;2023T3;133,85
País Vasco;Finlandia;2023T2;126,17
País Vasco;Finlandia;2023T1;125,97
País Vasco;Finlandia;2022T4;135,26
País Vasco;Finlandia;2022T3;126,62
País Vasco;Finlandia;2022T2;151,24
País Vasco;Finlandia;2022T1;114,02
País Vasco;Finlandia;2021T4;123,38
País Vasco;Finlandia;2021T3;111,69
País Vasco;Finlandia;2021T2;94,75
País Vasco;Finlandia;2021T1;62,94
País Vasco;Finlandia;2020T4;116,44
País Vasco;Finlandia;2020T3;107,31
País Vasco;Finlandia;2020T2;.
País Vasco;Finlandia;2020T1;98,47
País Vasco;Finlandia;2019T4;114,30
País Vasco;Finlandia;2019T3;118,71
País Vasco;Finlandia;2019T2;139,85
País Vasco;Finlandia;2019T1;114,35
País Vasco;Finlandia;2018T4;115,02
País Vasco;Finlandia;2018T3;123,08
País Vasco;Finlandia;2018T2;118,95
País Vasco;Finlandia;2018T1;118,76
País Vasco;Francia;2025T2;245,80
País Vasco;Francia;2025T1;222,57
País Vasco;Francia;2024T4;231,06
País Vasco;Francia;2024T3;192,63
País Vasco;Francia;2024T2;228,39
País Vasco;Francia;2024T1;236,50
País Vasco;Francia;2023T4;221,53
País Vasco;Francia;2023T3;193,61
País Vasco;Francia;2023T2;210,39
País Vasco;Francia;2023T1;250,46
País Vasco;Francia;2022T4;232,52
País Vasco;Francia;2022T3;185,68
País Vasco;Francia;2022T2;225,17
País Vasco;Francia;2022T1;185,25
País Vasco;Francia;2021T4;186,56
País Vasco;Francia;2021T3;150,41
País Vasco;Francia;2021T2;142,28
País Vasco;Francia;2021T1;111,45
País Vasco;Francia;2020T4;134,60
País Vasco;Francia;2020T3;125,47
País Vasco;Francia;2020T2;.
País Vasco;Francia;2020T1;138,34
País Vasco;Francia;2019T4;151,21
País Vasco;Francia;2019T3;129,12
País Vasco;Francia;2019T2;160,73
País Vasco;Francia;2019T1;137,51
País Vasco;Francia;2018T4;130,24
País Vasco;Francia;2018T3;116,29
País Vasco;Francia;2018T2;126,42
País Vasco;Francia;2018T1;134,91
País Vasco;Irlanda;2025T2;153,25
País Vasco;Irlanda;2025T1;128,03
País Vasco;Irlanda;2024T4;148,31
País Vasco;Irlanda;2024T3;135,30
País Vasco;Irlanda;2024T2;151,84
País Vasco;Irlanda;2024T1;169,59
País Vasco;Irlanda;2023T4;136,50
País Vasco;Irlanda;2023T3;140,59
País Vasco;Irlanda;2023T2;140,91
País Vasco;Irlanda;2023T1;155,89
País Vasco;Irlanda;2022T4;147,74
País Vasco;Irlanda;2022T3;137,02
País Vasco;Irlanda;2022T2;156,86
País Vasco;Irlanda;2022T1;114,93
País Vasco;Irlanda;2021T4;133,66
País Vasco;Irlanda;2021T3;121,78
País Vasco;Irlanda;2021T2;91,96
País Vasco;Irlanda;2021T1;70,78
País Vasco;Irlanda;2020T4;88,81
País Vasco;Irlanda;2020T3;100,35
País Vasco;Irlanda;2020T2;.
País Vasco;Irlanda;2020T1;100,88
País Vasco;Irlanda;2019T4;125,48
País Vasco;Irlanda;2019T3;140,43
País Vasco;Irlanda;2019T2;159,72
País Vasco;Irlanda;2019T1;128,23
País Vasco;Irlanda;2018T4;139,38
País Vasco;Irlanda;2018T3;164,92
País Vasco;Irlanda;2018T2;185,52
País Vasco;Irlanda;2018T1;172,74
País Vasco;Italia;2025T2;132,02
País Vasco;Italia;2025T1;106,34
País Vasco;Italia;2024T4;111,50
País Vasco;Italia;2024T3;121,97
País Vasco;Italia;2024T2;134,88
País Vasco;Italia;2024T1;129,56
País Vasco;Italia;2023T4;113,38
País Vasco;Italia;2023T3;137,25
País Vasco;Italia;2023T2;133,07
País Vasco;Italia;2023T1;138,22
País Vasco;Italia;2022T4;125,46
País Vasco;Italia;2022T3;143,90
País Vasco;Italia;2022T2;143,00
País Vasco;Italia;2022T1;109,03
País Vasco;Italia;2021T4;118,40
País Vasco;Italia;2021T3;118,87
País Vasco;Italia;2021T2;95,47
País Vasco;Italia;2021T1;74,06
País Vasco;Italia;2020T4;111,04
País Vasco;Italia;2020T3;113,99
País Vasco;Italia;2020T2;.
País Vasco;Italia;2020T1;114,47
País Vasco;Italia;2019T4;120,96
País Vasco;Italia;2019T3;135,12
País Vasco;Italia;2019T2;161,34
País Vasco;Italia;2019T1;136,36
País Vasco;Italia;2018T4;134,75
País Vasco;Italia;2018T3;145,68
País Vasco;Italia;2018T2;160,37
País Vasco;Italia;2018T1;168,71
País Vasco;Noruega;2025T2;170,88
País Vasco;Noruega;2025T1;158,69
País Vasco;Noruega;2024T4;165,91
País Vasco;Noruega;2024T3;154,21
País Vasco;Noruega;2024T2;169,08
País Vasco;Noruega;2024T1;171,94
País Vasco;Noruega;2023T4;158,61
País Vasco;Noruega;2023T3;161,26
País Vasco;Noruega;2023T2;174,54
País Vasco;Noruega;2023T1;200,54
País Vasco;Noruega;2022T4;187,68
País Vasco;Noruega;2022T3;187,91
País Vasco;Noruega;2022T2;203,92
País Vasco;Noruega;2022T1;182,20
País Vasco;Noruega;2021T4;177,89
País Vasco;Noruega;2021T3;158,53
País Vasco;Noruega;2021T2;123,12
País Vasco;Noruega;2021T1;92,89
País Vasco;Noruega;2020T4;134,24
País Vasco;Noruega;2020T3;116,90
País Vasco;Noruega;2020T2;.
País Vasco;Noruega;2020T1;128,28
País Vasco;Noruega;2019T4;153,08
País Vasco;Noruega;2019T3;151,80
País Vasco;Noruega;2019T2;186,77
País Vasco;Noruega;2019T1;152,90
País Vasco;Noruega;2018T4;144,32
País Vasco;Noruega;2018T3;157,32
País Vasco;Noruega;2018T2;183,28
País Vasco;Noruega;2018T1;195,01
País Vasco;Países Bajos;2025T2;146,31
País Vasco;Países Bajos;2025T1;123,68
País Vasco;Países Bajos;2024T4;133,33
País Vasco;Países Bajos;2024T3;126,04
País Vasco;Países Bajos;2024T2;141,77
País Vasco;Países Bajos;2024T1;141,58
País Vasco;Países Bajos;2023T4;126,21
País Vasco;Países Bajos;2023T3;132,06
País Vasco;Países Bajos;2023T2;134,75
País Vasco;Países Bajos;2023T1;153,82
País Vasco;Países Bajos;2022T4;139,28
País Vasco;Países Bajos;2022T3;133,00
País Vasco;Países Bajos;2022T2;148,81
País Vasco;Países Bajos;2022T1;118,44
País Vasco;Países Bajos;2021T4;129,62
País Vasco;Países Bajos;2021T3;115,74
País Vasco;Países Bajos;2021T2;102,51
País Vasco;Países Bajos;2021T1;75,16
País Vasco;Países Bajos;2020T4;91,17
País Vasco;Países Bajos;2020T3;95,40
País Vasco;Países Bajos;2020T2;.
País Vasco;Países Bajos;2020T1;96,42
País Vasco;Países Bajos;2019T4;115,03
País Vasco;Países Bajos;2019T3;113,15
País Vasco;Países Bajos;2019T2;140,33
País Vasco;Países Bajos;2019T1;114,92
País Vasco;Países Bajos;2018T4;119,87
País Vasco;Países Bajos;2018T3;115,64
País Vasco;Países Bajos;2018T2;137,88
País Vasco;Países Bajos;2018T1;132,83
País Vasco;Polonia;2025T2;123,55
País Vasco;Polonia;2025T1;106,86
País Vasco;Polonia;2024T4;112,94
País Vasco;Polonia;2024T3;110,42
País Vasco;Polonia;2024T2;122,68
País Vasco;Polonia;2024T1;126,65
País Vasco;Polonia;2023T4;119,56
País Vasco;Polonia;2023T3;116,79
País Vasco;Polonia;2023T2;117,45
País Vasco;Polonia;2023T1;147,22
País Vasco;Polonia;2022T4;133,21
País Vasco;Polonia;2022T3;118,61
País Vasco;Polonia;2022T2;126,82
País Vasco;Polonia;2022T1;106,13
País Vasco;Polonia;2021T4;118,75
País Vasco;Polonia;2021T3;95,71
País Vasco;Polonia;2021T2;89,08
País Vasco;Polonia;2021T1;68,52
País Vasco;Polonia;2020T4;85,52
País Vasco;Polonia;2020T3;83,29
País Vasco;Polonia;2020T2;.
País Vasco;Polonia;2020T1;91,08
País Vasco;Polonia;2019T4;105,87
País Vasco;Polonia;2019T3;99,14
País Vasco;Polonia;2019T2;129,76
País Vasco;Polonia;2019T1;111,54
País Vasco;Polonia;2018T4;111,49
País Vasco;Polonia;2018T3;111,85
País Vasco;Polonia;2018T2;113,28
País Vasco;Polonia;2018T1;142,72
País Vasco;Portugal;2025T2;131,07
País Vasco;Portugal;2025T1;119,99
País Vasco;Portugal;2024T4;132,59
País Vasco;Portugal;2024T3;130,84
País Vasco;Portugal;2024T2;139,09
País Vasco;Portugal;2024T1;140,77
País Vasco;Portugal;2023T4;139,48
País Vasco;Portugal;2023T3;143,25
País Vasco;Portugal;2023T2;133,29
País Vasco;Portugal;2023T1;159,23
País Vasco;Portugal;2022T4;158,02
País Vasco;Portugal;2022T3;156,54
País Vasco;Portugal;2022T2;171,09
País Vasco;Portugal;2022T1;142,18
País Vasco;Portugal;2021T4;145,76
País Vasco;Portugal;2021T3;128,70
País Vasco;Portugal;2021T2;109,74
País Vasco;Portugal;2021T1;82,90
País Vasco;Portugal;2020T4;106,23
País Vasco;Portugal;2020T3;111,70
País Vasco;Portugal;2020T2;.
País Vasco;Portugal;2020T1;131,01
País Vasco;Portugal;2019T4;145,66
País Vasco;Portugal;2019T3;137,87
País Vasco;Portugal;2019T2;169,29
País Vasco;Portugal;2019T1;149,34
País Vasco;Portugal;2018T4;141,33
País Vasco;Portugal;2018T3;134,63
País Vasco;Portugal;2018T2;145,22
País Vasco;Portugal;2018T1;154,70
País Vasco;Reino Unido;2025T2;144,80
País Vasco;Reino Unido;2025T1;125,30
País Vasco;Reino Unido;2024T4;134,38
País Vasco;Reino Unido;2024T3;128,45
País Vasco;Reino Unido;2024T2;146,07
País Vasco;Reino Unido;2024T1;141,66
País Vasco;Reino Unido;2023T4;130,78
País Vasco;Reino Unido;2023T3;137,70
País Vasco;Reino Unido;2023T2;144,67
País Vasco;Reino Unido;2023T1;152,15
País Vasco;Reino Unido;2022T4;148,36
País Vasco;Reino Unido;2022T3;143,14
País Vasco;Reino Unido;2022T2;162,61
País Vasco;Reino Unido;2022T1;129,80
País Vasco;Reino Unido;2021T4;139,90
País Vasco;Reino Unido;2021T3;128,37
País Vasco;Reino Unido;2021T2;112,66
País Vasco;Reino Unido;2021T1;80,71
País Vasco;Reino Unido;2020T4;102,21
País Vasco;Reino Unido;2020T3;96,26
País Vasco;Reino Unido;2020T2;.
País Vasco;Reino Unido;2020T1;123,70
País Vasco;Reino Unido;2019T4;142,09
País Vasco;Reino Unido;2019T3;130,83
País Vasco;Reino Unido;2019T2;154,89
País Vasco;Reino Unido;2019T1;153,43
País Vasco;Reino Unido;2018T4;168,84
País Vasco;Reino Unido;2018T3;160,89
País Vasco;Reino Unido;2018T2;178,16
País Vasco;Reino Unido;2018T1;178,97
País Vasco;Rumanía;2025T2;147,69
País Vasco;Rumanía;2025T1;138,70
País Vasco;Rumanía;2024T4;137,87
País Vasco;Rumanía;2024T3;127,41
País Vasco;Rumanía;2024T2;147,13
País Vasco;Rumanía;2024T1;150,81
País Vasco;Rumanía;2023T4;145,80
País Vasco;Rumanía;2023T3;149,27
País Vasco;Rumanía;2023T2;153,62
País Vasco;Rumanía;2023T1;167,55
País Vasco;Rumanía;2022T4;164,07
País Vasco;Rumanía;2022T3;152,34
País Vasco;Rumanía;2022T2;177,84
País Vasco;Rumanía;2022T1;140,99
País Vasco;Rumanía;2021T4;146,70
País Vasco;Rumanía;2021T3;122,45
País Vasco;Rumanía;2021T2;108,77
País Vasco;Rumanía;2021T1;83,95
País Vasco;Rumanía;2020T4;113,00
País Vasco;Rumanía;2020T3;108,39
País Vasco;Rumanía;2020T2;.
País Vasco;Rumanía;2020T1;117,64
País Vasco;Rumanía;2019T4;133,06
País Vasco;Rumanía;2019T3;121,92
País Vasco;Rumanía;2019T2;146,73
País Vasco;Rumanía;2019T1;141,03
País Vasco;Rumanía;2018T4;139,15
País Vasco;Rumanía;2018T3;138,51
País Vasco;Rumanía;2018T2;140,04
País Vasco;Rumanía;2018T1;146,89
País Vasco;Rusia;2025T2;.
País Vasco;Rusia;2025T1;.
País Vasco;Rusia;2024T4;.
País Vasco;Rusia;2024T3;.
País Vasco;Rusia;2024T2;.
País Vasco;Rusia;2024T1;.
País Vasco;Rusia;2023T4;.
País Vasco;Rusia;2023T3;.
País Vasco;Rusia;2023T2;.
País Vasco;Rusia;2023T1;.
País Vasco;Rusia;2022T4;.
País Vasco;Rusia;2022T3;.
País Vasco;Rusia;2022T2;.
País Vasco;Rusia;2022T1;182,42
País Vasco;Rusia;2021T4;156,27
País Vasco;Rusia;2021T3;146,44
País Vasco;Rusia;2021T2;107,02
País Vasco;Rusia;2021T1;73,82
País Vasco;Rusia;2020T4;94,13
País Vasco;Rusia;2020T3;119,70
País Vasco;Rusia;2020T2;.
País Vasco;Rusia;2020T1;118,85
País Vasco;Rusia;2019T4;123,05
País Vasco;Rusia;2019T3;137,99
País Vasco;Rusia;2019T2;147,52
País Vasco;Rusia;2019T1;123,08
País Vasco;Rusia;2018T4;138,09
País Vasco;Rusia;2018T3;154,06
País Vasco;Rusia;2018T2;161,51
País Vasco;Rusia;2018T1;151,01
País Vasco;Suecia;2025T2;168,73
País Vasco;Suecia;2025T1;125,88
País Vasco;Suecia;2024T4;141,47
País Vasco;Suecia;2024T3;126,83
País Vasco;Suecia;2024T2;151,72
País Vasco;Suecia;2024T1;146,48
País Vasco;Suecia;2023T4;136,64
País Vasco;Suecia;2023T3;139,33
País Vasco;Suecia;2023T2;148,83
País Vasco;Suecia;2023T1;153,84
País Vasco;Suecia;2022T4;149,40
País Vasco;Suecia;2022T3;145,42
País Vasco;Suecia;2022T2;167,48
País Vasco;Suecia;2022T1;109,12
País Vasco;Suecia;2021T4;130,33
País Vasco;Suecia;2021T3;132,09
País Vasco;Suecia;2021T2;96,24
País Vasco;Suecia;2021T1;69,40
País Vasco;Suecia;2020T4;99,73
País Vasco;Suecia;2020T3;99,46
País Vasco;Suecia;2020T2;.
País Vasco;Suecia;2020T1;105,55
País Vasco;Suecia;2019T4;135,97
País Vasco;Suecia;2019T3;122,94
País Vasco;Suecia;2019T2;150,90
País Vasco;Suecia;2019T1;123,21
País Vasco;Suecia;2018T4;122,04
País Vasco;Suecia;2018T3;124,41
País Vasco;Suecia;2018T2;144,77
País Vasco;Suecia;2018T1;150,04
País Vasco;Suiza;2025T2;240,61
País Vasco;Suiza;2025T1;222,28
País Vasco;Suiza;2024T4;232,59
País Vasco;Suiza;2024T3;193,66
País Vasco;Suiza;2024T2;249,21
País Vasco;Suiza;2024T1;251,92
País Vasco;Suiza;2023T4;234,57
País Vasco;Suiza;2023T3;214,38
País Vasco;Suiza;2023T2;243,59
País Vasco;Suiza;2023T1;287,49
País Vasco;Suiza;2022T4;277,25
País Vasco;Suiza;2022T3;230,17
País Vasco;Suiza;2022T2;283,13
País Vasco;Suiza;2022T1;231,03
País Vasco;Suiza;2021T4;256,74
País Vasco;Suiza;2021T3;197,37
País Vasco;Suiza;2021T2;198,57
País Vasco;Suiza;2021T1;175,31
País Vasco;Suiza;2020T4;236,21
País Vasco;Suiza;2020T3;171,61
País Vasco;Suiza;2020T2;.
País Vasco;Suiza;2020T1;220,42
País Vasco;Suiza;2019T4;249,68
País Vasco;Suiza;2019T3;204,74
País Vasco;Suiza;2019T2;295,00
País Vasco;Suiza;2019T1;254,67
País Vasco;Suiza;2018T4;250,10
País Vasco;Suiza;2018T3;211,14
País Vasco;Suiza;2018T2;266,75
País Vasco;Suiza;2018T1;290,16
País Vasco;Otros Países Europeos;2025T2;140,16
País Vasco;Otros Países Europeos;2025T1;117,75
País Vasco;Otros Países Europeos;2024T4;130,30
País Vasco;Otros Países Europeos;2024T3;129,46
País Vasco;Otros Países Europeos;2024T2;139,60
País Vasco;Otros Países Europeos;2024T1;133,27
País Vasco;Otros Países Europeos;2023T4;126,71
País Vasco;Otros Países Europeos;2023T3;137,72
País Vasco;Otros Países Europeos;2023T2;133,20
País Vasco;Otros Países Europeos;2023T1;149,24
País Vasco;Otros Países Europeos;2022T4;141,53
País Vasco;Otros Países Europeos;2022T3;138,09
País Vasco;Otros Países Europeos;2022T2;138,94
País Vasco;Otros Países Europeos;2022T1;107,38
País Vasco;Otros Países Europeos;2021T4;123,26
País Vasco;Otros Países Europeos;2021T3;112,84
País Vasco;Otros Países Europeos;2021T2;92,29
País Vasco;Otros Países Europeos;2021T1;66,70
País Vasco;Otros Países Europeos;2020T4;85,24
País Vasco;Otros Países Europeos;2020T3;87,97
País Vasco;Otros Países Europeos;2020T2;.
País Vasco;Otros Países Europeos;2020T1;90,95
País Vasco;Otros Países Europeos;2019T4;106,06
País Vasco;Otros Países Europeos;2019T3;109,37
País Vasco;Otros Países Europeos;2019T2;130,28
País Vasco;Otros Países Europeos;2019T1;106,61
País Vasco;Otros Países Europeos;2018T4;110,15
País Vasco;Otros Países Europeos;2018T3;115,58
País Vasco;Otros Países Europeos;2018T2;121,56
País Vasco;Otros Países Europeos;2018T1;119,24
País Vasco;Argentina;2025T2;175,66
País Vasco;Argentina;2025T1;141,47
País Vasco;Argentina;2024T4;142,49
País Vasco;Argentina;2024T3;134,44
País Vasco;Argentina;2024T2;154,00
País Vasco;Argentina;2024T1;128,20
País Vasco;Argentina;2023T4;111,39
País Vasco;Argentina;2023T3;120,74
País Vasco;Argentina;2023T2;127,62
País Vasco;Argentina;2023T1;131,51
País Vasco;Argentina;2022T4;127,32
País Vasco;Argentina;2022T3;123,73
País Vasco;Argentina;2022T2;139,04
País Vasco;Argentina;2022T1;100,18
País Vasco;Argentina;2021T4;101,97
País Vasco;Argentina;2021T3;89,83
País Vasco;Argentina;2021T2;70,00
País Vasco;Argentina;2021T1;56,66
País Vasco;Argentina;2020T4;73,33
País Vasco;Argentina;2020T3;76,32
País Vasco;Argentina;2020T2;.
País Vasco;Argentina;2020T1;79,63
País Vasco;Argentina;2019T4;91,83
País Vasco;Argentina;2019T3;101,82
País Vasco;Argentina;2019T2;116,08
País Vasco;Argentina;2019T1;98,27
País Vasco;Argentina;2018T4;97,19
País Vasco;Argentina;2018T3;107,47
País Vasco;Argentina;2018T2;119,66
País Vasco;Argentina;2018T1;130,00
País Vasco;Brasil;2025T2;160,85
País Vasco;Brasil;2025T1;126,97
País Vasco;Brasil;2024T4;138,06
País Vasco;Brasil;2024T3;131,33
País Vasco;Brasil;2024T2;157,90
País Vasco;Brasil;2024T1;138,70
País Vasco;Brasil;2023T4;129,15
País Vasco;Brasil;2023T3;143,17
País Vasco;Brasil;2023T2;147,34
País Vasco;Brasil;2023T1;162,80
País Vasco;Brasil;2022T4;170,38
País Vasco;Brasil;2022T3;187,84
País Vasco;Brasil;2022T2;205,60
País Vasco;Brasil;2022T1;159,62
País Vasco;Brasil;2021T4;186,86
País Vasco;Brasil;2021T3;187,90
País Vasco;Brasil;2021T2;99,45
País Vasco;Brasil;2021T1;94,72
País Vasco;Brasil;2020T4;110,02
País Vasco;Brasil;2020T3;103,51
País Vasco;Brasil;2020T2;.
País Vasco;Brasil;2020T1;136,93
País Vasco;Brasil;2019T4;177,23
País Vasco;Brasil;2019T3;173,93
País Vasco;Brasil;2019T2;187,17
País Vasco;Brasil;2019T1;154,68
País Vasco;Brasil;2018T4;143,45
País Vasco;Brasil;2018T3;172,54
País Vasco;Brasil;2018T2;178,85
País Vasco;Brasil;2018T1;196,12
País Vasco;Canadá;2025T2;189,55
País Vasco;Canadá;2025T1;162,47
País Vasco;Canadá;2024T4;171,80
País Vasco;Canadá;2024T3;156,19
País Vasco;Canadá;2024T2;181,63
País Vasco;Canadá;2024T1;182,16
País Vasco;Canadá;2023T4;157,80
País Vasco;Canadá;2023T3;171,00
País Vasco;Canadá;2023T2;173,16
País Vasco;Canadá;2023T1;165,50
País Vasco;Canadá;2022T4;187,27
País Vasco;Canadá;2022T3;177,24
País Vasco;Canadá;2022T2;183,55
País Vasco;Canadá;2022T1;139,39
País Vasco;Canadá;2021T4;165,35
País Vasco;Canadá;2021T3;153,64
País Vasco;Canadá;2021T2;116,65
País Vasco;Canadá;2021T1;121,82
País Vasco;Canadá;2020T4;126,91
País Vasco;Canadá;2020T3;138,83
País Vasco;Canadá;2020T2;.
País Vasco;Canadá;2020T1;143,83
País Vasco;Canadá;2019T4;167,21
País Vasco;Canadá;2019T3;142,79
País Vasco;Canadá;2019T2;172,44
País Vasco;Canadá;2019T1;183,17
País Vasco;Canadá;2018T4;161,25
País Vasco;Canadá;2018T3;160,69
País Vasco;Canadá;2018T2;167,61
País Vasco;Canadá;2018T1;187,58
País Vasco;Chile;2025T2;161,46
País Vasco;Chile;2025T1;116,04
País Vasco;Chile;2024T4;123,05
País Vasco;Chile;2024T3;134,21
País Vasco;Chile;2024T2;149,66
País Vasco;Chile;2024T1;120,04
País Vasco;Chile;2023T4;124,70
País Vasco;Chile;2023T3;152,54
País Vasco;Chile;2023T2;153,04
País Vasco;Chile;2023T1;139,63
País Vasco;Chile;2022T4;146,88
País Vasco;Chile;2022T3;141,93
País Vasco;Chile;2022T2;158,12
País Vasco;Chile;2022T1;125,56
País Vasco;Chile;2021T4;161,96
País Vasco;Chile;2021T3;151,66
País Vasco;Chile;2021T2;135,22
País Vasco;Chile;2021T1;113,52
País Vasco;Chile;2020T4;146,96
País Vasco;Chile;2020T3;105,99
País Vasco;Chile;2020T2;.
País Vasco;Chile;2020T1;114,44
País Vasco;Chile;2019T4;143,83
País Vasco;Chile;2019T3;150,75
País Vasco;Chile;2019T2;154,43
País Vasco;Chile;2019T1;125,58
País Vasco;Chile;2018T4;137,38
País Vasco;Chile;2018T3;158,15
País Vasco;Chile;2018T2;172,24
País Vasco;Chile;2018T1;157,88
País Vasco;Colombia;2025T2;161,92
País Vasco;Colombia;2025T1;141,43
País Vasco;Colombia;2024T4;148,62
País Vasco;Colombia;2024T3;151,92
País Vasco;Colombia;2024T2;159,34
País Vasco;Colombia;2024T1;172,97
País Vasco;Colombia;2023T4;167,48
País Vasco;Colombia;2023T3;165,29
País Vasco;Colombia;2023T2;161,24
País Vasco;Colombia;2023T1;172,18
País Vasco;Colombia;2022T4;171,75
País Vasco;Colombia;2022T3;165,31
País Vasco;Colombia;2022T2;183,52
País Vasco;Colombia;2022T1;160,57
País Vasco;Colombia;2021T4;191,50
País Vasco;Colombia;2021T3;189,13
País Vasco;Colombia;2021T2;159,53
País Vasco;Colombia;2021T1;149,10
País Vasco;Colombia;2020T4;203,69
País Vasco;Colombia;2020T3;162,06
País Vasco;Colombia;2020T2;.
País Vasco;Colombia;2020T1;190,98
País Vasco;Colombia;2019T4;191,02
País Vasco;Colombia;2019T3;183,24
País Vasco;Colombia;2019T2;209,85
País Vasco;Colombia;2019T1;202,08
País Vasco;Colombia;2018T4;207,97
País Vasco;Colombia;2018T3;186,64
País Vasco;Colombia;2018T2;202,82
País Vasco;Colombia;2018T1;232,77
País Vasco;Estados Unidos de América;2025T2;226,97
País Vasco;Estados Unidos de América;2025T1;178,55
País Vasco;Estados Unidos de América;2024T4;202,28
País Vasco;Estados Unidos de América;2024T3;186,73
País Vasco;Estados Unidos de América;2024T2;225,99
País Vasco;Estados Unidos de América;2024T1;199,19
País Vasco;Estados Unidos de América;2023T4;198,66
País Vasco;Estados Unidos de América;2023T3;201,62
País Vasco;Estados Unidos de América;2023T2;212,37
País Vasco;Estados Unidos de América;2023T1;221,75
País Vasco;Estados Unidos de América;2022T4;219,98
País Vasco;Estados Unidos de América;2022T3;207,17
País Vasco;Estados Unidos de América;2022T2;227,08
País Vasco;Estados Unidos de América;2022T1;164,24
País Vasco;Estados Unidos de América;2021T4;195,29
País Vasco;Estados Unidos de América;2021T3;185,68
País Vasco;Estados Unidos de América;2021T2;175,03
País Vasco;Estados Unidos de América;2021T1;137,74
País Vasco;Estados Unidos de América;2020T4;196,20
País Vasco;Estados Unidos de América;2020T3;157,80
País Vasco;Estados Unidos de América;2020T2;.
País Vasco;Estados Unidos de América;2020T1;150,33
País Vasco;Estados Unidos de América;2019T4;181,36
País Vasco;Estados Unidos de América;2019T3;173,46
País Vasco;Estados Unidos de América;2019T2;199,34
País Vasco;Estados Unidos de América;2019T1;183,75
País Vasco;Estados Unidos de América;2018T4;184,21
País Vasco;Estados Unidos de América;2018T3;194,21
País Vasco;Estados Unidos de América;2018T2;195,52
País Vasco;Estados Unidos de América;2018T1;210,33
País Vasco;México;2025T2;198,50
País Vasco;México;2025T1;158,55
País Vasco;México;2024T4;162,57
País Vasco;México;2024T3;168,44
País Vasco;México;2024T2;183,57
País Vasco;México;2024T1;172,79
País Vasco;México;2023T4;171,70
País Vasco;México;2023T3;190,37
País Vasco;México;2023T2;177,89
País Vasco;México;2023T1;183,97
País Vasco;México;2022T4;182,76
País Vasco;México;2022T3;196,87
País Vasco;México;2022T2;196,42
País Vasco;México;2022T1;136,58
País Vasco;México;2021T4;169,97
País Vasco;México;2021T3;183,12
País Vasco;México;2021T2;143,47
País Vasco;México;2021T1;102,34
País Vasco;México;2020T4;126,21
País Vasco;México;2020T3;117,95
País Vasco;México;2020T2;.
País Vasco;México;2020T1;118,91
País Vasco;México;2019T4;150,28
País Vasco;México;2019T3;157,64
País Vasco;México;2019T2;170,13
País Vasco;México;2019T1;153,14
País Vasco;México;2018T4;146,03
País Vasco;México;2018T3;161,62
País Vasco;México;2018T2;153,77
País Vasco;México;2018T1;160,38
País Vasco;Resto de América;2025T2;185,24
País Vasco;Resto de América;2025T1;151,04
País Vasco;Resto de América;2024T4;171,65
País Vasco;Resto de América;2024T3;162,49
País Vasco;Resto de América;2024T2;188,73
País Vasco;Resto de América;2024T1;182,29
País Vasco;Resto de América;2023T4;166,63
País Vasco;Resto de América;2023T3;176,20
País Vasco;Resto de América;2023T2;183,14
País Vasco;Resto de América;2023T1;204,26
País Vasco;Resto de América;2022T4;201,62
País Vasco;Resto de América;2022T3;192,83
País Vasco;Resto de América;2022T2;217,37
País Vasco;Resto de América;2022T1;173,46
País Vasco;Resto de América;2021T4;183,57
País Vasco;Resto de América;2021T3;176,57
País Vasco;Resto de América;2021T2;164,28
País Vasco;Resto de América;2021T1;194,64
País Vasco;Resto de América;2020T4;269,90
País Vasco;Resto de América;2020T3;213,17
País Vasco;Resto de América;2020T2;.
País Vasco;Resto de América;2020T1;181,26
País Vasco;Resto de América;2019T4;185,86
País Vasco;Resto de América;2019T3;168,34
País Vasco;Resto de América;2019T2;202,94
País Vasco;Resto de América;2019T1;175,05
País Vasco;Resto de América;2018T4;191,02
País Vasco;Resto de América;2018T3;180,72
País Vasco;Resto de América;2018T2;197,31
País Vasco;Resto de América;2018T1;205,65
País Vasco;Australia;2025T2;154,93
País Vasco;Australia;2025T1;119,06
País Vasco;Australia;2024T4;134,85
País Vasco;Australia;2024T3;122,11
País Vasco;Australia;2024T2;150,13
País Vasco;Australia;2024T1;143,96
País Vasco;Australia;2023T4;123,09
País Vasco;Australia;2023T3;128,27
País Vasco;Australia;2023T2;145,70
País Vasco;Australia;2023T1;157,31
País Vasco;Australia;2022T4;146,99
País Vasco;Australia;2022T3;143,80
País Vasco;Australia;2022T2;163,37
País Vasco;Australia;2022T1;133,11
País Vasco;Australia;2021T4;143,06
País Vasco;Australia;2021T3;130,50
País Vasco;Australia;2021T2;132,21
País Vasco;Australia;2021T1;89,51
País Vasco;Australia;2020T4;146,41
País Vasco;Australia;2020T3;87,72
País Vasco;Australia;2020T2;.
País Vasco;Australia;2020T1;126,37
País Vasco;Australia;2019T4;142,66
País Vasco;Australia;2019T3;140,73
País Vasco;Australia;2019T2;166,82
País Vasco;Australia;2019T1;160,07
País Vasco;Australia;2018T4;153,01
País Vasco;Australia;2018T3;160,78
País Vasco;Australia;2018T2;187,23
País Vasco;Australia;2018T1;247,56
País Vasco;China;2025T2;220,12
País Vasco;China;2025T1;195,37
País Vasco;China;2024T4;217,48
País Vasco;China;2024T3;266,38
País Vasco;China;2024T2;331,25
País Vasco;China;2024T1;300,76
País Vasco;China;2023T4;306,97
País Vasco;China;2023T3;303,27
País Vasco;China;2023T2;323,89
País Vasco;China;2023T1;359,25
País Vasco;China;2022T4;288,56
País Vasco;China;2022T3;236,05
País Vasco;China;2022T2;265,73
País Vasco;China;2022T1;249,64
País Vasco;China;2021T4;232,98
País Vasco;China;2021T3;219,83
País Vasco;China;2021T2;277,82
País Vasco;China;2021T1;254,61
País Vasco;China;2020T4;257,13
País Vasco;China;2020T3;402,29
País Vasco;China;2020T2;.
País Vasco;China;2020T1;237,19
País Vasco;China;2019T4;308,09
País Vasco;China;2019T3;356,24
País Vasco;China;2019T2;382,21
País Vasco;China;2019T1;321,20
País Vasco;China;2018T4;331,48
País Vasco;China;2018T3;364,69
País Vasco;China;2018T2;354,56
País Vasco;China;2018T1;265,99
País Vasco;Corea;2025T2;132,00
País Vasco;Corea;2025T1;99,03
País Vasco;Corea;2024T4;.
País Vasco;Corea;2024T3;.
País Vasco;Corea;2024T2;120,28
País Vasco;Corea;2024T1;118,29
País Vasco;Corea;2023T4;106,41
País Vasco;Corea;2023T3;154,74
País Vasco;Corea;2023T2;129,73
País Vasco;Corea;2023T1;143,90
País Vasco;Corea;2022T4;.
País Vasco;Corea;2022T3;.
País Vasco;Corea;2022T2;.
País Vasco;Corea;2022T1;123,69
País Vasco;Corea;2021T4;139,88
País Vasco;Corea;2021T3;93,93
País Vasco;Corea;2021T2;143,84
País Vasco;Corea;2021T1;144,74
País Vasco;Corea;2020T4;182,59
País Vasco;Corea;2020T3;126,52
País Vasco;Corea;2020T2;.
País Vasco;Corea;2020T1;93,11
País Vasco;Corea;2019T4;133,02
País Vasco;Corea;2019T3;139,29
País Vasco;Corea;2019T2;173,14
País Vasco;Corea;2019T1;131,13
País Vasco;Corea;2018T4;157,77
País Vasco;Corea;2018T3;182,07
País Vasco;Corea;2018T2;177,03
País Vasco;Corea;2018T1;178,66
País Vasco;Emiratos Árabes Unidos;2025T2;319,39
País Vasco;Emiratos Árabes Unidos;2025T1;.
País Vasco;Emiratos Árabes Unidos;2024T4;304,73
País Vasco;Emiratos Árabes Unidos;2024T3;258,22
País Vasco;Emiratos Árabes Unidos;2024T2;.
País Vasco;Emiratos Árabes Unidos;2024T1;.
País Vasco;Emiratos Árabes Unidos;2023T4;312,17
País Vasco;Emiratos Árabes Unidos;2023T3;274,42
País Vasco;Emiratos Árabes Unidos;2023T2;.
País Vasco;Emiratos Árabes Unidos;2023T1;.
País Vasco;Emiratos Árabes Unidos;2022T4;322,26
País Vasco;Emiratos Árabes Unidos;2022T3;282,95
País Vasco;Emiratos Árabes Unidos;2022T2;378,86
País Vasco;Emiratos Árabes Unidos;2022T1;194,44
País Vasco;Emiratos Árabes Unidos;2021T4;281,36
País Vasco;Emiratos Árabes Unidos;2021T3;251,80
País Vasco;Emiratos Árabes Unidos;2021T2;211,68
País Vasco;Emiratos Árabes Unidos;2021T1;150,47
País Vasco;Emiratos Árabes Unidos;2020T4;218,27
País Vasco;Emiratos Árabes Unidos;2020T3;238,56
País Vasco;Emiratos Árabes Unidos;2020T2;.
País Vasco;Emiratos Árabes Unidos;2020T1;298,49
País Vasco;Emiratos Árabes Unidos;2019T4;252,15
País Vasco;Emiratos Árabes Unidos;2019T3;265,48
País Vasco;Emiratos Árabes Unidos;2019T2;275,96
País Vasco;Emiratos Árabes Unidos;2019T1;271,55
País Vasco;Emiratos Árabes Unidos;2018T4;310,14
País Vasco;Emiratos Árabes Unidos;2018T3;233,20
País Vasco;Emiratos Árabes Unidos;2018T2;297,22
País Vasco;Emiratos Árabes Unidos;2018T1;421,47
País Vasco;Japón;2025T2;182,23
País Vasco;Japón;2025T1;121,18
País Vasco;Japón;2024T4;149,29
País Vasco;Japón;2024T3;138,64
País Vasco;Japón;2024T2;158,55
País Vasco;Japón;2024T1;134,24
País Vasco;Japón;2023T4;131,65
País Vasco;Japón;2023T3;182,51
País Vasco;Japón;2023T2;160,75
País Vasco;Japón;2023T1;145,73
País Vasco;Japón;2022T4;151,95
País Vasco;Japón;2022T3;166,21
País Vasco;Japón;2022T2;194,64
País Vasco;Japón;2022T1;151,59
País Vasco;Japón;2021T4;144,94
País Vasco;Japón;2021T3;149,30
País Vasco;Japón;2021T2;150,51
País Vasco;Japón;2021T1;91,67
País Vasco;Japón;2020T4;142,00
País Vasco;Japón;2020T3;140,03
País Vasco;Japón;2020T2;.
País Vasco;Japón;2020T1;123,84
País Vasco;Japón;2019T4;161,86
País Vasco;Japón;2019T3;171,34
País Vasco;Japón;2019T2;190,34
País Vasco;Japón;2019T1;147,17
País Vasco;Japón;2018T4;185,68
País Vasco;Japón;2018T3;207,43
País Vasco;Japón;2018T2;226,36
País Vasco;Japón;2018T1;225,78
País Vasco;Turquía;2025T2;209,83
País Vasco;Turquía;2025T1;157,04
País Vasco;Turquía;2024T4;210,71
País Vasco;Turquía;2024T3;154,46
País Vasco;Turquía;2024T2;247,55
País Vasco;Turquía;2024T1;185,35
País Vasco;Turquía;2023T4;.
País Vasco;Turquía;2023T3;.
País Vasco;Turquía;2023T2;230,24
País Vasco;Turquía;2023T1;237,97
País Vasco;Turquía;2022T4;241,63
País Vasco;Turquía;2022T3;191,29
País Vasco;Turquía;2022T2;257,52
País Vasco;Turquía;2022T1;179,32
País Vasco;Turquía;2021T4;181,95
País Vasco;Turquía;2021T3;184,29
País Vasco;Turquía;2021T2;138,84
País Vasco;Turquía;2021T1;94,16
País Vasco;Turquía;2020T4;112,81
País Vasco;Turquía;2020T3;91,78
País Vasco;Turquía;2020T2;.
País Vasco;Turquía;2020T1;132,52
País Vasco;Turquía;2019T4;170,56
País Vasco;Turquía;2019T3;153,47
País Vasco;Turquía;2019T2;209,43
País Vasco;Turquía;2019T1;166,25
País Vasco;Turquía;2018T4;192,95
País Vasco;Turquía;2018T3;180,92
País Vasco;Turquía;2018T2;209,60
País Vasco;Turquía;2018T1;191,20
País Vasco;Resto del mundo;2025T2;236,84
País Vasco;Resto del mundo;2025T1;218,93
País Vasco;Resto del mundo;2024T4;226,68
País Vasco;Resto del mundo;2024T3;202,23
País Vasco;Resto del mundo;2024T2;243,15
País Vasco;Resto del mundo;2024T1;251,86
País Vasco;Resto del mundo;2023T4;245,76
País Vasco;Resto del mundo;2023T3;219,61
País Vasco;Resto del mundo;2023T2;244,24
País Vasco;Resto del mundo;2023T1;325,24
País Vasco;Resto del mundo;2022T4;293,57
País Vasco;Resto del mundo;2022T3;262,90
País Vasco;Resto del mundo;2022T2;317,03
País Vasco;Resto del mundo;2022T1;307,43
País Vasco;Resto del mundo;2021T4;289,70
País Vasco;Resto del mundo;2021T3;250,02
País Vasco;Resto del mundo;2021T2;246,53
País Vasco;Resto del mundo;2021T1;239,75
País Vasco;Resto del mundo;2020T4;297,39
País Vasco;Resto del mundo;2020T3;266,10
País Vasco;Resto del mundo;2020T2;.
País Vasco;Resto del mundo;2020T1;259,04
País Vasco;Resto del mundo;2019T4;246,56
País Vasco;Resto del mundo;2019T3;226,82
País Vasco;Resto del mundo;2019T2;308,46
País Vasco;Resto del mundo;2019T1;311,11
País Vasco;Resto del mundo;2018T4;283,07
País Vasco;Resto del mundo;2018T3;240,93
País Vasco;Resto del mundo;2018T2;287,45
País Vasco;Resto del mundo;2018T1;314,60
Rioja, La;Total;2025T2;427,41
Rioja, La;Total;2025T1;726,89
Rioja, La;Total;2024T4;533,84
Rioja, La;Total;2024T3;397,31
Rioja, La;Total;2024T2;343,07
Rioja, La;Total;2024T1;525,65
Rioja, La;Total;2023T4;370,57
Rioja, La;Total;2023T3;300,92
Rioja, La;Total;2023T2;448,49
Rioja, La;Total;2023T1;550,39
Rioja, La;Total;2022T4;555,95
Rioja, La;Total;2022T3;423,60
Rioja, La;Total;2022T2;395,68
Rioja, La;Total;2022T1;603,49
Rioja, La;Total;2021T4;470,22
Rioja, La;Total;2021T3;307,83
Rioja, La;Total;2021T2;566,96
Rioja, La;Total;2021T1;784,94
Rioja, La;Total;2020T4;396,83
Rioja, La;Total;2020T3;321,55
Rioja, La;Total;2020T2;.
Rioja, La;Total;2020T1;397,26
Rioja, La;Total;2019T4;342,49
Rioja, La;Total;2019T3;346,67
Rioja, La;Total;2019T2;323,08
Rioja, La;Total;2019T1;550,23
Rioja, La;Total;2018T4;447,16
Rioja, La;Total;2018T3;312,31
Rioja, La;Total;2018T2;345,59
Rioja, La;Total;2018T1;321,28
Rioja, La;Alemania;2025T2;462,10
Rioja, La;Alemania;2025T1;677,02
Rioja, La;Alemania;2024T4;527,06
Rioja, La;Alemania;2024T3;403,71
Rioja, La;Alemania;2024T2;350,86
Rioja, La;Alemania;2024T1;422,77
Rioja, La;Alemania;2023T4;349,36
Rioja, La;Alemania;2023T3;321,68
Rioja, La;Alemania;2023T2;502,70
Rioja, La;Alemania;2023T1;535,35
Rioja, La;Alemania;2022T4;539,28
Rioja, La;Alemania;2022T3;468,03
Rioja, La;Alemania;2022T2;447,50
Rioja, La;Alemania;2022T1;525,06
Rioja, La;Alemania;2021T4;501,43
Rioja, La;Alemania;2021T3;333,61
Rioja, La;Alemania;2021T2;574,09
Rioja, La;Alemania;2021T1;726,50
Rioja, La;Alemania;2020T4;454,43
Rioja, La;Alemania;2020T3;386,06
Rioja, La;Alemania;2020T2;.
Rioja, La;Alemania;2020T1;486,90
Rioja, La;Alemania;2019T4;403,79
Rioja, La;Alemania;2019T3;422,35
Rioja, La;Alemania;2019T2;412,72
Rioja, La;Alemania;2019T1;693,00
Rioja, La;Alemania;2018T4;531,21
Rioja, La;Alemania;2018T3;372,24
Rioja, La;Alemania;2018T2;436,42
Rioja, La;Alemania;2018T1;397,70
Rioja, La;Andorra;2025T2;459,32
Rioja, La;Andorra;2025T1;836,82
Rioja, La;Andorra;2024T4;629,70
Rioja, La;Andorra;2024T3;447,27
Rioja, La;Andorra;2024T2;406,29
Rioja, La;Andorra;2024T1;600,17
Rioja, La;Andorra;2023T4;459,73
Rioja, La;Andorra;2023T3;351,12
Rioja, La;Andorra;2023T2;656,75
Rioja, La;Andorra;2023T1;820,16
Rioja, La;Andorra;2022T4;675,60
Rioja, La;Andorra;2022T3;475,00
Rioja, La;Andorra;2022T2;441,49
Rioja, La;Andorra;2022T1;700,17
Rioja, La;Andorra;2021T4;537,70
Rioja, La;Andorra;2021T3;304,50
Rioja, La;Andorra;2021T2;692,55
Rioja, La;Andorra;2021T1;863,65
Rioja, La;Andorra;2020T4;320,81
Rioja, La;Andorra;2020T3;261,22
Rioja, La;Andorra;2020T2;.
Rioja, La;Andorra;2020T1;399,45
Rioja, La;Andorra;2019T4;332,53
Rioja, La;Andorra;2019T3;309,67
Rioja, La;Andorra;2019T2;269,51
Rioja, La;Andorra;2019T1;452,93
Rioja, La;Andorra;2018T4;444,04
Rioja, La;Andorra;2018T3;245,98
Rioja, La;Andorra;2018T2;255,17
Rioja, La;Andorra;2018T1;219,65
Rioja, La;Austria;2025T2;465,55
Rioja, La;Austria;2025T1;482,26
Rioja, La;Austria;2024T4;439,84
Rioja, La;Austria;2024T3;449,48
Rioja, La;Austria;2024T2;431,85
Rioja, La;Austria;2024T1;419,61
Rioja, La;Austria;2023T4;444,56
Rioja, La;Austria;2023T3;342,04
Rioja, La;Austria;2023T2;507,03
Rioja, La;Austria;2023T1;479,23
Rioja, La;Austria;2022T4;479,27
Rioja, La;Austria;2022T3;436,27
Rioja, La;Austria;2022T2;524,79
Rioja, La;Austria;2022T1;421,43
Rioja, La;Austria;2021T4;469,08
Rioja, La;Austria;2021T3;385,52
Rioja, La;Austria;2021T2;499,01
Rioja, La;Austria;2021T1;680,37
Rioja, La;Austria;2020T4;342,84
Rioja, La;Austria;2020T3;299,25
Rioja, La;Austria;2020T2;.
Rioja, La;Austria;2020T1;459,57
Rioja, La;Austria;2019T4;410,24
Rioja, La;Austria;2019T3;537,05
Rioja, La;Austria;2019T2;439,43
Rioja, La;Austria;2019T1;582,25
Rioja, La;Austria;2018T4;543,70
Rioja, La;Austria;2018T3;388,18
Rioja, La;Austria;2018T2;494,08
Rioja, La;Austria;2018T1;390,46
Rioja, La;Bélgica;2025T2;574,27
Rioja, La;Bélgica;2025T1;788,47
Rioja, La;Bélgica;2024T4;572,09
Rioja, La;Bélgica;2024T3;462,78
Rioja, La;Bélgica;2024T2;388,00
Rioja, La;Bélgica;2024T1;517,18
Rioja, La;Bélgica;2023T4;372,58
Rioja, La;Bélgica;2023T3;360,98
Rioja, La;Bélgica;2023T2;484,15
Rioja, La;Bélgica;2023T1;520,73
Rioja, La;Bélgica;2022T4;513,25
Rioja, La;Bélgica;2022T3;535,74
Rioja, La;Bélgica;2022T2;420,28
Rioja, La;Bélgica;2022T1;516,21
Rioja, La;Bélgica;2021T4;509,88
Rioja, La;Bélgica;2021T3;352,95
Rioja, La;Bélgica;2021T2;582,99
Rioja, La;Bélgica;2021T1;550,88
Rioja, La;Bélgica;2020T4;390,30
Rioja, La;Bélgica;2020T3;328,05
Rioja, La;Bélgica;2020T2;.
Rioja, La;Bélgica;2020T1;394,39
Rioja, La;Bélgica;2019T4;355,04
Rioja, La;Bélgica;2019T3;389,76
Rioja, La;Bélgica;2019T2;370,09
Rioja, La;Bélgica;2019T1;559,17
Rioja, La;Bélgica;2018T4;416,85
Rioja, La;Bélgica;2018T3;347,35
Rioja, La;Bélgica;2018T2;339,40
Rioja, La;Bélgica;2018T1;272,43
Rioja, La;Dinamarca;2025T2;337,37
Rioja, La;Dinamarca;2025T1;709,28
Rioja, La;Dinamarca;2024T4;508,80
Rioja, La;Dinamarca;2024T3;359,63
Rioja, La;Dinamarca;2024T2;274,50
Rioja, La;Dinamarca;2024T1;488,00
Rioja, La;Dinamarca;2023T4;363,73
Rioja, La;Dinamarca;2023T3;267,53
Rioja, La;Dinamarca;2023T2;315,29
Rioja, La;Dinamarca;2023T1;503,75
Rioja, La;Dinamarca;2022T4;561,32
Rioja, La;Dinamarca;2022T3;377,09
Rioja, La;Dinamarca;2022T2;293,30
Rioja, La;Dinamarca;2022T1;454,80
Rioja, La;Dinamarca;2021T4;319,79
Rioja, La;Dinamarca;2021T3;298,50
Rioja, La;Dinamarca;2021T2;576,89
Rioja, La;Dinamarca;2021T1;529,41
Rioja, La;Dinamarca;2020T4;.
Rioja, La;Dinamarca;2020T3;229,27
Rioja, La;Dinamarca;2020T2;.
Rioja, La;Dinamarca;2020T1;357,47
Rioja, La;Dinamarca;2019T4;301,94
Rioja, La;Dinamarca;2019T3;329,48
Rioja, La;Dinamarca;2019T2;321,24
Rioja, La;Dinamarca;2019T1;554,89
Rioja, La;Dinamarca;2018T4;383,51
Rioja, La;Dinamarca;2018T3;266,47
Rioja, La;Dinamarca;2018T2;282,38
Rioja, La;Dinamarca;2018T1;182,87
Rioja, La;Finlandia;2025T2;337,69
Rioja, La;Finlandia;2025T1;544,44
Rioja, La;Finlandia;2024T4;353,41
Rioja, La;Finlandia;2024T3;302,62
Rioja, La;Finlandia;2024T2;209,63
Rioja, La;Finlandia;2024T1;298,23
Rioja, La;Finlandia;2023T4;285,43
Rioja, La;Finlandia;2023T3;255,40
Rioja, La;Finlandia;2023T2;413,53
Rioja, La;Finlandia;2023T1;463,90
Rioja, La;Finlandia;2022T4;379,19
Rioja, La;Finlandia;2022T3;403,30
Rioja, La;Finlandia;2022T2;274,17
Rioja, La;Finlandia;2022T1;276,88
Rioja, La;Finlandia;2021T4;247,56
Rioja, La;Finlandia;2021T3;278,20
Rioja, La;Finlandia;2021T2;339,35
Rioja, La;Finlandia;2021T1;386,93
Rioja, La;Finlandia;2020T4;159,48
Rioja, La;Finlandia;2020T3;256,61
Rioja, La;Finlandia;2020T2;.
Rioja, La;Finlandia;2020T1;354,72
Rioja, La;Finlandia;2019T4;384,12
Rioja, La;Finlandia;2019T3;233,78
Rioja, La;Finlandia;2019T2;211,34
Rioja, La;Finlandia;2019T1;567,72
Rioja, La;Finlandia;2018T4;425,72
Rioja, La;Finlandia;2018T3;252,82
Rioja, La;Finlandia;2018T2;280,24
Rioja, La;Finlandia;2018T1;330,20
Rioja, La;Francia;2025T2;460,73
Rioja, La;Francia;2025T1;848,79
Rioja, La;Francia;2024T4;571,30
Rioja, La;Francia;2024T3;430,17
Rioja, La;Francia;2024T2;381,23
Rioja, La;Francia;2024T1;569,73
Rioja, La;Francia;2023T4;389,85
Rioja, La;Francia;2023T3;306,12
Rioja, La;Francia;2023T2;472,96
Rioja, La;Francia;2023T1;600,02
Rioja, La;Francia;2022T4;579,16
Rioja, La;Francia;2022T3;436,41
Rioja, La;Francia;2022T2;392,78
Rioja, La;Francia;2022T1;646,63
Rioja, La;Francia;2021T4;475,13
Rioja, La;Francia;2021T3;293,95
Rioja, La;Francia;2021T2;573,97
Rioja, La;Francia;2021T1;694,58
Rioja, La;Francia;2020T4;367,69
Rioja, La;Francia;2020T3;284,79
Rioja, La;Francia;2020T2;.
Rioja, La;Francia;2020T1;364,34
Rioja, La;Francia;2019T4;322,82
Rioja, La;Francia;2019T3;321,33
Rioja, La;Francia;2019T2;280,25
Rioja, La;Francia;2019T1;508,05
Rioja, La;Francia;2018T4;385,96
Rioja, La;Francia;2018T3;273,35
Rioja, La;Francia;2018T2;263,30
Rioja, La;Francia;2018T1;251,39
Rioja, La;Irlanda;2025T2;440,36
Rioja, La;Irlanda;2025T1;633,50
Rioja, La;Irlanda;2024T4;540,10
Rioja, La;Irlanda;2024T3;538,29
Rioja, La;Irlanda;2024T2;331,10
Rioja, La;Irlanda;2024T1;476,36
Rioja, La;Irlanda;2023T4;295,99
Rioja, La;Irlanda;2023T3;264,48
Rioja, La;Irlanda;2023T2;361,89
Rioja, La;Irlanda;2023T1;436,30
Rioja, La;Irlanda;2022T4;453,76
Rioja, La;Irlanda;2022T3;349,78
Rioja, La;Irlanda;2022T2;346,74
Rioja, La;Irlanda;2022T1;427,00
Rioja, La;Irlanda;2021T4;371,85
Rioja, La;Irlanda;2021T3;275,37
Rioja, La;Irlanda;2021T2;421,64
Rioja, La;Irlanda;2021T1;540,35
Rioja, La;Irlanda;2020T4;215,74
Rioja, La;Irlanda;2020T3;251,68
Rioja, La;Irlanda;2020T2;.
Rioja, La;Irlanda;2020T1;257,10
Rioja, La;Irlanda;2019T4;250,75
Rioja, La;Irlanda;2019T3;328,40
Rioja, La;Irlanda;2019T2;276,80
Rioja, La;Irlanda;2019T1;343,47
Rioja, La;Irlanda;2018T4;352,16
Rioja, La;Irlanda;2018T3;322,97
Rioja, La;Irlanda;2018T2;370,72
Rioja, La;Irlanda;2018T1;287,63
Rioja, La;Italia;2025T2;298,55
Rioja, La;Italia;2025T1;538,56
Rioja, La;Italia;2024T4;362,23
Rioja, La;Italia;2024T3;268,55
Rioja, La;Italia;2024T2;263,67
Rioja, La;Italia;2024T1;464,62
Rioja, La;Italia;2023T4;279,98
Rioja, La;Italia;2023T3;218,40
Rioja, La;Italia;2023T2;330,30
Rioja, La;Italia;2023T1;467,96
Rioja, La;Italia;2022T4;473,88
Rioja, La;Italia;2022T3;322,41
Rioja, La;Italia;2022T2;303,09
Rioja, La;Italia;2022T1;564,62
Rioja, La;Italia;2021T4;393,64
Rioja, La;Italia;2021T3;233,06
Rioja, La;Italia;2021T2;507,57
Rioja, La;Italia;2021T1;819,67
Rioja, La;Italia;2020T4;308,32
Rioja, La;Italia;2020T3;272,42
Rioja, La;Italia;2020T2;.
Rioja, La;Italia;2020T1;364,81
Rioja, La;Italia;2019T4;277,76
Rioja, La;Italia;2019T3;312,40
Rioja, La;Italia;2019T2;272,07
Rioja, La;Italia;2019T1;512,27
Rioja, La;Italia;2018T4;415,79
Rioja, La;Italia;2018T3;305,69
Rioja, La;Italia;2018T2;306,51
Rioja, La;Italia;2018T1;357,20
Rioja, La;Noruega;2025T2;429,07
Rioja, La;Noruega;2025T1;589,39
Rioja, La;Noruega;2024T4;460,59
Rioja, La;Noruega;2024T3;368,01
Rioja, La;Noruega;2024T2;365,52
Rioja, La;Noruega;2024T1;396,35
Rioja, La;Noruega;2023T4;345,74
Rioja, La;Noruega;2023T3;275,66
Rioja, La;Noruega;2023T2;524,63
Rioja, La;Noruega;2023T1;498,36
Rioja, La;Noruega;2022T4;509,40
Rioja, La;Noruega;2022T3;469,34
Rioja, La;Noruega;2022T2;430,84
Rioja, La;Noruega;2022T1;500,08
Rioja, La;Noruega;2021T4;.
Rioja, La;Noruega;2021T3;315,04
Rioja, La;Noruega;2021T2;448,50
Rioja, La;Noruega;2021T1;.
Rioja, La;Noruega;2020T4;388,32
Rioja, La;Noruega;2020T3;212,60
Rioja, La;Noruega;2020T2;.
Rioja, La;Noruega;2020T1;378,63
Rioja, La;Noruega;2019T4;347,00
Rioja, La;Noruega;2019T3;357,84
Rioja, La;Noruega;2019T2;274,64
Rioja, La;Noruega;2019T1;583,63
Rioja, La;Noruega;2018T4;389,39
Rioja, La;Noruega;2018T3;291,07
Rioja, La;Noruega;2018T2;329,83
Rioja, La;Noruega;2018T1;366,51
Rioja, La;Países Bajos;2025T2;460,23
Rioja, La;Países Bajos;2025T1;649,16
Rioja, La;Países Bajos;2024T4;503,59
Rioja, La;Países Bajos;2024T3;389,87
Rioja, La;Países Bajos;2024T2;305,59
Rioja, La;Países Bajos;2024T1;464,56
Rioja, La;Países Bajos;2023T4;313,75
Rioja, La;Países Bajos;2023T3;292,38
Rioja, La;Países Bajos;2023T2;390,21
Rioja, La;Países Bajos;2023T1;523,78
Rioja, La;Países Bajos;2022T4;503,16
Rioja, La;Países Bajos;2022T3;385,09
Rioja, La;Países Bajos;2022T2;348,38
Rioja, La;Países Bajos;2022T1;544,49
Rioja, La;Países Bajos;2021T4;452,83
Rioja, La;Países Bajos;2021T3;286,49
Rioja, La;Países Bajos;2021T2;512,73
Rioja, La;Países Bajos;2021T1;717,37
Rioja, La;Países Bajos;2020T4;334,85
Rioja, La;Países Bajos;2020T3;266,50
Rioja, La;Países Bajos;2020T2;.
Rioja, La;Países Bajos;2020T1;369,52
Rioja, La;Países Bajos;2019T4;293,49
Rioja, La;Países Bajos;2019T3;337,61
Rioja, La;Países Bajos;2019T2;302,60
Rioja, La;Países Bajos;2019T1;476,36
Rioja, La;Países Bajos;2018T4;375,42
Rioja, La;Países Bajos;2018T3;306,96
Rioja, La;Países Bajos;2018T2;334,99
Rioja, La;Países Bajos;2018T1;306,86
Rioja, La;Polonia;2025T2;292,03
Rioja, La;Polonia;2025T1;442,01
Rioja, La;Polonia;2024T4;385,22
Rioja, La;Polonia;2024T3;248,75
Rioja, La;Polonia;2024T2;232,15
Rioja, La;Polonia;2024T1;272,83
Rioja, La;Polonia;2023T4;189,66
Rioja, La;Polonia;2023T3;202,85
Rioja, La;Polonia;2023T2;327,74
Rioja, La;Polonia;2023T1;293,83
Rioja, La;Polonia;2022T4;333,43
Rioja, La;Polonia;2022T3;264,21
Rioja, La;Polonia;2022T2;226,43
Rioja, La;Polonia;2022T1;352,47
Rioja, La;Polonia;2021T4;274,66
Rioja, La;Polonia;2021T3;177,82
Rioja, La;Polonia;2021T2;340,99
Rioja, La;Polonia;2021T1;726,91
Rioja, La;Polonia;2020T4;292,06
Rioja, La;Polonia;2020T3;273,41
Rioja, La;Polonia;2020T2;.
Rioja, La;Polonia;2020T1;231,68
Rioja, La;Polonia;2019T4;256,73
Rioja, La;Polonia;2019T3;210,58
Rioja, La;Polonia;2019T2;179,66
Rioja, La;Polonia;2019T1;326,35
Rioja, La;Polonia;2018T4;353,64
Rioja, La;Polonia;2018T3;221,66
Rioja, La;Polonia;2018T2;182,02
Rioja, La;Polonia;2018T1;160,69
Rioja, La;Portugal;2025T2;371,02
Rioja, La;Portugal;2025T1;612,00
Rioja, La;Portugal;2024T4;436,59
Rioja, La;Portugal;2024T3;338,31
Rioja, La;Portugal;2024T2;305,85
Rioja, La;Portugal;2024T1;523,53
Rioja, La;Portugal;2023T4;338,58
Rioja, La;Portugal;2023T3;276,87
Rioja, La;Portugal;2023T2;418,80
Rioja, La;Portugal;2023T1;521,14
Rioja, La;Portugal;2022T4;546,35
Rioja, La;Portugal;2022T3;401,52
Rioja, La;Portugal;2022T2;349,93
Rioja, La;Portugal;2022T1;617,64
Rioja, La;Portugal;2021T4;468,63
Rioja, La;Portugal;2021T3;303,54
Rioja, La;Portugal;2021T2;524,22
Rioja, La;Portugal;2021T1;691,72
Rioja, La;Portugal;2020T4;321,65
Rioja, La;Portugal;2020T3;288,70
Rioja, La;Portugal;2020T2;.
Rioja, La;Portugal;2020T1;359,76
Rioja, La;Portugal;2019T4;288,30
Rioja, La;Portugal;2019T3;290,69
Rioja, La;Portugal;2019T2;260,53
Rioja, La;Portugal;2019T1;453,17
Rioja, La;Portugal;2018T4;350,52
Rioja, La;Portugal;2018T3;245,41
Rioja, La;Portugal;2018T2;248,38
Rioja, La;Portugal;2018T1;203,58
Rioja, La;Reino Unido;2025T2;433,74
Rioja, La;Reino Unido;2025T1;640,74
Rioja, La;Reino Unido;2024T4;523,77
Rioja, La;Reino Unido;2024T3;374,75
Rioja, La;Reino Unido;2024T2;318,68
Rioja, La;Reino Unido;2024T1;448,64
Rioja, La;Reino Unido;2023T4;341,58
Rioja, La;Reino Unido;2023T3;278,65
Rioja, La;Reino Unido;2023T2;420,96
Rioja, La;Reino Unido;2023T1;457,77
Rioja, La;Reino Unido;2022T4;488,19
Rioja, La;Reino Unido;2022T3;386,60
Rioja, La;Reino Unido;2022T2;375,13
Rioja, La;Reino Unido;2022T1;508,48
Rioja, La;Reino Unido;2021T4;413,02
Rioja, La;Reino Unido;2021T3;275,60
Rioja, La;Reino Unido;2021T2;452,06
Rioja, La;Reino Unido;2021T1;623,68
Rioja, La;Reino Unido;2020T4;306,50
Rioja, La;Reino Unido;2020T3;262,81
Rioja, La;Reino Unido;2020T2;.
Rioja, La;Reino Unido;2020T1;354,12
Rioja, La;Reino Unido;2019T4;302,80
Rioja, La;Reino Unido;2019T3;346,90
Rioja, La;Reino Unido;2019T2;308,84
Rioja, La;Reino Unido;2019T1;494,70
Rioja, La;Reino Unido;2018T4;419,07
Rioja, La;Reino Unido;2018T3;327,34
Rioja, La;Reino Unido;2018T2;349,72
Rioja, La;Reino Unido;2018T1;311,06
Rioja, La;Rumanía;2025T2;467,25
Rioja, La;Rumanía;2025T1;943,80
Rioja, La;Rumanía;2024T4;557,61
Rioja, La;Rumanía;2024T3;366,26
Rioja, La;Rumanía;2024T2;317,00
Rioja, La;Rumanía;2024T1;613,72
Rioja, La;Rumanía;2023T4;447,60
Rioja, La;Rumanía;2023T3;318,78
Rioja, La;Rumanía;2023T2;472,72
Rioja, La;Rumanía;2023T1;626,71
Rioja, La;Rumanía;2022T4;662,75
Rioja, La;Rumanía;2022T3;469,65
Rioja, La;Rumanía;2022T2;520,35
Rioja, La;Rumanía;2022T1;882,48
Rioja, La;Rumanía;2021T4;593,82
Rioja, La;Rumanía;2021T3;358,30
Rioja, La;Rumanía;2021T2;703,03
Rioja, La;Rumanía;2021T1;1.174,04
Rioja, La;Rumanía;2020T4;444,52
Rioja, La;Rumanía;2020T3;416,02
Rioja, La;Rumanía;2020T2;.
Rioja, La;Rumanía;2020T1;461,78
Rioja, La;Rumanía;2019T4;408,67
Rioja, La;Rumanía;2019T3;359,27
Rioja, La;Rumanía;2019T2;288,63
Rioja, La;Rumanía;2019T1;582,83
Rioja, La;Rumanía;2018T4;639,05
Rioja, La;Rumanía;2018T3;302,53
Rioja, La;Rumanía;2018T2;272,57
Rioja, La;Rumanía;2018T1;283,84
Rioja, La;Rusia;2025T2;.
Rioja, La;Rusia;2025T1;.
Rioja, La;Rusia;2024T4;.
Rioja, La;Rusia;2024T3;.
Rioja, La;Rusia;2024T2;.
Rioja, La;Rusia;2024T1;.
Rioja, La;Rusia;2023T4;.
Rioja, La;Rusia;2023T3;.
Rioja, La;Rusia;2023T2;.
Rioja, La;Rusia;2023T1;.
Rioja, La;Rusia;2022T4;.
Rioja, La;Rusia;2022T3;.
Rioja, La;Rusia;2022T2;.
Rioja, La;Rusia;2022T1;668,08
Rioja, La;Rusia;2021T4;435,25
Rioja, La;Rusia;2021T3;191,28
Rioja, La;Rusia;2021T2;480,05
Rioja, La;Rusia;2021T1;360,04
Rioja, La;Rusia;2020T4;138,77
Rioja, La;Rusia;2020T3;240,06
Rioja, La;Rusia;2020T2;.
Rioja, La;Rusia;2020T1;400,38
Rioja, La;Rusia;2019T4;213,02
Rioja, La;Rusia;2019T3;296,03
Rioja, La;Rusia;2019T2;290,27
Rioja, La;Rusia;2019T1;355,16
Rioja, La;Rusia;2018T4;279,53
Rioja, La;Rusia;2018T3;208,99
Rioja, La;Rusia;2018T2;198,21
Rioja, La;Rusia;2018T1;198,25
Rioja, La;Suecia;2025T2;430,72
Rioja, La;Suecia;2025T1;590,19
Rioja, La;Suecia;2024T4;515,16
Rioja, La;Suecia;2024T3;364,14
Rioja, La;Suecia;2024T2;338,80
Rioja, La;Suecia;2024T1;426,28
Rioja, La;Suecia;2023T4;369,71
Rioja, La;Suecia;2023T3;283,61
Rioja, La;Suecia;2023T2;431,26
Rioja, La;Suecia;2023T1;575,57
Rioja, La;Suecia;2022T4;540,76
Rioja, La;Suecia;2022T3;418,50
Rioja, La;Suecia;2022T2;362,28
Rioja, La;Suecia;2022T1;591,36
Rioja, La;Suecia;2021T4;469,62
Rioja, La;Suecia;2021T3;293,01
Rioja, La;Suecia;2021T2;402,17
Rioja, La;Suecia;2021T1;629,48
Rioja, La;Suecia;2020T4;297,02
Rioja, La;Suecia;2020T3;266,51
Rioja, La;Suecia;2020T2;.
Rioja, La;Suecia;2020T1;307,04
Rioja, La;Suecia;2019T4;296,01
Rioja, La;Suecia;2019T3;317,54
Rioja, La;Suecia;2019T2;294,30
Rioja, La;Suecia;2019T1;498,33
Rioja, La;Suecia;2018T4;343,10
Rioja, La;Suecia;2018T3;269,74
Rioja, La;Suecia;2018T2;308,02
Rioja, La;Suecia;2018T1;303,36
Rioja, La;Suiza;2025T2;621,49
Rioja, La;Suiza;2025T1;973,06
Rioja, La;Suiza;2024T4;745,44
Rioja, La;Suiza;2024T3;527,34
Rioja, La;Suiza;2024T2;529,14
Rioja, La;Suiza;2024T1;633,00
Rioja, La;Suiza;2023T4;532,78
Rioja, La;Suiza;2023T3;427,38
Rioja, La;Suiza;2023T2;645,98
Rioja, La;Suiza;2023T1;713,86
Rioja, La;Suiza;2022T4;759,41
Rioja, La;Suiza;2022T3;558,99
Rioja, La;Suiza;2022T2;563,28
Rioja, La;Suiza;2022T1;851,37
Rioja, La;Suiza;2021T4;652,45
Rioja, La;Suiza;2021T3;398,60
Rioja, La;Suiza;2021T2;808,01
Rioja, La;Suiza;2021T1;913,62
Rioja, La;Suiza;2020T4;621,75
Rioja, La;Suiza;2020T3;456,22
Rioja, La;Suiza;2020T2;.
Rioja, La;Suiza;2020T1;603,43
Rioja, La;Suiza;2019T4;508,56
Rioja, La;Suiza;2019T3;512,08
Rioja, La;Suiza;2019T2;527,57
Rioja, La;Suiza;2019T1;911,32
Rioja, La;Suiza;2018T4;712,15
Rioja, La;Suiza;2018T3;444,46
Rioja, La;Suiza;2018T2;476,04
Rioja, La;Suiza;2018T1;597,47
Rioja, La;Otros Países Europeos;2025T2;338,21
Rioja, La;Otros Países Europeos;2025T1;556,13
Rioja, La;Otros Países Europeos;2024T4;448,76
Rioja, La;Otros Países Europeos;2024T3;310,19
Rioja, La;Otros Países Europeos;2024T2;262,72
Rioja, La;Otros Países Europeos;2024T1;433,73
Rioja, La;Otros Países Europeos;2023T4;294,49
Rioja, La;Otros Países Europeos;2023T3;232,57
Rioja, La;Otros Países Europeos;2023T2;338,16
Rioja, La;Otros Países Europeos;2023T1;431,11
Rioja, La;Otros Países Europeos;2022T4;426,39
Rioja, La;Otros Países Europeos;2022T3;318,14
Rioja, La;Otros Países Europeos;2022T2;250,57
Rioja, La;Otros Países Europeos;2022T1;421,90
Rioja, La;Otros Países Europeos;2021T4;348,36
Rioja, La;Otros Países Europeos;2021T3;239,77
Rioja, La;Otros Países Europeos;2021T2;401,78
Rioja, La;Otros Países Europeos;2021T1;535,14
Rioja, La;Otros Países Europeos;2020T4;250,21
Rioja, La;Otros Países Europeos;2020T3;222,98
Rioja, La;Otros Países Europeos;2020T2;.
Rioja, La;Otros Países Europeos;2020T1;248,65
Rioja, La;Otros Países Europeos;2019T4;289,63
Rioja, La;Otros Países Europeos;2019T3;243,95
Rioja, La;Otros Países Europeos;2019T2;270,31
Rioja, La;Otros Países Europeos;2019T1;423,39
Rioja, La;Otros Países Europeos;2018T4;344,91
Rioja, La;Otros Países Europeos;2018T3;211,04
Rioja, La;Otros Países Europeos;2018T2;310,54
Rioja, La;Otros Países Europeos;2018T1;249,24
Rioja, La;Argentina;2025T2;361,12
Rioja, La;Argentina;2025T1;622,52
Rioja, La;Argentina;2024T4;421,69
Rioja, La;Argentina;2024T3;317,91
Rioja, La;Argentina;2024T2;211,41
Rioja, La;Argentina;2024T1;314,27
Rioja, La;Argentina;2023T4;242,15
Rioja, La;Argentina;2023T3;190,81
Rioja, La;Argentina;2023T2;242,23
Rioja, La;Argentina;2023T1;353,58
Rioja, La;Argentina;2022T4;274,83
Rioja, La;Argentina;2022T3;245,11
Rioja, La;Argentina;2022T2;289,59
Rioja, La;Argentina;2022T1;414,46
Rioja, La;Argentina;2021T4;413,97
Rioja, La;Argentina;2021T3;191,23
Rioja, La;Argentina;2021T2;391,90
Rioja, La;Argentina;2021T1;708,66
Rioja, La;Argentina;2020T4;330,14
Rioja, La;Argentina;2020T3;183,84
Rioja, La;Argentina;2020T2;.
Rioja, La;Argentina;2020T1;201,44
Rioja, La;Argentina;2019T4;189,05
Rioja, La;Argentina;2019T3;232,83
Rioja, La;Argentina;2019T2;183,53
Rioja, La;Argentina;2019T1;335,74
Rioja, La;Argentina;2018T4;260,48
Rioja, La;Argentina;2018T3;195,45
Rioja, La;Argentina;2018T2;251,80
Rioja, La;Argentina;2018T1;243,67
Rioja, La;Brasil;2025T2;360,83
Rioja, La;Brasil;2025T1;645,89
Rioja, La;Brasil;2024T4;460,47
Rioja, La;Brasil;2024T3;298,01
Rioja, La;Brasil;2024T2;304,96
Rioja, La;Brasil;2024T1;592,87
Rioja, La;Brasil;2023T4;347,42
Rioja, La;Brasil;2023T3;281,96
Rioja, La;Brasil;2023T2;406,96
Rioja, La;Brasil;2023T1;542,27
Rioja, La;Brasil;2022T4;538,16
Rioja, La;Brasil;2022T3;360,43
Rioja, La;Brasil;2022T2;353,73
Rioja, La;Brasil;2022T1;686,18
Rioja, La;Brasil;2021T4;609,43
Rioja, La;Brasil;2021T3;242,53
Rioja, La;Brasil;2021T2;536,13
Rioja, La;Brasil;2021T1;749,01
Rioja, La;Brasil;2020T4;359,31
Rioja, La;Brasil;2020T3;241,86
Rioja, La;Brasil;2020T2;.
Rioja, La;Brasil;2020T1;356,85
Rioja, La;Brasil;2019T4;330,40
Rioja, La;Brasil;2019T3;283,66
Rioja, La;Brasil;2019T2;274,69
Rioja, La;Brasil;2019T1;487,43
Rioja, La;Brasil;2018T4;385,97
Rioja, La;Brasil;2018T3;240,73
Rioja, La;Brasil;2018T2;276,20
Rioja, La;Brasil;2018T1;339,11
Rioja, La;Canadá;2025T2;380,17
Rioja, La;Canadá;2025T1;613,01
Rioja, La;Canadá;2024T4;569,41
Rioja, La;Canadá;2024T3;383,10
Rioja, La;Canadá;2024T2;329,22
Rioja, La;Canadá;2024T1;466,33
Rioja, La;Canadá;2023T4;437,29
Rioja, La;Canadá;2023T3;344,63
Rioja, La;Canadá;2023T2;431,15
Rioja, La;Canadá;2023T1;527,34
Rioja, La;Canadá;2022T4;469,70
Rioja, La;Canadá;2022T3;361,28
Rioja, La;Canadá;2022T2;391,19
Rioja, La;Canadá;2022T1;554,23
Rioja, La;Canadá;2021T4;470,94
Rioja, La;Canadá;2021T3;286,00
Rioja, La;Canadá;2021T2;514,94
Rioja, La;Canadá;2021T1;719,57
Rioja, La;Canadá;2020T4;299,75
Rioja, La;Canadá;2020T3;272,36
Rioja, La;Canadá;2020T2;.
Rioja, La;Canadá;2020T1;436,26
Rioja, La;Canadá;2019T4;339,00
Rioja, La;Canadá;2019T3;331,55
Rioja, La;Canadá;2019T2;374,63
Rioja, La;Canadá;2019T1;1.055,13
Rioja, La;Canadá;2018T4;437,88
Rioja, La;Canadá;2018T3;332,58
Rioja, La;Canadá;2018T2;359,68
Rioja, La;Canadá;2018T1;853,21
Rioja, La;Chile;2025T2;377,12
Rioja, La;Chile;2025T1;663,96
Rioja, La;Chile;2024T4;461,03
Rioja, La;Chile;2024T3;366,84
Rioja, La;Chile;2024T2;329,32
Rioja, La;Chile;2024T1;521,71
Rioja, La;Chile;2023T4;374,30
Rioja, La;Chile;2023T3;308,69
Rioja, La;Chile;2023T2;518,71
Rioja, La;Chile;2023T1;469,26
Rioja, La;Chile;2022T4;477,38
Rioja, La;Chile;2022T3;447,72
Rioja, La;Chile;2022T2;439,91
Rioja, La;Chile;2022T1;641,98
Rioja, La;Chile;2021T4;433,77
Rioja, La;Chile;2021T3;297,37
Rioja, La;Chile;2021T2;628,67
Rioja, La;Chile;2021T1;698,39
Rioja, La;Chile;2020T4;324,25
Rioja, La;Chile;2020T3;343,21
Rioja, La;Chile;2020T2;.
Rioja, La;Chile;2020T1;359,09
Rioja, La;Chile;2019T4;320,38
Rioja, La;Chile;2019T3;415,75
Rioja, La;Chile;2019T2;296,51
Rioja, La;Chile;2019T1;582,26
Rioja, La;Chile;2018T4;652,57
Rioja, La;Chile;2018T3;375,18
Rioja, La;Chile;2018T2;396,00
Rioja, La;Chile;2018T1;431,51
Rioja, La;Colombia;2025T2;464,03
Rioja, La;Colombia;2025T1;960,44
Rioja, La;Colombia;2024T4;585,60
Rioja, La;Colombia;2024T3;434,82
Rioja, La;Colombia;2024T2;385,22
Rioja, La;Colombia;2024T1;667,34
Rioja, La;Colombia;2023T4;432,25
Rioja, La;Colombia;2023T3;336,19
Rioja, La;Colombia;2023T2;495,33
Rioja, La;Colombia;2023T1;643,78
Rioja, La;Colombia;2022T4;754,01
Rioja, La;Colombia;2022T3;517,48
Rioja, La;Colombia;2022T2;504,95
Rioja, La;Colombia;2022T1;912,34
Rioja, La;Colombia;2021T4;638,58
Rioja, La;Colombia;2021T3;411,04
Rioja, La;Colombia;2021T2;592,49
Rioja, La;Colombia;2021T1;942,99
Rioja, La;Colombia;2020T4;520,81
Rioja, La;Colombia;2020T3;464,13
Rioja, La;Colombia;2020T2;.
Rioja, La;Colombia;2020T1;545,38
Rioja, La;Colombia;2019T4;446,65
Rioja, La;Colombia;2019T3;416,92
Rioja, La;Colombia;2019T2;349,78
Rioja, La;Colombia;2019T1;751,87
Rioja, La;Colombia;2018T4;767,47
Rioja, La;Colombia;2018T3;306,10
Rioja, La;Colombia;2018T2;427,25
Rioja, La;Colombia;2018T1;449,52
Rioja, La;Estados Unidos de América;2025T2;506,63
Rioja, La;Estados Unidos de América;2025T1;924,65
Rioja, La;Estados Unidos de América;2024T4;691,87
Rioja, La;Estados Unidos de América;2024T3;463,95
Rioja, La;Estados Unidos de América;2024T2;414,63
Rioja, La;Estados Unidos de América;2024T1;611,56
Rioja, La;Estados Unidos de América;2023T4;445,50
Rioja, La;Estados Unidos de América;2023T3;370,15
Rioja, La;Estados Unidos de América;2023T2;560,57
Rioja, La;Estados Unidos de América;2023T1;637,67
Rioja, La;Estados Unidos de América;2022T4;692,12
Rioja, La;Estados Unidos de América;2022T3;504,72
Rioja, La;Estados Unidos de América;2022T2;464,67
Rioja, La;Estados Unidos de América;2022T1;759,58
Rioja, La;Estados Unidos de América;2021T4;549,38
Rioja, La;Estados Unidos de América;2021T3;402,00
Rioja, La;Estados Unidos de América;2021T2;895,86
Rioja, La;Estados Unidos de América;2021T1;1.386,92
Rioja, La;Estados Unidos de América;2020T4;735,54
Rioja, La;Estados Unidos de América;2020T3;695,74
Rioja, La;Estados Unidos de América;2020T2;.
Rioja, La;Estados Unidos de América;2020T1;547,80
Rioja, La;Estados Unidos de América;2019T4;425,05
Rioja, La;Estados Unidos de América;2019T3;376,76
Rioja, La;Estados Unidos de América;2019T2;362,27
Rioja, La;Estados Unidos de América;2019T1;688,60
Rioja, La;Estados Unidos de América;2018T4;533,69
Rioja, La;Estados Unidos de América;2018T3;340,53
Rioja, La;Estados Unidos de América;2018T2;400,95
Rioja, La;Estados Unidos de América;2018T1;390,59
Rioja, La;México;2025T2;430,69
Rioja, La;México;2025T1;696,39
Rioja, La;México;2024T4;484,58
Rioja, La;México;2024T3;409,19
Rioja, La;México;2024T2;340,41
Rioja, La;México;2024T1;589,09
Rioja, La;México;2023T4;405,16
Rioja, La;México;2023T3;307,44
Rioja, La;México;2023T2;502,17
Rioja, La;México;2023T1;522,96
Rioja, La;México;2022T4;583,16
Rioja, La;México;2022T3;445,53
Rioja, La;México;2022T2;366,43
Rioja, La;México;2022T1;464,75
Rioja, La;México;2021T4;463,98
Rioja, La;México;2021T3;398,50
Rioja, La;México;2021T2;767,07
Rioja, La;México;2021T1;1.249,78
Rioja, La;México;2020T4;368,92
Rioja, La;México;2020T3;293,60
Rioja, La;México;2020T2;.
Rioja, La;México;2020T1;372,51
Rioja, La;México;2019T4;337,28
Rioja, La;México;2019T3;350,45
Rioja, La;México;2019T2;321,85
Rioja, La;México;2019T1;515,41
Rioja, La;México;2018T4;410,40
Rioja, La;México;2018T3;309,47
Rioja, La;México;2018T2;340,49
Rioja, La;México;2018T1;280,48
Rioja, La;Resto de América;2025T2;436,87
Rioja, La;Resto de América;2025T1;759,53
Rioja, La;Resto de América;2024T4;565,67
Rioja, La;Resto de América;2024T3;385,40
Rioja, La;Resto de América;2024T2;364,76
Rioja, La;Resto de América;2024T1;630,67
Rioja, La;Resto de América;2023T4;415,92
Rioja, La;Resto de América;2023T3;348,49
Rioja, La;Resto de América;2023T2;535,84
Rioja, La;Resto de América;2023T1;800,53
Rioja, La;Resto de América;2022T4;632,25
Rioja, La;Resto de América;2022T3;500,65
Rioja, La;Resto de América;2022T2;435,98
Rioja, La;Resto de América;2022T1;711,76
Rioja, La;Resto de América;2021T4;535,10
Rioja, La;Resto de América;2021T3;330,65
Rioja, La;Resto de América;2021T2;721,32
Rioja, La;Resto de América;2021T1;1.071,29
Rioja, La;Resto de América;2020T4;374,86
Rioja, La;Resto de América;2020T3;405,35
Rioja, La;Resto de América;2020T2;.
Rioja, La;Resto de América;2020T1;477,01
Rioja, La;Resto de América;2019T4;383,26
Rioja, La;Resto de América;2019T3;414,86
Rioja, La;Resto de América;2019T2;399,39
Rioja, La;Resto de América;2019T1;868,25
Rioja, La;Resto de América;2018T4;549,40
Rioja, La;Resto de América;2018T3;406,15
Rioja, La;Resto de América;2018T2;445,40
Rioja, La;Resto de América;2018T1;392,68
Rioja, La;Australia;2025T2;289,60
Rioja, La;Australia;2025T1;548,08
Rioja, La;Australia;2024T4;400,37
Rioja, La;Australia;2024T3;301,92
Rioja, La;Australia;2024T2;290,30
Rioja, La;Australia;2024T1;485,21
Rioja, La;Australia;2023T4;260,75
Rioja, La;Australia;2023T3;247,75
Rioja, La;Australia;2023T2;361,11
Rioja, La;Australia;2023T1;658,49
Rioja, La;Australia;2022T4;419,63
Rioja, La;Australia;2022T3;306,82
Rioja, La;Australia;2022T2;362,69
Rioja, La;Australia;2022T1;632,48
Rioja, La;Australia;2021T4;495,61
Rioja, La;Australia;2021T3;254,19
Rioja, La;Australia;2021T2;795,56
Rioja, La;Australia;2021T1;491,86
Rioja, La;Australia;2020T4;279,87
Rioja, La;Australia;2020T3;163,16
Rioja, La;Australia;2020T2;.
Rioja, La;Australia;2020T1;313,81
Rioja, La;Australia;2019T4;330,60
Rioja, La;Australia;2019T3;341,18
Rioja, La;Australia;2019T2;367,42
Rioja, La;Australia;2019T1;488,17
Rioja, La;Australia;2018T4;442,91
Rioja, La;Australia;2018T3;352,17
Rioja, La;Australia;2018T2;416,62
Rioja, La;Australia;2018T1;551,14
Rioja, La;China;2025T2;682,90
Rioja, La;China;2025T1;761,77
Rioja, La;China;2024T4;570,97
Rioja, La;China;2024T3;672,58
Rioja, La;China;2024T2;587,37
Rioja, La;China;2024T1;447,29
Rioja, La;China;2023T4;545,84
Rioja, La;China;2023T3;359,02
Rioja, La;China;2023T2;362,02
Rioja, La;China;2023T1;716,32
Rioja, La;China;2022T4;415,62
Rioja, La;China;2022T3;370,98
Rioja, La;China;2022T2;281,57
Rioja, La;China;2022T1;434,32
Rioja, La;China;2021T4;383,09
Rioja, La;China;2021T3;320,21
Rioja, La;China;2021T2;532,84
Rioja, La;China;2021T1;2.131,65
Rioja, La;China;2020T4;1.869,93
Rioja, La;China;2020T3;919,76
Rioja, La;China;2020T2;.
Rioja, La;China;2020T1;449,08
Rioja, La;China;2019T4;455,30
Rioja, La;China;2019T3;552,15
Rioja, La;China;2019T2;666,54
Rioja, La;China;2019T1;580,03
Rioja, La;China;2018T4;527,32
Rioja, La;China;2018T3;374,18
Rioja, La;China;2018T2;536,76
Rioja, La;China;2018T1;472,79
Rioja, La;Corea;2025T2;172,31
Rioja, La;Corea;2025T1;307,77
Rioja, La;Corea;2024T4;224,12
Rioja, La;Corea;2024T3;174,44
Rioja, La;Corea;2024T2;157,40
Rioja, La;Corea;2024T1;228,51
Rioja, La;Corea;2023T4;149,44
Rioja, La;Corea;2023T3;133,27
Rioja, La;Corea;2023T2;215,09
Rioja, La;Corea;2023T1;228,99
Rioja, La;Corea;2022T4;238,06
Rioja, La;Corea;2022T3;240,68
Rioja, La;Corea;2022T2;197,98
Rioja, La;Corea;2022T1;406,69
Rioja, La;Corea;2021T4;429,37
Rioja, La;Corea;2021T3;124,67
Rioja, La;Corea;2021T2;.
Rioja, La;Corea;2021T1;.
Rioja, La;Corea;2020T4;.
Rioja, La;Corea;2020T3;.
Rioja, La;Corea;2020T2;.
Rioja, La;Corea;2020T1;254,39
Rioja, La;Corea;2019T4;211,16
Rioja, La;Corea;2019T3;275,67
Rioja, La;Corea;2019T2;297,54
Rioja, La;Corea;2019T1;516,69
Rioja, La;Corea;2018T4;503,98
Rioja, La;Corea;2018T3;323,17
Rioja, La;Corea;2018T2;337,60
Rioja, La;Corea;2018T1;366,19
Rioja, La;Emiratos Árabes Unidos;2025T2;.
Rioja, La;Emiratos Árabes Unidos;2025T1;.
Rioja, La;Emiratos Árabes Unidos;2024T4;791,14
Rioja, La;Emiratos Árabes Unidos;2024T3;609,83
Rioja, La;Emiratos Árabes Unidos;2024T2;.
Rioja, La;Emiratos Árabes Unidos;2024T1;.
Rioja, La;Emiratos Árabes Unidos;2023T4;533,67
Rioja, La;Emiratos Árabes Unidos;2023T3;367,36
Rioja, La;Emiratos Árabes Unidos;2023T2;.
Rioja, La;Emiratos Árabes Unidos;2023T1;.
Rioja, La;Emiratos Árabes Unidos;2022T4;.
Rioja, La;Emiratos Árabes Unidos;2022T3;504,64
Rioja, La;Emiratos Árabes Unidos;2022T2;881,18
Rioja, La;Emiratos Árabes Unidos;2022T1;.
Rioja, La;Emiratos Árabes Unidos;2021T4;.
Rioja, La;Emiratos Árabes Unidos;2021T3;617,77
Rioja, La;Emiratos Árabes Unidos;2021T2;753,66
Rioja, La;Emiratos Árabes Unidos;2021T1;.
Rioja, La;Emiratos Árabes Unidos;2020T4;585,59
Rioja, La;Emiratos Árabes Unidos;2020T3;540,42
Rioja, La;Emiratos Árabes Unidos;2020T2;.
Rioja, La;Emiratos Árabes Unidos;2020T1;.
Rioja, La;Emiratos Árabes Unidos;2019T4;537,64
Rioja, La;Emiratos Árabes Unidos;2019T3;408,19
Rioja, La;Emiratos Árabes Unidos;2019T2;454,54
Rioja, La;Emiratos Árabes Unidos;2019T1;748,33
Rioja, La;Emiratos Árabes Unidos;2018T4;.
Rioja, La;Emiratos Árabes Unidos;2018T3;370,63
Rioja, La;Emiratos Árabes Unidos;2018T2;501,68
Rioja, La;Emiratos Árabes Unidos;2018T1;.
Rioja, La;Japón;2025T2;234,20
Rioja, La;Japón;2025T1;366,38
Rioja, La;Japón;2024T4;343,60
Rioja, La;Japón;2024T3;277,69
Rioja, La;Japón;2024T2;215,39
Rioja, La;Japón;2024T1;466,77
Rioja, La;Japón;2023T4;189,61
Rioja, La;Japón;2023T3;197,50
Rioja, La;Japón;2023T2;283,56
Rioja, La;Japón;2023T1;362,06
Rioja, La;Japón;2022T4;240,96
Rioja, La;Japón;2022T3;212,69
Rioja, La;Japón;2022T2;294,89
Rioja, La;Japón;2022T1;475,18
Rioja, La;Japón;2021T4;.
Rioja, La;Japón;2021T3;410,59
Rioja, La;Japón;2021T2;.
Rioja, La;Japón;2021T1;.
Rioja, La;Japón;2020T4;.
Rioja, La;Japón;2020T3;.
Rioja, La;Japón;2020T2;.
Rioja, La;Japón;2020T1;439,36
Rioja, La;Japón;2019T4;459,41
Rioja, La;Japón;2019T3;317,56
Rioja, La;Japón;2019T2;283,98
Rioja, La;Japón;2019T1;478,07
Rioja, La;Japón;2018T4;518,83
Rioja, La;Japón;2018T3;323,31
Rioja, La;Japón;2018T2;412,58
Rioja, La;Japón;2018T1;254,47
Rioja, La;Turquía;2025T2;449,03
Rioja, La;Turquía;2025T1;532,23
Rioja, La;Turquía;2024T4;.
Rioja, La;Turquía;2024T3;.
Rioja, La;Turquía;2024T2;208,23
Rioja, La;Turquía;2024T1;378,15
Rioja, La;Turquía;2023T4;.
Rioja, La;Turquía;2023T3;.
Rioja, La;Turquía;2023T2;311,08
Rioja, La;Turquía;2023T1;552,95
Rioja, La;Turquía;2022T4;745,70
Rioja, La;Turquía;2022T3;.
Rioja, La;Turquía;2022T2;.
Rioja, La;Turquía;2022T1;.
Rioja, La;Turquía;2021T4;.
Rioja, La;Turquía;2021T3;177,47
Rioja, La;Turquía;2021T2;261,13
Rioja, La;Turquía;2021T1;.
Rioja, La;Turquía;2020T4;.
Rioja, La;Turquía;2020T3;.
Rioja, La;Turquía;2020T2;.
Rioja, La;Turquía;2020T1;.
Rioja, La;Turquía;2019T4;311,18
Rioja, La;Turquía;2019T3;361,71
Rioja, La;Turquía;2019T2;355,97
Rioja, La;Turquía;2019T1;359,53
Rioja, La;Turquía;2018T4;.
Rioja, La;Turquía;2018T3;238,42
Rioja, La;Turquía;2018T2;321,42
Rioja, La;Turquía;2018T1;.
Rioja, La;Resto del mundo;2025T2;400,65
Rioja, La;Resto del mundo;2025T1;1.013,25
Rioja, La;Resto del mundo;2024T4;574,76
Rioja, La;Resto del mundo;2024T3;435,64
Rioja, La;Resto del mundo;2024T2;389,36
Rioja, La;Resto del mundo;2024T1;803,66
Rioja, La;Resto del mundo;2023T4;500,22
Rioja, La;Resto del mundo;2023T3;380,93
Rioja, La;Resto del mundo;2023T2;532,96
Rioja, La;Resto del mundo;2023T1;928,15
Rioja, La;Resto del mundo;2022T4;935,21
Rioja, La;Resto del mundo;2022T3;573,83
Rioja, La;Resto del mundo;2022T2;591,74
Rioja, La;Resto del mundo;2022T1;954,07
Rioja, La;Resto del mundo;2021T4;712,04
Rioja, La;Resto del mundo;2021T3;571,50
Rioja, La;Resto del mundo;2021T2;883,80
Rioja, La;Resto del mundo;2021T1;1.404,14
Rioja, La;Resto del mundo;2020T4;722,97
Rioja, La;Resto del mundo;2020T3;553,31
Rioja, La;Resto del mundo;2020T2;.
Rioja, La;Resto del mundo;2020T1;796,41
Rioja, La;Resto del mundo;2019T4;575,74
Rioja, La;Resto del mundo;2019T3;455,93
Rioja, La;Resto del mundo;2019T2;533,99
Rioja, La;Resto del mundo;2019T1;1.085,89
Rioja, La;Resto del mundo;2018T4;873,53
Rioja, La;Resto del mundo;2018T3;446,35
Rioja, La;Resto del mundo;2018T2;726,84
Rioja, La;Resto del mundo;2018T1;843,72
Ceuta;Total;2025T2;.
Ceuta;Total;2025T1;.
Ceuta;Total;2024T4;.
Ceuta;Total;2024T3;.
Ceuta;Total;2024T2;.
Ceuta;Total;2024T1;.
Ceuta;Total;2023T4;.
Ceuta;Total;2023T3;.
Ceuta;Total;2023T2;.
Ceuta;Total;2023T1;.
Ceuta;Total;2022T4;.
Ceuta;Total;2022T3;.
Ceuta;Total;2022T2;.
Ceuta;Total;2022T1;.
Ceuta;Total;2021T4;.
Ceuta;Total;2021T3;.
Ceuta;Total;2021T2;.
Ceuta;Total;2021T1;.
Ceuta;Total;2020T4;.
Ceuta;Total;2020T3;.
Ceuta;Total;2020T2;.
Ceuta;Total;2020T1;.
Ceuta;Total;2019T4;.
Ceuta;Total;2019T3;.
Ceuta;Total;2019T2;.
Ceuta;Total;2019T1;.
Ceuta;Total;2018T4;.
Ceuta;Total;2018T3;.
Ceuta;Total;2018T2;.
Ceuta;Total;2018T1;.
Ceuta;Alemania;2025T2;.
Ceuta;Alemania;2025T1;.
Ceuta;Alemania;2024T4;.
Ceuta;Alemania;2024T3;.
Ceuta;Alemania;2024T2;.
Ceuta;Alemania;2024T1;.
Ceuta;Alemania;2023T4;.
Ceuta;Alemania;2023T3;.
Ceuta;Alemania;2023T2;.
Ceuta;Alemania;2023T1;.
Ceuta;Alemania;2022T4;.
Ceuta;Alemania;2022T3;.
Ceuta;Alemania;2022T2;.
Ceuta;Alemania;2022T1;.
Ceuta;Alemania;2021T4;.
Ceuta;Alemania;2021T3;.
Ceuta;Alemania;2021T2;.
Ceuta;Alemania;2021T1;.
Ceuta;Alemania;2020T4;.
Ceuta;Alemania;2020T3;.
Ceuta;Alemania;2020T2;.
Ceuta;Alemania;2020T1;.
Ceuta;Alemania;2019T4;.
Ceuta;Alemania;2019T3;.
Ceuta;Alemania;2019T2;.
Ceuta;Alemania;2019T1;.
Ceuta;Alemania;2018T4;.
Ceuta;Alemania;2018T3;.
Ceuta;Alemania;2018T2;.
Ceuta;Alemania;2018T1;.
Ceuta;Andorra;2025T2;.
Ceuta;Andorra;2025T1;.
Ceuta;Andorra;2024T4;.
Ceuta;Andorra;2024T3;.
Ceuta;Andorra;2024T2;.
Ceuta;Andorra;2024T1;.
Ceuta;Andorra;2023T4;.
Ceuta;Andorra;2023T3;.
Ceuta;Andorra;2023T2;.
Ceuta;Andorra;2023T1;.
Ceuta;Andorra;2022T4;.
Ceuta;Andorra;2022T3;.
Ceuta;Andorra;2022T2;.
Ceuta;Andorra;2022T1;.
Ceuta;Andorra;2021T4;.
Ceuta;Andorra;2021T3;.
Ceuta;Andorra;2021T2;.
Ceuta;Andorra;2021T1;.
Ceuta;Andorra;2020T4;.
Ceuta;Andorra;2020T3;.
Ceuta;Andorra;2020T2;.
Ceuta;Andorra;2020T1;.
Ceuta;Andorra;2019T4;.
Ceuta;Andorra;2019T3;.
Ceuta;Andorra;2019T2;.
Ceuta;Andorra;2019T1;.
Ceuta;Andorra;2018T4;.
Ceuta;Andorra;2018T3;.
Ceuta;Andorra;2018T2;.
Ceuta;Andorra;2018T1;.
Ceuta;Austria;2025T2;.
Ceuta;Austria;2025T1;.
Ceuta;Austria;2024T4;.
Ceuta;Austria;2024T3;.
Ceuta;Austria;2024T2;.
Ceuta;Austria;2024T1;.
Ceuta;Austria;2023T4;.
Ceuta;Austria;2023T3;.
Ceuta;Austria;2023T2;.
Ceuta;Austria;2023T1;.
Ceuta;Austria;2022T4;.
Ceuta;Austria;2022T3;.
Ceuta;Austria;2022T2;.
Ceuta;Austria;2022T1;.
Ceuta;Austria;2021T4;.
Ceuta;Austria;2021T3;.
Ceuta;Austria;2021T2;.
Ceuta;Austria;2021T1;.
Ceuta;Austria;2020T4;.
Ceuta;Austria;2020T3;.
Ceuta;Austria;2020T2;.
Ceuta;Austria;2020T1;.
Ceuta;Austria;2019T4;.
Ceuta;Austria;2019T3;.
Ceuta;Austria;2019T2;.
Ceuta;Austria;2019T1;.
Ceuta;Austria;2018T4;.
Ceuta;Austria;2018T3;.
Ceuta;Austria;2018T2;.
Ceuta;Austria;2018T1;.
Ceuta;Bélgica;2025T2;.
Ceuta;Bélgica;2025T1;.
Ceuta;Bélgica;2024T4;.
Ceuta;Bélgica;2024T3;.
Ceuta;Bélgica;2024T2;.
Ceuta;Bélgica;2024T1;.
Ceuta;Bélgica;2023T4;.
Ceuta;Bélgica;2023T3;.
Ceuta;Bélgica;2023T2;.
Ceuta;Bélgica;2023T1;.
Ceuta;Bélgica;2022T4;.
Ceuta;Bélgica;2022T3;.
Ceuta;Bélgica;2022T2;.
Ceuta;Bélgica;2022T1;.
Ceuta;Bélgica;2021T4;.
Ceuta;Bélgica;2021T3;.
Ceuta;Bélgica;2021T2;.
Ceuta;Bélgica;2021T1;.
Ceuta;Bélgica;2020T4;.
Ceuta;Bélgica;2020T3;.
Ceuta;Bélgica;2020T2;.
Ceuta;Bélgica;2020T1;.
Ceuta;Bélgica;2019T4;.
Ceuta;Bélgica;2019T3;.
Ceuta;Bélgica;2019T2;.
Ceuta;Bélgica;2019T1;.
Ceuta;Bélgica;2018T4;.
Ceuta;Bélgica;2018T3;.
Ceuta;Bélgica;2018T2;.
Ceuta;Bélgica;2018T1;.
Ceuta;Dinamarca;2025T2;.
Ceuta;Dinamarca;2025T1;.
Ceuta;Dinamarca;2024T4;.
Ceuta;Dinamarca;2024T3;.
Ceuta;Dinamarca;2024T2;.
Ceuta;Dinamarca;2024T1;.
Ceuta;Dinamarca;2023T4;.
Ceuta;Dinamarca;2023T3;.
Ceuta;Dinamarca;2023T2;.
Ceuta;Dinamarca;2023T1;.
Ceuta;Dinamarca;2022T4;.
Ceuta;Dinamarca;2022T3;.
Ceuta;Dinamarca;2022T2;.
Ceuta;Dinamarca;2022T1;.
Ceuta;Dinamarca;2021T4;.
Ceuta;Dinamarca;2021T3;.
Ceuta;Dinamarca;2021T2;.
Ceuta;Dinamarca;2021T1;.
Ceuta;Dinamarca;2020T4;.
Ceuta;Dinamarca;2020T3;.
Ceuta;Dinamarca;2020T2;.
Ceuta;Dinamarca;2020T1;.
Ceuta;Dinamarca;2019T4;.
Ceuta;Dinamarca;2019T3;.
Ceuta;Dinamarca;2019T2;.
Ceuta;Dinamarca;2019T1;.
Ceuta;Dinamarca;2018T4;.
Ceuta;Dinamarca;2018T3;.
Ceuta;Dinamarca;2018T2;.
Ceuta;Dinamarca;2018T1;.
Ceuta;Finlandia;2025T2;.
Ceuta;Finlandia;2025T1;.
Ceuta;Finlandia;2024T4;.
Ceuta;Finlandia;2024T3;.
Ceuta;Finlandia;2024T2;.
Ceuta;Finlandia;2024T1;.
Ceuta;Finlandia;2023T4;.
Ceuta;Finlandia;2023T3;.
Ceuta;Finlandia;2023T2;.
Ceuta;Finlandia;2023T1;.
Ceuta;Finlandia;2022T4;.
Ceuta;Finlandia;2022T3;.
Ceuta;Finlandia;2022T2;.
Ceuta;Finlandia;2022T1;.
Ceuta;Finlandia;2021T4;.
Ceuta;Finlandia;2021T3;.
Ceuta;Finlandia;2021T2;.
Ceuta;Finlandia;2021T1;.
Ceuta;Finlandia;2020T4;.
Ceuta;Finlandia;2020T3;.
Ceuta;Finlandia;2020T2;.
Ceuta;Finlandia;2020T1;.
Ceuta;Finlandia;2019T4;.
Ceuta;Finlandia;2019T3;.
Ceuta;Finlandia;2019T2;.
Ceuta;Finlandia;2019T1;.
Ceuta;Finlandia;2018T4;.
Ceuta;Finlandia;2018T3;.
Ceuta;Finlandia;2018T2;.
Ceuta;Finlandia;2018T1;.
Ceuta;Francia;2025T2;.
Ceuta;Francia;2025T1;.
Ceuta;Francia;2024T4;.
Ceuta;Francia;2024T3;.
Ceuta;Francia;2024T2;.
Ceuta;Francia;2024T1;.
Ceuta;Francia;2023T4;.
Ceuta;Francia;2023T3;.
Ceuta;Francia;2023T2;.
Ceuta;Francia;2023T1;.
Ceuta;Francia;2022T4;.
Ceuta;Francia;2022T3;.
Ceuta;Francia;2022T2;.
Ceuta;Francia;2022T1;.
Ceuta;Francia;2021T4;.
Ceuta;Francia;2021T3;.
Ceuta;Francia;2021T2;.
Ceuta;Francia;2021T1;.
Ceuta;Francia;2020T4;.
Ceuta;Francia;2020T3;.
Ceuta;Francia;2020T2;.
Ceuta;Francia;2020T1;.
Ceuta;Francia;2019T4;.
Ceuta;Francia;2019T3;.
Ceuta;Francia;2019T2;.
Ceuta;Francia;2019T1;.
Ceuta;Francia;2018T4;.
Ceuta;Francia;2018T3;.
Ceuta;Francia;2018T2;.
Ceuta;Francia;2018T1;.
Ceuta;Irlanda;2025T2;.
Ceuta;Irlanda;2025T1;.
Ceuta;Irlanda;2024T4;.
Ceuta;Irlanda;2024T3;.
Ceuta;Irlanda;2024T2;.
Ceuta;Irlanda;2024T1;.
Ceuta;Irlanda;2023T4;.
Ceuta;Irlanda;2023T3;.
Ceuta;Irlanda;2023T2;.
Ceuta;Irlanda;2023T1;.
Ceuta;Irlanda;2022T4;.
Ceuta;Irlanda;2022T3;.
Ceuta;Irlanda;2022T2;.
Ceuta;Irlanda;2022T1;.
Ceuta;Irlanda;2021T4;.
Ceuta;Irlanda;2021T3;.
Ceuta;Irlanda;2021T2;.
Ceuta;Irlanda;2021T1;.
Ceuta;Irlanda;2020T4;.
Ceuta;Irlanda;2020T3;.
Ceuta;Irlanda;2020T2;.
Ceuta;Irlanda;2020T1;.
Ceuta;Irlanda;2019T4;.
Ceuta;Irlanda;2019T3;.
Ceuta;Irlanda;2019T2;.
Ceuta;Irlanda;2019T1;.
Ceuta;Irlanda;2018T4;.
Ceuta;Irlanda;2018T3;.
Ceuta;Irlanda;2018T2;.
Ceuta;Irlanda;2018T1;.
Ceuta;Italia;2025T2;.
Ceuta;Italia;2025T1;.
Ceuta;Italia;2024T4;.
Ceuta;Italia;2024T3;.
Ceuta;Italia;2024T2;.
Ceuta;Italia;2024T1;.
Ceuta;Italia;2023T4;.
Ceuta;Italia;2023T3;.
Ceuta;Italia;2023T2;.
Ceuta;Italia;2023T1;.
Ceuta;Italia;2022T4;.
Ceuta;Italia;2022T3;.
Ceuta;Italia;2022T2;.
Ceuta;Italia;2022T1;.
Ceuta;Italia;2021T4;.
Ceuta;Italia;2021T3;.
Ceuta;Italia;2021T2;.
Ceuta;Italia;2021T1;.
Ceuta;Italia;2020T4;.
Ceuta;Italia;2020T3;.
Ceuta;Italia;2020T2;.
Ceuta;Italia;2020T1;.
Ceuta;Italia;2019T4;.
Ceuta;Italia;2019T3;.
Ceuta;Italia;2019T2;.
Ceuta;Italia;2019T1;.
Ceuta;Italia;2018T4;.
Ceuta;Italia;2018T3;.
Ceuta;Italia;2018T2;.
Ceuta;Italia;2018T1;.
Ceuta;Noruega;2025T2;.
Ceuta;Noruega;2025T1;.
Ceuta;Noruega;2024T4;.
Ceuta;Noruega;2024T3;.
Ceuta;Noruega;2024T2;.
Ceuta;Noruega;2024T1;.
Ceuta;Noruega;2023T4;.
Ceuta;Noruega;2023T3;.
Ceuta;Noruega;2023T2;.
Ceuta;Noruega;2023T1;.
Ceuta;Noruega;2022T4;.
Ceuta;Noruega;2022T3;.
Ceuta;Noruega;2022T2;.
Ceuta;Noruega;2022T1;.
Ceuta;Noruega;2021T4;.
Ceuta;Noruega;2021T3;.
Ceuta;Noruega;2021T2;.
Ceuta;Noruega;2021T1;.
Ceuta;Noruega;2020T4;.
Ceuta;Noruega;2020T3;.
Ceuta;Noruega;2020T2;.
Ceuta;Noruega;2020T1;.
Ceuta;Noruega;2019T4;.
Ceuta;Noruega;2019T3;.
Ceuta;Noruega;2019T2;.
Ceuta;Noruega;2019T1;.
Ceuta;Noruega;2018T4;.
Ceuta;Noruega;2018T3;.
Ceuta;Noruega;2018T2;.
Ceuta;Noruega;2018T1;.
Ceuta;Países Bajos;2025T2;.
Ceuta;Países Bajos;2025T1;.
Ceuta;Países Bajos;2024T4;.
Ceuta;Países Bajos;2024T3;.
Ceuta;Países Bajos;2024T2;.
Ceuta;Países Bajos;2024T1;.
Ceuta;Países Bajos;2023T4;.
Ceuta;Países Bajos;2023T3;.
Ceuta;Países Bajos;2023T2;.
Ceuta;Países Bajos;2023T1;.
Ceuta;Países Bajos;2022T4;.
Ceuta;Países Bajos;2022T3;.
Ceuta;Países Bajos;2022T2;.
Ceuta;Países Bajos;2022T1;.
Ceuta;Países Bajos;2021T4;.
Ceuta;Países Bajos;2021T3;.
Ceuta;Países Bajos;2021T2;.
Ceuta;Países Bajos;2021T1;.
Ceuta;Países Bajos;2020T4;.
Ceuta;Países Bajos;2020T3;.
Ceuta;Países Bajos;2020T2;.
Ceuta;Países Bajos;2020T1;.
Ceuta;Países Bajos;2019T4;.
Ceuta;Países Bajos;2019T3;.
Ceuta;Países Bajos;2019T2;.
Ceuta;Países Bajos;2019T1;.
Ceuta;Países Bajos;2018T4;.
Ceuta;Países Bajos;2018T3;.
Ceuta;Países Bajos;2018T2;.
Ceuta;Países Bajos;2018T1;.
Ceuta;Polonia;2025T2;.
Ceuta;Polonia;2025T1;.
Ceuta;Polonia;2024T4;.
Ceuta;Polonia;2024T3;.
Ceuta;Polonia;2024T2;.
Ceuta;Polonia;2024T1;.
Ceuta;Polonia;2023T4;.
Ceuta;Polonia;2023T3;.
Ceuta;Polonia;2023T2;.
Ceuta;Polonia;2023T1;.
Ceuta;Polonia;2022T4;.
Ceuta;Polonia;2022T3;.
Ceuta;Polonia;2022T2;.
Ceuta;Polonia;2022T1;.
Ceuta;Polonia;2021T4;.
Ceuta;Polonia;2021T3;.
Ceuta;Polonia;2021T2;.
Ceuta;Polonia;2021T1;.
Ceuta;Polonia;2020T4;.
Ceuta;Polonia;2020T3;.
Ceuta;Polonia;2020T2;.
Ceuta;Polonia;2020T1;.
Ceuta;Polonia;2019T4;.
Ceuta;Polonia;2019T3;.
Ceuta;Polonia;2019T2;.
Ceuta;Polonia;2019T1;.
Ceuta;Polonia;2018T4;.
Ceuta;Polonia;2018T3;.
Ceuta;Polonia;2018T2;.
Ceuta;Polonia;2018T1;.
Ceuta;Portugal;2025T2;.
Ceuta;Portugal;2025T1;.
Ceuta;Portugal;2024T4;.
Ceuta;Portugal;2024T3;.
Ceuta;Portugal;2024T2;.
Ceuta;Portugal;2024T1;.
Ceuta;Portugal;2023T4;.
Ceuta;Portugal;2023T3;.
Ceuta;Portugal;2023T2;.
Ceuta;Portugal;2023T1;.
Ceuta;Portugal;2022T4;.
Ceuta;Portugal;2022T3;.
Ceuta;Portugal;2022T2;.
Ceuta;Portugal;2022T1;.
Ceuta;Portugal;2021T4;.
Ceuta;Portugal;2021T3;.
Ceuta;Portugal;2021T2;.
Ceuta;Portugal;2021T1;.
Ceuta;Portugal;2020T4;.
Ceuta;Portugal;2020T3;.
Ceuta;Portugal;2020T2;.
Ceuta;Portugal;2020T1;.
Ceuta;Portugal;2019T4;.
Ceuta;Portugal;2019T3;.
Ceuta;Portugal;2019T2;.
Ceuta;Portugal;2019T1;.
Ceuta;Portugal;2018T4;.
Ceuta;Portugal;2018T3;.
Ceuta;Portugal;2018T2;.
Ceuta;Portugal;2018T1;.
Ceuta;Reino Unido;2025T2;.
Ceuta;Reino Unido;2025T1;.
Ceuta;Reino Unido;2024T4;.
Ceuta;Reino Unido;2024T3;.
Ceuta;Reino Unido;2024T2;.
Ceuta;Reino Unido;2024T1;.
Ceuta;Reino Unido;2023T4;.
Ceuta;Reino Unido;2023T3;.
Ceuta;Reino Unido;2023T2;.
Ceuta;Reino Unido;2023T1;.
Ceuta;Reino Unido;2022T4;.
Ceuta;Reino Unido;2022T3;.
Ceuta;Reino Unido;2022T2;.
Ceuta;Reino Unido;2022T1;.
Ceuta;Reino Unido;2021T4;.
Ceuta;Reino Unido;2021T3;.
Ceuta;Reino Unido;2021T2;.
Ceuta;Reino Unido;2021T1;.
Ceuta;Reino Unido;2020T4;.
Ceuta;Reino Unido;2020T3;.
Ceuta;Reino Unido;2020T2;.
Ceuta;Reino Unido;2020T1;.
Ceuta;Reino Unido;2019T4;.
Ceuta;Reino Unido;2019T3;.
Ceuta;Reino Unido;2019T2;.
Ceuta;Reino Unido;2019T1;.
Ceuta;Reino Unido;2018T4;.
Ceuta;Reino Unido;2018T3;.
Ceuta;Reino Unido;2018T2;.
Ceuta;Reino Unido;2018T1;.
Ceuta;Rumanía;2025T2;.
Ceuta;Rumanía;2025T1;.
Ceuta;Rumanía;2024T4;.
Ceuta;Rumanía;2024T3;.
Ceuta;Rumanía;2024T2;.
Ceuta;Rumanía;2024T1;.
Ceuta;Rumanía;2023T4;.
Ceuta;Rumanía;2023T3;.
Ceuta;Rumanía;2023T2;.
Ceuta;Rumanía;2023T1;.
Ceuta;Rumanía;2022T4;.
Ceuta;Rumanía;2022T3;.
Ceuta;Rumanía;2022T2;.
Ceuta;Rumanía;2022T1;.
Ceuta;Rumanía;2021T4;.
Ceuta;Rumanía;2021T3;.
Ceuta;Rumanía;2021T2;.
Ceuta;Rumanía;2021T1;.
Ceuta;Rumanía;2020T4;.
Ceuta;Rumanía;2020T3;.
Ceuta;Rumanía;2020T2;.
Ceuta;Rumanía;2020T1;.
Ceuta;Rumanía;2019T4;.
Ceuta;Rumanía;2019T3;.
Ceuta;Rumanía;2019T2;.
Ceuta;Rumanía;2019T1;.
Ceuta;Rumanía;2018T4;.
Ceuta;Rumanía;2018T3;.
Ceuta;Rumanía;2018T2;.
Ceuta;Rumanía;2018T1;.
Ceuta;Rusia;2025T2;.
Ceuta;Rusia;2025T1;.
Ceuta;Rusia;2024T4;.
Ceuta;Rusia;2024T3;.
Ceuta;Rusia;2024T2;.
Ceuta;Rusia;2024T1;.
Ceuta;Rusia;2023T4;.
Ceuta;Rusia;2023T3;.
Ceuta;Rusia;2023T2;.
Ceuta;Rusia;2023T1;.
Ceuta;Rusia;2022T4;.
Ceuta;Rusia;2022T3;.
Ceuta;Rusia;2022T2;.
Ceuta;Rusia;2022T1;.
Ceuta;Rusia;2021T4;.
Ceuta;Rusia;2021T3;.
Ceuta;Rusia;2021T2;.
Ceuta;Rusia;2021T1;.
Ceuta;Rusia;2020T4;.
Ceuta;Rusia;2020T3;.
Ceuta;Rusia;2020T2;.
Ceuta;Rusia;2020T1;.
Ceuta;Rusia;2019T4;.
Ceuta;Rusia;2019T3;.
Ceuta;Rusia;2019T2;.
Ceuta;Rusia;2019T1;.
Ceuta;Rusia;2018T4;.
Ceuta;Rusia;2018T3;.
Ceuta;Rusia;2018T2;.
Ceuta;Rusia;2018T1;.
Ceuta;Suecia;2025T2;.
Ceuta;Suecia;2025T1;.
Ceuta;Suecia;2024T4;.
Ceuta;Suecia;2024T3;.
Ceuta;Suecia;2024T2;.
Ceuta;Suecia;2024T1;.
Ceuta;Suecia;2023T4;.
Ceuta;Suecia;2023T3;.
Ceuta;Suecia;2023T2;.
Ceuta;Suecia;2023T1;.
Ceuta;Suecia;2022T4;.
Ceuta;Suecia;2022T3;.
Ceuta;Suecia;2022T2;.
Ceuta;Suecia;2022T1;.
Ceuta;Suecia;2021T4;.
Ceuta;Suecia;2021T3;.
Ceuta;Suecia;2021T2;.
Ceuta;Suecia;2021T1;.
Ceuta;Suecia;2020T4;.
Ceuta;Suecia;2020T3;.
Ceuta;Suecia;2020T2;.
Ceuta;Suecia;2020T1;.
Ceuta;Suecia;2019T4;.
Ceuta;Suecia;2019T3;.
Ceuta;Suecia;2019T2;.
Ceuta;Suecia;2019T1;.
Ceuta;Suecia;2018T4;.
Ceuta;Suecia;2018T3;.
Ceuta;Suecia;2018T2;.
Ceuta;Suecia;2018T1;.
Ceuta;Suiza;2025T2;.
Ceuta;Suiza;2025T1;.
Ceuta;Suiza;2024T4;.
Ceuta;Suiza;2024T3;.
Ceuta;Suiza;2024T2;.
Ceuta;Suiza;2024T1;.
Ceuta;Suiza;2023T4;.
Ceuta;Suiza;2023T3;.
Ceuta;Suiza;2023T2;.
Ceuta;Suiza;2023T1;.
Ceuta;Suiza;2022T4;.
Ceuta;Suiza;2022T3;.
Ceuta;Suiza;2022T2;.
Ceuta;Suiza;2022T1;.
Ceuta;Suiza;2021T4;.
Ceuta;Suiza;2021T3;.
Ceuta;Suiza;2021T2;.
Ceuta;Suiza;2021T1;.
Ceuta;Suiza;2020T4;.
Ceuta;Suiza;2020T3;.
Ceuta;Suiza;2020T2;.
Ceuta;Suiza;2020T1;.
Ceuta;Suiza;2019T4;.
Ceuta;Suiza;2019T3;.
Ceuta;Suiza;2019T2;.
Ceuta;Suiza;2019T1;.
Ceuta;Suiza;2018T4;.
Ceuta;Suiza;2018T3;.
Ceuta;Suiza;2018T2;.
Ceuta;Suiza;2018T1;.
Ceuta;Otros Países Europeos;2025T2;.
Ceuta;Otros Países Europeos;2025T1;.
Ceuta;Otros Países Europeos;2024T4;.
Ceuta;Otros Países Europeos;2024T3;.
Ceuta;Otros Países Europeos;2024T2;.
Ceuta;Otros Países Europeos;2024T1;.
Ceuta;Otros Países Europeos;2023T4;.
Ceuta;Otros Países Europeos;2023T3;.
Ceuta;Otros Países Europeos;2023T2;.
Ceuta;Otros Países Europeos;2023T1;.
Ceuta;Otros Países Europeos;2022T4;.
Ceuta;Otros Países Europeos;2022T3;.
Ceuta;Otros Países Europeos;2022T2;.
Ceuta;Otros Países Europeos;2022T1;.
Ceuta;Otros Países Europeos;2021T4;.
Ceuta;Otros Países Europeos;2021T3;.
Ceuta;Otros Países Europeos;2021T2;.
Ceuta;Otros Países Europeos;2021T1;.
Ceuta;Otros Países Europeos;2020T4;.
Ceuta;Otros Países Europeos;2020T3;.
Ceuta;Otros Países Europeos;2020T2;.
Ceuta;Otros Países Europeos;2020T1;.
Ceuta;Otros Países Europeos;2019T4;.
Ceuta;Otros Países Europeos;2019T3;.
Ceuta;Otros Países Europeos;2019T2;.
Ceuta;Otros Países Europeos;2019T1;.
Ceuta;Otros Países Europeos;2018T4;.
Ceuta;Otros Países Europeos;2018T3;.
Ceuta;Otros Países Europeos;2018T2;.
Ceuta;Otros Países Europeos;2018T1;.
Ceuta;Argentina;2025T2;.
Ceuta;Argentina;2025T1;.
Ceuta;Argentina;2024T4;.
Ceuta;Argentina;2024T3;.
Ceuta;Argentina;2024T2;.
Ceuta;Argentina;2024T1;.
Ceuta;Argentina;2023T4;.
Ceuta;Argentina;2023T3;.
Ceuta;Argentina;2023T2;.
Ceuta;Argentina;2023T1;.
Ceuta;Argentina;2022T4;.
Ceuta;Argentina;2022T3;.
Ceuta;Argentina;2022T2;.
Ceuta;Argentina;2022T1;.
Ceuta;Argentina;2021T4;.
Ceuta;Argentina;2021T3;.
Ceuta;Argentina;2021T2;.
Ceuta;Argentina;2021T1;.
Ceuta;Argentina;2020T4;.
Ceuta;Argentina;2020T3;.
Ceuta;Argentina;2020T2;.
Ceuta;Argentina;2020T1;.
Ceuta;Argentina;2019T4;.
Ceuta;Argentina;2019T3;.
Ceuta;Argentina;2019T2;.
Ceuta;Argentina;2019T1;.
Ceuta;Argentina;2018T4;.
Ceuta;Argentina;2018T3;.
Ceuta;Argentina;2018T2;.
Ceuta;Argentina;2018T1;.
Ceuta;Brasil;2025T2;.
Ceuta;Brasil;2025T1;.
Ceuta;Brasil;2024T4;.
Ceuta;Brasil;2024T3;.
Ceuta;Brasil;2024T2;.
Ceuta;Brasil;2024T1;.
Ceuta;Brasil;2023T4;.
Ceuta;Brasil;2023T3;.
Ceuta;Brasil;2023T2;.
Ceuta;Brasil;2023T1;.
Ceuta;Brasil;2022T4;.
Ceuta;Brasil;2022T3;.
Ceuta;Brasil;2022T2;.
Ceuta;Brasil;2022T1;.
Ceuta;Brasil;2021T4;.
Ceuta;Brasil;2021T3;.
Ceuta;Brasil;2021T2;.
Ceuta;Brasil;2021T1;.
Ceuta;Brasil;2020T4;.
Ceuta;Brasil;2020T3;.
Ceuta;Brasil;2020T2;.
Ceuta;Brasil;2020T1;.
Ceuta;Brasil;2019T4;.
Ceuta;Brasil;2019T3;.
Ceuta;Brasil;2019T2;.
Ceuta;Brasil;2019T1;.
Ceuta;Brasil;2018T4;.
Ceuta;Brasil;2018T3;.
Ceuta;Brasil;2018T2;.
Ceuta;Brasil;2018T1;.
Ceuta;Canadá;2025T2;.
Ceuta;Canadá;2025T1;.
Ceuta;Canadá;2024T4;.
Ceuta;Canadá;2024T3;.
Ceuta;Canadá;2024T2;.
Ceuta;Canadá;2024T1;.
Ceuta;Canadá;2023T4;.
Ceuta;Canadá;2023T3;.
Ceuta;Canadá;2023T2;.
Ceuta;Canadá;2023T1;.
Ceuta;Canadá;2022T4;.
Ceuta;Canadá;2022T3;.
Ceuta;Canadá;2022T2;.
Ceuta;Canadá;2022T1;.
Ceuta;Canadá;2021T4;.
Ceuta;Canadá;2021T3;.
Ceuta;Canadá;2021T2;.
Ceuta;Canadá;2021T1;.
Ceuta;Canadá;2020T4;.
Ceuta;Canadá;2020T3;.
Ceuta;Canadá;2020T2;.
Ceuta;Canadá;2020T1;.
Ceuta;Canadá;2019T4;.
Ceuta;Canadá;2019T3;.
Ceuta;Canadá;2019T2;.
Ceuta;Canadá;2019T1;.
Ceuta;Canadá;2018T4;.
Ceuta;Canadá;2018T3;.
Ceuta;Canadá;2018T2;.
Ceuta;Canadá;2018T1;.
Ceuta;Chile;2025T2;.
Ceuta;Chile;2025T1;.
Ceuta;Chile;2024T4;.
Ceuta;Chile;2024T3;.
Ceuta;Chile;2024T2;.
Ceuta;Chile;2024T1;.
Ceuta;Chile;2023T4;.
Ceuta;Chile;2023T3;.
Ceuta;Chile;2023T2;.
Ceuta;Chile;2023T1;.
Ceuta;Chile;2022T4;.
Ceuta;Chile;2022T3;.
Ceuta;Chile;2022T2;.
Ceuta;Chile;2022T1;.
Ceuta;Chile;2021T4;.
Ceuta;Chile;2021T3;.
Ceuta;Chile;2021T2;.
Ceuta;Chile;2021T1;.
Ceuta;Chile;2020T4;.
Ceuta;Chile;2020T3;.
Ceuta;Chile;2020T2;.
Ceuta;Chile;2020T1;.
Ceuta;Chile;2019T4;.
Ceuta;Chile;2019T3;.
Ceuta;Chile;2019T2;.
Ceuta;Chile;2019T1;.
Ceuta;Chile;2018T4;.
Ceuta;Chile;2018T3;.
Ceuta;Chile;2018T2;.
Ceuta;Chile;2018T1;.
Ceuta;Colombia;2025T2;.
Ceuta;Colombia;2025T1;.
Ceuta;Colombia;2024T4;.
Ceuta;Colombia;2024T3;.
Ceuta;Colombia;2024T2;.
Ceuta;Colombia;2024T1;.
Ceuta;Colombia;2023T4;.
Ceuta;Colombia;2023T3;.
Ceuta;Colombia;2023T2;.
Ceuta;Colombia;2023T1;.
Ceuta;Colombia;2022T4;.
Ceuta;Colombia;2022T3;.
Ceuta;Colombia;2022T2;.
Ceuta;Colombia;2022T1;.
Ceuta;Colombia;2021T4;.
Ceuta;Colombia;2021T3;.
Ceuta;Colombia;2021T2;.
Ceuta;Colombia;2021T1;.
Ceuta;Colombia;2020T4;.
Ceuta;Colombia;2020T3;.
Ceuta;Colombia;2020T2;.
Ceuta;Colombia;2020T1;.
Ceuta;Colombia;2019T4;.
Ceuta;Colombia;2019T3;.
Ceuta;Colombia;2019T2;.
Ceuta;Colombia;2019T1;.
Ceuta;Colombia;2018T4;.
Ceuta;Colombia;2018T3;.
Ceuta;Colombia;2018T2;.
Ceuta;Colombia;2018T1;.
Ceuta;Estados Unidos de América;2025T2;.
Ceuta;Estados Unidos de América;2025T1;.
Ceuta;Estados Unidos de América;2024T4;.
Ceuta;Estados Unidos de América;2024T3;.
Ceuta;Estados Unidos de América;2024T2;.
Ceuta;Estados Unidos de América;2024T1;.
Ceuta;Estados Unidos de América;2023T4;.
Ceuta;Estados Unidos de América;2023T3;.
Ceuta;Estados Unidos de América;2023T2;.
Ceuta;Estados Unidos de América;2023T1;.
Ceuta;Estados Unidos de América;2022T4;.
Ceuta;Estados Unidos de América;2022T3;.
Ceuta;Estados Unidos de América;2022T2;.
Ceuta;Estados Unidos de América;2022T1;.
Ceuta;Estados Unidos de América;2021T4;.
Ceuta;Estados Unidos de América;2021T3;.
Ceuta;Estados Unidos de América;2021T2;.
Ceuta;Estados Unidos de América;2021T1;.
Ceuta;Estados Unidos de América;2020T4;.
Ceuta;Estados Unidos de América;2020T3;.
Ceuta;Estados Unidos de América;2020T2;.
Ceuta;Estados Unidos de América;2020T1;.
Ceuta;Estados Unidos de América;2019T4;.
Ceuta;Estados Unidos de América;2019T3;.
Ceuta;Estados Unidos de América;2019T2;.
Ceuta;Estados Unidos de América;2019T1;.
Ceuta;Estados Unidos de América;2018T4;.
Ceuta;Estados Unidos de América;2018T3;.
Ceuta;Estados Unidos de América;2018T2;.
Ceuta;Estados Unidos de América;2018T1;.
Ceuta;México;2025T2;.
Ceuta;México;2025T1;.
Ceuta;México;2024T4;.
Ceuta;México;2024T3;.
Ceuta;México;2024T2;.
Ceuta;México;2024T1;.
Ceuta;México;2023T4;.
Ceuta;México;2023T3;.
Ceuta;México;2023T2;.
Ceuta;México;2023T1;.
Ceuta;México;2022T4;.
Ceuta;México;2022T3;.
Ceuta;México;2022T2;.
Ceuta;México;2022T1;.
Ceuta;México;2021T4;.
Ceuta;México;2021T3;.
Ceuta;México;2021T2;.
Ceuta;México;2021T1;.
Ceuta;México;2020T4;.
Ceuta;México;2020T3;.
Ceuta;México;2020T2;.
Ceuta;México;2020T1;.
Ceuta;México;2019T4;.
Ceuta;México;2019T3;.
Ceuta;México;2019T2;.
Ceuta;México;2019T1;.
Ceuta;México;2018T4;.
Ceuta;México;2018T3;.
Ceuta;México;2018T2;.
Ceuta;México;2018T1;.
Ceuta;Resto de América;2025T2;.
Ceuta;Resto de América;2025T1;.
Ceuta;Resto de América;2024T4;.
Ceuta;Resto de América;2024T3;.
Ceuta;Resto de América;2024T2;.
Ceuta;Resto de América;2024T1;.
Ceuta;Resto de América;2023T4;.
Ceuta;Resto de América;2023T3;.
Ceuta;Resto de América;2023T2;.
Ceuta;Resto de América;2023T1;.
Ceuta;Resto de América;2022T4;.
Ceuta;Resto de América;2022T3;.
Ceuta;Resto de América;2022T2;.
Ceuta;Resto de América;2022T1;.
Ceuta;Resto de América;2021T4;.
Ceuta;Resto de América;2021T3;.
Ceuta;Resto de América;2021T2;.
Ceuta;Resto de América;2021T1;.
Ceuta;Resto de América;2020T4;.
Ceuta;Resto de América;2020T3;.
Ceuta;Resto de América;2020T2;.
Ceuta;Resto de América;2020T1;.
Ceuta;Resto de América;2019T4;.
Ceuta;Resto de América;2019T3;.
Ceuta;Resto de América;2019T2;.
Ceuta;Resto de América;2019T1;.
Ceuta;Resto de América;2018T4;.
Ceuta;Resto de América;2018T3;.
Ceuta;Resto de América;2018T2;.
Ceuta;Resto de América;2018T1;.
Ceuta;Australia;2025T2;.
Ceuta;Australia;2025T1;.
Ceuta;Australia;2024T4;.
Ceuta;Australia;2024T3;.
Ceuta;Australia;2024T2;.
Ceuta;Australia;2024T1;.
Ceuta;Australia;2023T4;.
Ceuta;Australia;2023T3;.
Ceuta;Australia;2023T2;.
Ceuta;Australia;2023T1;.
Ceuta;Australia;2022T4;.
Ceuta;Australia;2022T3;.
Ceuta;Australia;2022T2;.
Ceuta;Australia;2022T1;.
Ceuta;Australia;2021T4;.
Ceuta;Australia;2021T3;.
Ceuta;Australia;2021T2;.
Ceuta;Australia;2021T1;.
Ceuta;Australia;2020T4;.
Ceuta;Australia;2020T3;.
Ceuta;Australia;2020T2;.
Ceuta;Australia;2020T1;.
Ceuta;Australia;2019T4;.
Ceuta;Australia;2019T3;.
Ceuta;Australia;2019T2;.
Ceuta;Australia;2019T1;.
Ceuta;Australia;2018T4;.
Ceuta;Australia;2018T3;.
Ceuta;Australia;2018T2;.
Ceuta;Australia;2018T1;.
Ceuta;China;2025T2;.
Ceuta;China;2025T1;.
Ceuta;China;2024T4;.
Ceuta;China;2024T3;.
Ceuta;China;2024T2;.
Ceuta;China;2024T1;.
Ceuta;China;2023T4;.
Ceuta;China;2023T3;.
Ceuta;China;2023T2;.
Ceuta;China;2023T1;.
Ceuta;China;2022T4;.
Ceuta;China;2022T3;.
Ceuta;China;2022T2;.
Ceuta;China;2022T1;.
Ceuta;China;2021T4;.
Ceuta;China;2021T3;.
Ceuta;China;2021T2;.
Ceuta;China;2021T1;.
Ceuta;China;2020T4;.
Ceuta;China;2020T3;.
Ceuta;China;2020T2;.
Ceuta;China;2020T1;.
Ceuta;China;2019T4;.
Ceuta;China;2019T3;.
Ceuta;China;2019T2;.
Ceuta;China;2019T1;.
Ceuta;China;2018T4;.
Ceuta;China;2018T3;.
Ceuta;China;2018T2;.
Ceuta;China;2018T1;.
Ceuta;Corea;2025T2;.
Ceuta;Corea;2025T1;.
Ceuta;Corea;2024T4;.
Ceuta;Corea;2024T3;.
Ceuta;Corea;2024T2;.
Ceuta;Corea;2024T1;.
Ceuta;Corea;2023T4;.
Ceuta;Corea;2023T3;.
Ceuta;Corea;2023T2;.
Ceuta;Corea;2023T1;.
Ceuta;Corea;2022T4;.
Ceuta;Corea;2022T3;.
Ceuta;Corea;2022T2;.
Ceuta;Corea;2022T1;.
Ceuta;Corea;2021T4;.
Ceuta;Corea;2021T3;.
Ceuta;Corea;2021T2;.
Ceuta;Corea;2021T1;.
Ceuta;Corea;2020T4;.
Ceuta;Corea;2020T3;.
Ceuta;Corea;2020T2;.
Ceuta;Corea;2020T1;.
Ceuta;Corea;2019T4;.
Ceuta;Corea;2019T3;.
Ceuta;Corea;2019T2;.
Ceuta;Corea;2019T1;.
Ceuta;Corea;2018T4;.
Ceuta;Corea;2018T3;.
Ceuta;Corea;2018T2;.
Ceuta;Corea;2018T1;.
Ceuta;Emiratos Árabes Unidos;2025T2;.
Ceuta;Emiratos Árabes Unidos;2025T1;.
Ceuta;Emiratos Árabes Unidos;2024T4;.
Ceuta;Emiratos Árabes Unidos;2024T3;.
Ceuta;Emiratos Árabes Unidos;2024T2;.
Ceuta;Emiratos Árabes Unidos;2024T1;.
Ceuta;Emiratos Árabes Unidos;2023T4;.
Ceuta;Emiratos Árabes Unidos;2023T3;.
Ceuta;Emiratos Árabes Unidos;2023T2;.
Ceuta;Emiratos Árabes Unidos;2023T1;.
Ceuta;Emiratos Árabes Unidos;2022T4;.
Ceuta;Emiratos Árabes Unidos;2022T3;.
Ceuta;Emiratos Árabes Unidos;2022T2;.
Ceuta;Emiratos Árabes Unidos;2022T1;.
Ceuta;Emiratos Árabes Unidos;2021T4;.
Ceuta;Emiratos Árabes Unidos;2021T3;.
Ceuta;Emiratos Árabes Unidos;2021T2;.
Ceuta;Emiratos Árabes Unidos;2021T1;.
Ceuta;Emiratos Árabes Unidos;2020T4;.
Ceuta;Emiratos Árabes Unidos;2020T3;.
Ceuta;Emiratos Árabes Unidos;2020T2;.
Ceuta;Emiratos Árabes Unidos;2020T1;.
Ceuta;Emiratos Árabes Unidos;2019T4;.
Ceuta;Emiratos Árabes Unidos;2019T3;.
Ceuta;Emiratos Árabes Unidos;2019T2;.
Ceuta;Emiratos Árabes Unidos;2019T1;.
Ceuta;Emiratos Árabes Unidos;2018T4;.
Ceuta;Emiratos Árabes Unidos;2018T3;.
Ceuta;Emiratos Árabes Unidos;2018T2;.
Ceuta;Emiratos Árabes Unidos;2018T1;.
Ceuta;Japón;2025T2;.
Ceuta;Japón;2025T1;.
Ceuta;Japón;2024T4;.
Ceuta;Japón;2024T3;.
Ceuta;Japón;2024T2;.
Ceuta;Japón;2024T1;.
Ceuta;Japón;2023T4;.
Ceuta;Japón;2023T3;.
Ceuta;Japón;2023T2;.
Ceuta;Japón;2023T1;.
Ceuta;Japón;2022T4;.
Ceuta;Japón;2022T3;.
Ceuta;Japón;2022T2;.
Ceuta;Japón;2022T1;.
Ceuta;Japón;2021T4;.
Ceuta;Japón;2021T3;.
Ceuta;Japón;2021T2;.
Ceuta;Japón;2021T1;.
Ceuta;Japón;2020T4;.
Ceuta;Japón;2020T3;.
Ceuta;Japón;2020T2;.
Ceuta;Japón;2020T1;.
Ceuta;Japón;2019T4;.
Ceuta;Japón;2019T3;.
Ceuta;Japón;2019T2;.
Ceuta;Japón;2019T1;.
Ceuta;Japón;2018T4;.
Ceuta;Japón;2018T3;.
Ceuta;Japón;2018T2;.
Ceuta;Japón;2018T1;.
Ceuta;Turquía;2025T2;.
Ceuta;Turquía;2025T1;.
Ceuta;Turquía;2024T4;.
Ceuta;Turquía;2024T3;.
Ceuta;Turquía;2024T2;.
Ceuta;Turquía;2024T1;.
Ceuta;Turquía;2023T4;.
Ceuta;Turquía;2023T3;.
Ceuta;Turquía;2023T2;.
Ceuta;Turquía;2023T1;.
Ceuta;Turquía;2022T4;.
Ceuta;Turquía;2022T3;.
Ceuta;Turquía;2022T2;.
Ceuta;Turquía;2022T1;.
Ceuta;Turquía;2021T4;.
Ceuta;Turquía;2021T3;.
Ceuta;Turquía;2021T2;.
Ceuta;Turquía;2021T1;.
Ceuta;Turquía;2020T4;.
Ceuta;Turquía;2020T3;.
Ceuta;Turquía;2020T2;.
Ceuta;Turquía;2020T1;.
Ceuta;Turquía;2019T4;.
Ceuta;Turquía;2019T3;.
Ceuta;Turquía;2019T2;.
Ceuta;Turquía;2019T1;.
Ceuta;Turquía;2018T4;.
Ceuta;Turquía;2018T3;.
Ceuta;Turquía;2018T2;.
Ceuta;Turquía;2018T1;.
Ceuta;Resto del mundo;2025T2;.
Ceuta;Resto del mundo;2025T1;.
Ceuta;Resto del mundo;2024T4;.
Ceuta;Resto del mundo;2024T3;.
Ceuta;Resto del mundo;2024T2;.
Ceuta;Resto del mundo;2024T1;.
Ceuta;Resto del mundo;2023T4;.
Ceuta;Resto del mundo;2023T3;.
Ceuta;Resto del mundo;2023T2;.
Ceuta;Resto del mundo;2023T1;.
Ceuta;Resto del mundo;2022T4;.
Ceuta;Resto del mundo;2022T3;.
Ceuta;Resto del mundo;2022T2;.
Ceuta;Resto del mundo;2022T1;.
Ceuta;Resto del mundo;2021T4;.
Ceuta;Resto del mundo;2021T3;.
Ceuta;Resto del mundo;2021T2;.
Ceuta;Resto del mundo;2021T1;.
Ceuta;Resto del mundo;2020T4;.
Ceuta;Resto del mundo;2020T3;.
Ceuta;Resto del mundo;2020T2;.
Ceuta;Resto del mundo;2020T1;.
Ceuta;Resto del mundo;2019T4;.
Ceuta;Resto del mundo;2019T3;.
Ceuta;Resto del mundo;2019T2;.
Ceuta;Resto del mundo;2019T1;.
Ceuta;Resto del mundo;2018T4;.
Ceuta;Resto del mundo;2018T3;.
Ceuta;Resto del mundo;2018T2;.
Ceuta;Resto del mundo;2018T1;.
Melilla;Total;2025T2;.
Melilla;Total;2025T1;.
Melilla;Total;2024T4;.
Melilla;Total;2024T3;.
Melilla;Total;2024T2;.
Melilla;Total;2024T1;.
Melilla;Total;2023T4;.
Melilla;Total;2023T3;.
Melilla;Total;2023T2;.
Melilla;Total;2023T1;.
Melilla;Total;2022T4;.
Melilla;Total;2022T3;.
Melilla;Total;2022T2;.
Melilla;Total;2022T1;.
Melilla;Total;2021T4;.
Melilla;Total;2021T3;.
Melilla;Total;2021T2;.
Melilla;Total;2021T1;.
Melilla;Total;2020T4;.
Melilla;Total;2020T3;.
Melilla;Total;2020T2;.
Melilla;Total;2020T1;.
Melilla;Total;2019T4;.
Melilla;Total;2019T3;.
Melilla;Total;2019T2;.
Melilla;Total;2019T1;.
Melilla;Total;2018T4;.
Melilla;Total;2018T3;.
Melilla;Total;2018T2;.
Melilla;Total;2018T1;.
Melilla;Alemania;2025T2;.
Melilla;Alemania;2025T1;.
Melilla;Alemania;2024T4;.
Melilla;Alemania;2024T3;.
Melilla;Alemania;2024T2;.
Melilla;Alemania;2024T1;.
Melilla;Alemania;2023T4;.
Melilla;Alemania;2023T3;.
Melilla;Alemania;2023T2;.
Melilla;Alemania;2023T1;.
Melilla;Alemania;2022T4;.
Melilla;Alemania;2022T3;.
Melilla;Alemania;2022T2;.
Melilla;Alemania;2022T1;.
Melilla;Alemania;2021T4;.
Melilla;Alemania;2021T3;.
Melilla;Alemania;2021T2;.
Melilla;Alemania;2021T1;.
Melilla;Alemania;2020T4;.
Melilla;Alemania;2020T3;.
Melilla;Alemania;2020T2;.
Melilla;Alemania;2020T1;.
Melilla;Alemania;2019T4;.
Melilla;Alemania;2019T3;.
Melilla;Alemania;2019T2;.
Melilla;Alemania;2019T1;.
Melilla;Alemania;2018T4;.
Melilla;Alemania;2018T3;.
Melilla;Alemania;2018T2;.
Melilla;Alemania;2018T1;.
Melilla;Andorra;2025T2;.
Melilla;Andorra;2025T1;.
Melilla;Andorra;2024T4;.
Melilla;Andorra;2024T3;.
Melilla;Andorra;2024T2;.
Melilla;Andorra;2024T1;.
Melilla;Andorra;2023T4;.
Melilla;Andorra;2023T3;.
Melilla;Andorra;2023T2;.
Melilla;Andorra;2023T1;.
Melilla;Andorra;2022T4;.
Melilla;Andorra;2022T3;.
Melilla;Andorra;2022T2;.
Melilla;Andorra;2022T1;.
Melilla;Andorra;2021T4;.
Melilla;Andorra;2021T3;.
Melilla;Andorra;2021T2;.
Melilla;Andorra;2021T1;.
Melilla;Andorra;2020T4;.
Melilla;Andorra;2020T3;.
Melilla;Andorra;2020T2;.
Melilla;Andorra;2020T1;.
Melilla;Andorra;2019T4;.
Melilla;Andorra;2019T3;.
Melilla;Andorra;2019T2;.
Melilla;Andorra;2019T1;.
Melilla;Andorra;2018T4;.
Melilla;Andorra;2018T3;.
Melilla;Andorra;2018T2;.
Melilla;Andorra;2018T1;.
Melilla;Austria;2025T2;.
Melilla;Austria;2025T1;.
Melilla;Austria;2024T4;.
Melilla;Austria;2024T3;.
Melilla;Austria;2024T2;.
Melilla;Austria;2024T1;.
Melilla;Austria;2023T4;.
Melilla;Austria;2023T3;.
Melilla;Austria;2023T2;.
Melilla;Austria;2023T1;.
Melilla;Austria;2022T4;.
Melilla;Austria;2022T3;.
Melilla;Austria;2022T2;.
Melilla;Austria;2022T1;.
Melilla;Austria;2021T4;.
Melilla;Austria;2021T3;.
Melilla;Austria;2021T2;.
Melilla;Austria;2021T1;.
Melilla;Austria;2020T4;.
Melilla;Austria;2020T3;.
Melilla;Austria;2020T2;.
Melilla;Austria;2020T1;.
Melilla;Austria;2019T4;.
Melilla;Austria;2019T3;.
Melilla;Austria;2019T2;.
Melilla;Austria;2019T1;.
Melilla;Austria;2018T4;.
Melilla;Austria;2018T3;.
Melilla;Austria;2018T2;.
Melilla;Austria;2018T1;.
Melilla;Bélgica;2025T2;.
Melilla;Bélgica;2025T1;.
Melilla;Bélgica;2024T4;.
Melilla;Bélgica;2024T3;.
Melilla;Bélgica;2024T2;.
Melilla;Bélgica;2024T1;.
Melilla;Bélgica;2023T4;.
Melilla;Bélgica;2023T3;.
Melilla;Bélgica;2023T2;.
Melilla;Bélgica;2023T1;.
Melilla;Bélgica;2022T4;.
Melilla;Bélgica;2022T3;.
Melilla;Bélgica;2022T2;.
Melilla;Bélgica;2022T1;.
Melilla;Bélgica;2021T4;.
Melilla;Bélgica;2021T3;.
Melilla;Bélgica;2021T2;.
Melilla;Bélgica;2021T1;.
Melilla;Bélgica;2020T4;.
Melilla;Bélgica;2020T3;.
Melilla;Bélgica;2020T2;.
Melilla;Bélgica;2020T1;.
Melilla;Bélgica;2019T4;.
Melilla;Bélgica;2019T3;.
Melilla;Bélgica;2019T2;.
Melilla;Bélgica;2019T1;.
Melilla;Bélgica;2018T4;.
Melilla;Bélgica;2018T3;.
Melilla;Bélgica;2018T2;.
Melilla;Bélgica;2018T1;.
Melilla;Dinamarca;2025T2;.
Melilla;Dinamarca;2025T1;.
Melilla;Dinamarca;2024T4;.
Melilla;Dinamarca;2024T3;.
Melilla;Dinamarca;2024T2;.
Melilla;Dinamarca;2024T1;.
Melilla;Dinamarca;2023T4;.
Melilla;Dinamarca;2023T3;.
Melilla;Dinamarca;2023T2;.
Melilla;Dinamarca;2023T1;.
Melilla;Dinamarca;2022T4;.
Melilla;Dinamarca;2022T3;.
Melilla;Dinamarca;2022T2;.
Melilla;Dinamarca;2022T1;.
Melilla;Dinamarca;2021T4;.
Melilla;Dinamarca;2021T3;.
Melilla;Dinamarca;2021T2;.
Melilla;Dinamarca;2021T1;.
Melilla;Dinamarca;2020T4;.
Melilla;Dinamarca;2020T3;.
Melilla;Dinamarca;2020T2;.
Melilla;Dinamarca;2020T1;.
Melilla;Dinamarca;2019T4;.
Melilla;Dinamarca;2019T3;.
Melilla;Dinamarca;2019T2;.
Melilla;Dinamarca;2019T1;.
Melilla;Dinamarca;2018T4;.
Melilla;Dinamarca;2018T3;.
Melilla;Dinamarca;2018T2;.
Melilla;Dinamarca;2018T1;.
Melilla;Finlandia;2025T2;.
Melilla;Finlandia;2025T1;.
Melilla;Finlandia;2024T4;.
Melilla;Finlandia;2024T3;.
Melilla;Finlandia;2024T2;.
Melilla;Finlandia;2024T1;.
Melilla;Finlandia;2023T4;.
Melilla;Finlandia;2023T3;.
Melilla;Finlandia;2023T2;.
Melilla;Finlandia;2023T1;.
Melilla;Finlandia;2022T4;.
Melilla;Finlandia;2022T3;.
Melilla;Finlandia;2022T2;.
Melilla;Finlandia;2022T1;.
Melilla;Finlandia;2021T4;.
Melilla;Finlandia;2021T3;.
Melilla;Finlandia;2021T2;.
Melilla;Finlandia;2021T1;.
Melilla;Finlandia;2020T4;.
Melilla;Finlandia;2020T3;.
Melilla;Finlandia;2020T2;.
Melilla;Finlandia;2020T1;.
Melilla;Finlandia;2019T4;.
Melilla;Finlandia;2019T3;.
Melilla;Finlandia;2019T2;.
Melilla;Finlandia;2019T1;.
Melilla;Finlandia;2018T4;.
Melilla;Finlandia;2018T3;.
Melilla;Finlandia;2018T2;.
Melilla;Finlandia;2018T1;.
Melilla;Francia;2025T2;.
Melilla;Francia;2025T1;.
Melilla;Francia;2024T4;.
Melilla;Francia;2024T3;.
Melilla;Francia;2024T2;.
Melilla;Francia;2024T1;.
Melilla;Francia;2023T4;.
Melilla;Francia;2023T3;.
Melilla;Francia;2023T2;.
Melilla;Francia;2023T1;.
Melilla;Francia;2022T4;.
Melilla;Francia;2022T3;.
Melilla;Francia;2022T2;.
Melilla;Francia;2022T1;.
Melilla;Francia;2021T4;.
Melilla;Francia;2021T3;.
Melilla;Francia;2021T2;.
Melilla;Francia;2021T1;.
Melilla;Francia;2020T4;.
Melilla;Francia;2020T3;.
Melilla;Francia;2020T2;.
Melilla;Francia;2020T1;.
Melilla;Francia;2019T4;.
Melilla;Francia;2019T3;.
Melilla;Francia;2019T2;.
Melilla;Francia;2019T1;.
Melilla;Francia;2018T4;.
Melilla;Francia;2018T3;.
Melilla;Francia;2018T2;.
Melilla;Francia;2018T1;.
Melilla;Irlanda;2025T2;.
Melilla;Irlanda;2025T1;.
Melilla;Irlanda;2024T4;.
Melilla;Irlanda;2024T3;.
Melilla;Irlanda;2024T2;.
Melilla;Irlanda;2024T1;.
Melilla;Irlanda;2023T4;.
Melilla;Irlanda;2023T3;.
Melilla;Irlanda;2023T2;.
Melilla;Irlanda;2023T1;.
Melilla;Irlanda;2022T4;.
Melilla;Irlanda;2022T3;.
Melilla;Irlanda;2022T2;.
Melilla;Irlanda;2022T1;.
Melilla;Irlanda;2021T4;.
Melilla;Irlanda;2021T3;.
Melilla;Irlanda;2021T2;.
Melilla;Irlanda;2021T1;.
Melilla;Irlanda;2020T4;.
Melilla;Irlanda;2020T3;.
Melilla;Irlanda;2020T2;.
Melilla;Irlanda;2020T1;.
Melilla;Irlanda;2019T4;.
Melilla;Irlanda;2019T3;.
Melilla;Irlanda;2019T2;.
Melilla;Irlanda;2019T1;.
Melilla;Irlanda;2018T4;.
Melilla;Irlanda;2018T3;.
Melilla;Irlanda;2018T2;.
Melilla;Irlanda;2018T1;.
Melilla;Italia;2025T2;.
Melilla;Italia;2025T1;.
Melilla;Italia;2024T4;.
Melilla;Italia;2024T3;.
Melilla;Italia;2024T2;.
Melilla;Italia;2024T1;.
Melilla;Italia;2023T4;.
Melilla;Italia;2023T3;.
Melilla;Italia;2023T2;.
Melilla;Italia;2023T1;.
Melilla;Italia;2022T4;.
Melilla;Italia;2022T3;.
Melilla;Italia;2022T2;.
Melilla;Italia;2022T1;.
Melilla;Italia;2021T4;.
Melilla;Italia;2021T3;.
Melilla;Italia;2021T2;.
Melilla;Italia;2021T1;.
Melilla;Italia;2020T4;.
Melilla;Italia;2020T3;.
Melilla;Italia;2020T2;.
Melilla;Italia;2020T1;.
Melilla;Italia;2019T4;.
Melilla;Italia;2019T3;.
Melilla;Italia;2019T2;.
Melilla;Italia;2019T1;.
Melilla;Italia;2018T4;.
Melilla;Italia;2018T3;.
Melilla;Italia;2018T2;.
Melilla;Italia;2018T1;.
Melilla;Noruega;2025T2;.
Melilla;Noruega;2025T1;.
Melilla;Noruega;2024T4;.
Melilla;Noruega;2024T3;.
Melilla;Noruega;2024T2;.
Melilla;Noruega;2024T1;.
Melilla;Noruega;2023T4;.
Melilla;Noruega;2023T3;.
Melilla;Noruega;2023T2;.
Melilla;Noruega;2023T1;.
Melilla;Noruega;2022T4;.
Melilla;Noruega;2022T3;.
Melilla;Noruega;2022T2;.
Melilla;Noruega;2022T1;.
Melilla;Noruega;2021T4;.
Melilla;Noruega;2021T3;.
Melilla;Noruega;2021T2;.
Melilla;Noruega;2021T1;.
Melilla;Noruega;2020T4;.
Melilla;Noruega;2020T3;.
Melilla;Noruega;2020T2;.
Melilla;Noruega;2020T1;.
Melilla;Noruega;2019T4;.
Melilla;Noruega;2019T3;.
Melilla;Noruega;2019T2;.
Melilla;Noruega;2019T1;.
Melilla;Noruega;2018T4;.
Melilla;Noruega;2018T3;.
Melilla;Noruega;2018T2;.
Melilla;Noruega;2018T1;.
Melilla;Países Bajos;2025T2;.
Melilla;Países Bajos;2025T1;.
Melilla;Países Bajos;2024T4;.
Melilla;Países Bajos;2024T3;.
Melilla;Países Bajos;2024T2;.
Melilla;Países Bajos;2024T1;.
Melilla;Países Bajos;2023T4;.
Melilla;Países Bajos;2023T3;.
Melilla;Países Bajos;2023T2;.
Melilla;Países Bajos;2023T1;.
Melilla;Países Bajos;2022T4;.
Melilla;Países Bajos;2022T3;.
Melilla;Países Bajos;2022T2;.
Melilla;Países Bajos;2022T1;.
Melilla;Países Bajos;2021T4;.
Melilla;Países Bajos;2021T3;.
Melilla;Países Bajos;2021T2;.
Melilla;Países Bajos;2021T1;.
Melilla;Países Bajos;2020T4;.
Melilla;Países Bajos;2020T3;.
Melilla;Países Bajos;2020T2;.
Melilla;Países Bajos;2020T1;.
Melilla;Países Bajos;2019T4;.
Melilla;Países Bajos;2019T3;.
Melilla;Países Bajos;2019T2;.
Melilla;Países Bajos;2019T1;.
Melilla;Países Bajos;2018T4;.
Melilla;Países Bajos;2018T3;.
Melilla;Países Bajos;2018T2;.
Melilla;Países Bajos;2018T1;.
Melilla;Polonia;2025T2;.
Melilla;Polonia;2025T1;.
Melilla;Polonia;2024T4;.
Melilla;Polonia;2024T3;.
Melilla;Polonia;2024T2;.
Melilla;Polonia;2024T1;.
Melilla;Polonia;2023T4;.
Melilla;Polonia;2023T3;.
Melilla;Polonia;2023T2;.
Melilla;Polonia;2023T1;.
Melilla;Polonia;2022T4;.
Melilla;Polonia;2022T3;.
Melilla;Polonia;2022T2;.
Melilla;Polonia;2022T1;.
Melilla;Polonia;2021T4;.
Melilla;Polonia;2021T3;.
Melilla;Polonia;2021T2;.
Melilla;Polonia;2021T1;.
Melilla;Polonia;2020T4;.
Melilla;Polonia;2020T3;.
Melilla;Polonia;2020T2;.
Melilla;Polonia;2020T1;.
Melilla;Polonia;2019T4;.
Melilla;Polonia;2019T3;.
Melilla;Polonia;2019T2;.
Melilla;Polonia;2019T1;.
Melilla;Polonia;2018T4;.
Melilla;Polonia;2018T3;.
Melilla;Polonia;2018T2;.
Melilla;Polonia;2018T1;.
Melilla;Portugal;2025T2;.
Melilla;Portugal;2025T1;.
Melilla;Portugal;2024T4;.
Melilla;Portugal;2024T3;.
Melilla;Portugal;2024T2;.
Melilla;Portugal;2024T1;.
Melilla;Portugal;2023T4;.
Melilla;Portugal;2023T3;.
Melilla;Portugal;2023T2;.
Melilla;Portugal;2023T1;.
Melilla;Portugal;2022T4;.
Melilla;Portugal;2022T3;.
Melilla;Portugal;2022T2;.
Melilla;Portugal;2022T1;.
Melilla;Portugal;2021T4;.
Melilla;Portugal;2021T3;.
Melilla;Portugal;2021T2;.
Melilla;Portugal;2021T1;.
Melilla;Portugal;2020T4;.
Melilla;Portugal;2020T3;.
Melilla;Portugal;2020T2;.
Melilla;Portugal;2020T1;.
Melilla;Portugal;2019T4;.
Melilla;Portugal;2019T3;.
Melilla;Portugal;2019T2;.
Melilla;Portugal;2019T1;.
Melilla;Portugal;2018T4;.
Melilla;Portugal;2018T3;.
Melilla;Portugal;2018T2;.
Melilla;Portugal;2018T1;.
Melilla;Reino Unido;2025T2;.
Melilla;Reino Unido;2025T1;.
Melilla;Reino Unido;2024T4;.
Melilla;Reino Unido;2024T3;.
Melilla;Reino Unido;2024T2;.
Melilla;Reino Unido;2024T1;.
Melilla;Reino Unido;2023T4;.
Melilla;Reino Unido;2023T3;.
Melilla;Reino Unido;2023T2;.
Melilla;Reino Unido;2023T1;.
Melilla;Reino Unido;2022T4;.
Melilla;Reino Unido;2022T3;.
Melilla;Reino Unido;2022T2;.
Melilla;Reino Unido;2022T1;.
Melilla;Reino Unido;2021T4;.
Melilla;Reino Unido;2021T3;.
Melilla;Reino Unido;2021T2;.
Melilla;Reino Unido;2021T1;.
Melilla;Reino Unido;2020T4;.
Melilla;Reino Unido;2020T3;.
Melilla;Reino Unido;2020T2;.
Melilla;Reino Unido;2020T1;.
Melilla;Reino Unido;2019T4;.
Melilla;Reino Unido;2019T3;.
Melilla;Reino Unido;2019T2;.
Melilla;Reino Unido;2019T1;.
Melilla;Reino Unido;2018T4;.
Melilla;Reino Unido;2018T3;.
Melilla;Reino Unido;2018T2;.
Melilla;Reino Unido;2018T1;.
Melilla;Rumanía;2025T2;.
Melilla;Rumanía;2025T1;.
Melilla;Rumanía;2024T4;.
Melilla;Rumanía;2024T3;.
Melilla;Rumanía;2024T2;.
Melilla;Rumanía;2024T1;.
Melilla;Rumanía;2023T4;.
Melilla;Rumanía;2023T3;.
Melilla;Rumanía;2023T2;.
Melilla;Rumanía;2023T1;.
Melilla;Rumanía;2022T4;.
Melilla;Rumanía;2022T3;.
Melilla;Rumanía;2022T2;.
Melilla;Rumanía;2022T1;.
Melilla;Rumanía;2021T4;.
Melilla;Rumanía;2021T3;.
Melilla;Rumanía;2021T2;.
Melilla;Rumanía;2021T1;.
Melilla;Rumanía;2020T4;.
Melilla;Rumanía;2020T3;.
Melilla;Rumanía;2020T2;.
Melilla;Rumanía;2020T1;.
Melilla;Rumanía;2019T4;.
Melilla;Rumanía;2019T3;.
Melilla;Rumanía;2019T2;.
Melilla;Rumanía;2019T1;.
Melilla;Rumanía;2018T4;.
Melilla;Rumanía;2018T3;.
Melilla;Rumanía;2018T2;.
Melilla;Rumanía;2018T1;.
Melilla;Rusia;2025T2;.
Melilla;Rusia;2025T1;.
Melilla;Rusia;2024T4;.
Melilla;Rusia;2024T3;.
Melilla;Rusia;2024T2;.
Melilla;Rusia;2024T1;.
Melilla;Rusia;2023T4;.
Melilla;Rusia;2023T3;.
Melilla;Rusia;2023T2;.
Melilla;Rusia;2023T1;.
Melilla;Rusia;2022T4;.
Melilla;Rusia;2022T3;.
Melilla;Rusia;2022T2;.
Melilla;Rusia;2022T1;.
Melilla;Rusia;2021T4;.
Melilla;Rusia;2021T3;.
Melilla;Rusia;2021T2;.
Melilla;Rusia;2021T1;.
Melilla;Rusia;2020T4;.
Melilla;Rusia;2020T3;.
Melilla;Rusia;2020T2;.
Melilla;Rusia;2020T1;.
Melilla;Rusia;2019T4;.
Melilla;Rusia;2019T3;.
Melilla;Rusia;2019T2;.
Melilla;Rusia;2019T1;.
Melilla;Rusia;2018T4;.
Melilla;Rusia;2018T3;.
Melilla;Rusia;2018T2;.
Melilla;Rusia;2018T1;.
Melilla;Suecia;2025T2;.
Melilla;Suecia;2025T1;.
Melilla;Suecia;2024T4;.
Melilla;Suecia;2024T3;.
Melilla;Suecia;2024T2;.
Melilla;Suecia;2024T1;.
Melilla;Suecia;2023T4;.
Melilla;Suecia;2023T3;.
Melilla;Suecia;2023T2;.
Melilla;Suecia;2023T1;.
Melilla;Suecia;2022T4;.
Melilla;Suecia;2022T3;.
Melilla;Suecia;2022T2;.
Melilla;Suecia;2022T1;.
Melilla;Suecia;2021T4;.
Melilla;Suecia;2021T3;.
Melilla;Suecia;2021T2;.
Melilla;Suecia;2021T1;.
Melilla;Suecia;2020T4;.
Melilla;Suecia;2020T3;.
Melilla;Suecia;2020T2;.
Melilla;Suecia;2020T1;.
Melilla;Suecia;2019T4;.
Melilla;Suecia;2019T3;.
Melilla;Suecia;2019T2;.
Melilla;Suecia;2019T1;.
Melilla;Suecia;2018T4;.
Melilla;Suecia;2018T3;.
Melilla;Suecia;2018T2;.
Melilla;Suecia;2018T1;.
Melilla;Suiza;2025T2;.
Melilla;Suiza;2025T1;.
Melilla;Suiza;2024T4;.
Melilla;Suiza;2024T3;.
Melilla;Suiza;2024T2;.
Melilla;Suiza;2024T1;.
Melilla;Suiza;2023T4;.
Melilla;Suiza;2023T3;.
Melilla;Suiza;2023T2;.
Melilla;Suiza;2023T1;.
Melilla;Suiza;2022T4;.
Melilla;Suiza;2022T3;.
Melilla;Suiza;2022T2;.
Melilla;Suiza;2022T1;.
Melilla;Suiza;2021T4;.
Melilla;Suiza;2021T3;.
Melilla;Suiza;2021T2;.
Melilla;Suiza;2021T1;.
Melilla;Suiza;2020T4;.
Melilla;Suiza;2020T3;.
Melilla;Suiza;2020T2;.
Melilla;Suiza;2020T1;.
Melilla;Suiza;2019T4;.
Melilla;Suiza;2019T3;.
Melilla;Suiza;2019T2;.
Melilla;Suiza;2019T1;.
Melilla;Suiza;2018T4;.
Melilla;Suiza;2018T3;.
Melilla;Suiza;2018T2;.
Melilla;Suiza;2018T1;.
Melilla;Otros Países Europeos;2025T2;.
Melilla;Otros Países Europeos;2025T1;.
Melilla;Otros Países Europeos;2024T4;.
Melilla;Otros Países Europeos;2024T3;.
Melilla;Otros Países Europeos;2024T2;.
Melilla;Otros Países Europeos;2024T1;.
Melilla;Otros Países Europeos;2023T4;.
Melilla;Otros Países Europeos;2023T3;.
Melilla;Otros Países Europeos;2023T2;.
Melilla;Otros Países Europeos;2023T1;.
Melilla;Otros Países Europeos;2022T4;.
Melilla;Otros Países Europeos;2022T3;.
Melilla;Otros Países Europeos;2022T2;.
Melilla;Otros Países Europeos;2022T1;.
Melilla;Otros Países Europeos;2021T4;.
Melilla;Otros Países Europeos;2021T3;.
Melilla;Otros Países Europeos;2021T2;.
Melilla;Otros Países Europeos;2021T1;.
Melilla;Otros Países Europeos;2020T4;.
Melilla;Otros Países Europeos;2020T3;.
Melilla;Otros Países Europeos;2020T2;.
Melilla;Otros Países Europeos;2020T1;.
Melilla;Otros Países Europeos;2019T4;.
Melilla;Otros Países Europeos;2019T3;.
Melilla;Otros Países Europeos;2019T2;.
Melilla;Otros Países Europeos;2019T1;.
Melilla;Otros Países Europeos;2018T4;.
Melilla;Otros Países Europeos;2018T3;.
Melilla;Otros Países Europeos;2018T2;.
Melilla;Otros Países Europeos;2018T1;.
Melilla;Argentina;2025T2;.
Melilla;Argentina;2025T1;.
Melilla;Argentina;2024T4;.
Melilla;Argentina;2024T3;.
Melilla;Argentina;2024T2;.
Melilla;Argentina;2024T1;.
Melilla;Argentina;2023T4;.
Melilla;Argentina;2023T3;.
Melilla;Argentina;2023T2;.
Melilla;Argentina;2023T1;.
Melilla;Argentina;2022T4;.
Melilla;Argentina;2022T3;.
Melilla;Argentina;2022T2;.
Melilla;Argentina;2022T1;.
Melilla;Argentina;2021T4;.
Melilla;Argentina;2021T3;.
Melilla;Argentina;2021T2;.
Melilla;Argentina;2021T1;.
Melilla;Argentina;2020T4;.
Melilla;Argentina;2020T3;.
Melilla;Argentina;2020T2;.
Melilla;Argentina;2020T1;.
Melilla;Argentina;2019T4;.
Melilla;Argentina;2019T3;.
Melilla;Argentina;2019T2;.
Melilla;Argentina;2019T1;.
Melilla;Argentina;2018T4;.
Melilla;Argentina;2018T3;.
Melilla;Argentina;2018T2;.
Melilla;Argentina;2018T1;.
Melilla;Brasil;2025T2;.
Melilla;Brasil;2025T1;.
Melilla;Brasil;2024T4;.
Melilla;Brasil;2024T3;.
Melilla;Brasil;2024T2;.
Melilla;Brasil;2024T1;.
Melilla;Brasil;2023T4;.
Melilla;Brasil;2023T3;.
Melilla;Brasil;2023T2;.
Melilla;Brasil;2023T1;.
Melilla;Brasil;2022T4;.
Melilla;Brasil;2022T3;.
Melilla;Brasil;2022T2;.
Melilla;Brasil;2022T1;.
Melilla;Brasil;2021T4;.
Melilla;Brasil;2021T3;.
Melilla;Brasil;2021T2;.
Melilla;Brasil;2021T1;.
Melilla;Brasil;2020T4;.
Melilla;Brasil;2020T3;.
Melilla;Brasil;2020T2;.
Melilla;Brasil;2020T1;.
Melilla;Brasil;2019T4;.
Melilla;Brasil;2019T3;.
Melilla;Brasil;2019T2;.
Melilla;Brasil;2019T1;.
Melilla;Brasil;2018T4;.
Melilla;Brasil;2018T3;.
Melilla;Brasil;2018T2;.
Melilla;Brasil;2018T1;.
Melilla;Canadá;2025T2;.
Melilla;Canadá;2025T1;.
Melilla;Canadá;2024T4;.
Melilla;Canadá;2024T3;.
Melilla;Canadá;2024T2;.
Melilla;Canadá;2024T1;.
Melilla;Canadá;2023T4;.
Melilla;Canadá;2023T3;.
Melilla;Canadá;2023T2;.
Melilla;Canadá;2023T1;.
Melilla;Canadá;2022T4;.
Melilla;Canadá;2022T3;.
Melilla;Canadá;2022T2;.
Melilla;Canadá;2022T1;.
Melilla;Canadá;2021T4;.
Melilla;Canadá;2021T3;.
Melilla;Canadá;2021T2;.
Melilla;Canadá;2021T1;.
Melilla;Canadá;2020T4;.
Melilla;Canadá;2020T3;.
Melilla;Canadá;2020T2;.
Melilla;Canadá;2020T1;.
Melilla;Canadá;2019T4;.
Melilla;Canadá;2019T3;.
Melilla;Canadá;2019T2;.
Melilla;Canadá;2019T1;.
Melilla;Canadá;2018T4;.
Melilla;Canadá;2018T3;.
Melilla;Canadá;2018T2;.
Melilla;Canadá;2018T1;.
Melilla;Chile;2025T2;.
Melilla;Chile;2025T1;.
Melilla;Chile;2024T4;.
Melilla;Chile;2024T3;.
Melilla;Chile;2024T2;.
Melilla;Chile;2024T1;.
Melilla;Chile;2023T4;.
Melilla;Chile;2023T3;.
Melilla;Chile;2023T2;.
Melilla;Chile;2023T1;.
Melilla;Chile;2022T4;.
Melilla;Chile;2022T3;.
Melilla;Chile;2022T2;.
Melilla;Chile;2022T1;.
Melilla;Chile;2021T4;.
Melilla;Chile;2021T3;.
Melilla;Chile;2021T2;.
Melilla;Chile;2021T1;.
Melilla;Chile;2020T4;.
Melilla;Chile;2020T3;.
Melilla;Chile;2020T2;.
Melilla;Chile;2020T1;.
Melilla;Chile;2019T4;.
Melilla;Chile;2019T3;.
Melilla;Chile;2019T2;.
Melilla;Chile;2019T1;.
Melilla;Chile;2018T4;.
Melilla;Chile;2018T3;.
Melilla;Chile;2018T2;.
Melilla;Chile;2018T1;.
Melilla;Colombia;2025T2;.
Melilla;Colombia;2025T1;.
Melilla;Colombia;2024T4;.
Melilla;Colombia;2024T3;.
Melilla;Colombia;2024T2;.
Melilla;Colombia;2024T1;.
Melilla;Colombia;2023T4;.
Melilla;Colombia;2023T3;.
Melilla;Colombia;2023T2;.
Melilla;Colombia;2023T1;.
Melilla;Colombia;2022T4;.
Melilla;Colombia;2022T3;.
Melilla;Colombia;2022T2;.
Melilla;Colombia;2022T1;.
Melilla;Colombia;2021T4;.
Melilla;Colombia;2021T3;.
Melilla;Colombia;2021T2;.
Melilla;Colombia;2021T1;.
Melilla;Colombia;2020T4;.
Melilla;Colombia;2020T3;.
Melilla;Colombia;2020T2;.
Melilla;Colombia;2020T1;.
Melilla;Colombia;2019T4;.
Melilla;Colombia;2019T3;.
Melilla;Colombia;2019T2;.
Melilla;Colombia;2019T1;.
Melilla;Colombia;2018T4;.
Melilla;Colombia;2018T3;.
Melilla;Colombia;2018T2;.
Melilla;Colombia;2018T1;.
Melilla;Estados Unidos de América;2025T2;.
Melilla;Estados Unidos de América;2025T1;.
Melilla;Estados Unidos de América;2024T4;.
Melilla;Estados Unidos de América;2024T3;.
Melilla;Estados Unidos de América;2024T2;.
Melilla;Estados Unidos de América;2024T1;.
Melilla;Estados Unidos de América;2023T4;.
Melilla;Estados Unidos de América;2023T3;.
Melilla;Estados Unidos de América;2023T2;.
Melilla;Estados Unidos de América;2023T1;.
Melilla;Estados Unidos de América;2022T4;.
Melilla;Estados Unidos de América;2022T3;.
Melilla;Estados Unidos de América;2022T2;.
Melilla;Estados Unidos de América;2022T1;.
Melilla;Estados Unidos de América;2021T4;.
Melilla;Estados Unidos de América;2021T3;.
Melilla;Estados Unidos de América;2021T2;.
Melilla;Estados Unidos de América;2021T1;.
Melilla;Estados Unidos de América;2020T4;.
Melilla;Estados Unidos de América;2020T3;.
Melilla;Estados Unidos de América;2020T2;.
Melilla;Estados Unidos de América;2020T1;.
Melilla;Estados Unidos de América;2019T4;.
Melilla;Estados Unidos de América;2019T3;.
Melilla;Estados Unidos de América;2019T2;.
Melilla;Estados Unidos de América;2019T1;.
Melilla;Estados Unidos de América;2018T4;.
Melilla;Estados Unidos de América;2018T3;.
Melilla;Estados Unidos de América;2018T2;.
Melilla;Estados Unidos de América;2018T1;.
Melilla;México;2025T2;.
Melilla;México;2025T1;.
Melilla;México;2024T4;.
Melilla;México;2024T3;.
Melilla;México;2024T2;.
Melilla;México;2024T1;.
Melilla;México;2023T4;.
Melilla;México;2023T3;.
Melilla;México;2023T2;.
Melilla;México;2023T1;.
Melilla;México;2022T4;.
Melilla;México;2022T3;.
Melilla;México;2022T2;.
Melilla;México;2022T1;.
Melilla;México;2021T4;.
Melilla;México;2021T3;.
Melilla;México;2021T2;.
Melilla;México;2021T1;.
Melilla;México;2020T4;.
Melilla;México;2020T3;.
Melilla;México;2020T2;.
Melilla;México;2020T1;.
Melilla;México;2019T4;.
Melilla;México;2019T3;.
Melilla;México;2019T2;.
Melilla;México;2019T1;.
Melilla;México;2018T4;.
Melilla;México;2018T3;.
Melilla;México;2018T2;.
Melilla;México;2018T1;.
Melilla;Resto de América;2025T2;.
Melilla;Resto de América;2025T1;.
Melilla;Resto de América;2024T4;.
Melilla;Resto de América;2024T3;.
Melilla;Resto de América;2024T2;.
Melilla;Resto de América;2024T1;.
Melilla;Resto de América;2023T4;.
Melilla;Resto de América;2023T3;.
Melilla;Resto de América;2023T2;.
Melilla;Resto de América;2023T1;.
Melilla;Resto de América;2022T4;.
Melilla;Resto de América;2022T3;.
Melilla;Resto de América;2022T2;.
Melilla;Resto de América;2022T1;.
Melilla;Resto de América;2021T4;.
Melilla;Resto de América;2021T3;.
Melilla;Resto de América;2021T2;.
Melilla;Resto de América;2021T1;.
Melilla;Resto de América;2020T4;.
Melilla;Resto de América;2020T3;.
Melilla;Resto de América;2020T2;.
Melilla;Resto de América;2020T1;.
Melilla;Resto de América;2019T4;.
Melilla;Resto de América;2019T3;.
Melilla;Resto de América;2019T2;.
Melilla;Resto de América;2019T1;.
Melilla;Resto de América;2018T4;.
Melilla;Resto de América;2018T3;.
Melilla;Resto de América;2018T2;.
Melilla;Resto de América;2018T1;.
Melilla;Australia;2025T2;.
Melilla;Australia;2025T1;.
Melilla;Australia;2024T4;.
Melilla;Australia;2024T3;.
Melilla;Australia;2024T2;.
Melilla;Australia;2024T1;.
Melilla;Australia;2023T4;.
Melilla;Australia;2023T3;.
Melilla;Australia;2023T2;.
Melilla;Australia;2023T1;.
Melilla;Australia;2022T4;.
Melilla;Australia;2022T3;.
Melilla;Australia;2022T2;.
Melilla;Australia;2022T1;.
Melilla;Australia;2021T4;.
Melilla;Australia;2021T3;.
Melilla;Australia;2021T2;.
Melilla;Australia;2021T1;.
Melilla;Australia;2020T4;.
Melilla;Australia;2020T3;.
Melilla;Australia;2020T2;.
Melilla;Australia;2020T1;.
Melilla;Australia;2019T4;.
Melilla;Australia;2019T3;.
Melilla;Australia;2019T2;.
Melilla;Australia;2019T1;.
Melilla;Australia;2018T4;.
Melilla;Australia;2018T3;.
Melilla;Australia;2018T2;.
Melilla;Australia;2018T1;.
Melilla;China;2025T2;.
Melilla;China;2025T1;.
Melilla;China;2024T4;.
Melilla;China;2024T3;.
Melilla;China;2024T2;.
Melilla;China;2024T1;.
Melilla;China;2023T4;.
Melilla;China;2023T3;.
Melilla;China;2023T2;.
Melilla;China;2023T1;.
Melilla;China;2022T4;.
Melilla;China;2022T3;.
Melilla;China;2022T2;.
Melilla;China;2022T1;.
Melilla;China;2021T4;.
Melilla;China;2021T3;.
Melilla;China;2021T2;.
Melilla;China;2021T1;.
Melilla;China;2020T4;.
Melilla;China;2020T3;.
Melilla;China;2020T2;.
Melilla;China;2020T1;.
Melilla;China;2019T4;.
Melilla;China;2019T3;.
Melilla;China;2019T2;.
Melilla;China;2019T1;.
Melilla;China;2018T4;.
Melilla;China;2018T3;.
Melilla;China;2018T2;.
Melilla;China;2018T1;.
Melilla;Corea;2025T2;.
Melilla;Corea;2025T1;.
Melilla;Corea;2024T4;.
Melilla;Corea;2024T3;.
Melilla;Corea;2024T2;.
Melilla;Corea;2024T1;.
Melilla;Corea;2023T4;.
Melilla;Corea;2023T3;.
Melilla;Corea;2023T2;.
Melilla;Corea;2023T1;.
Melilla;Corea;2022T4;.
Melilla;Corea;2022T3;.
Melilla;Corea;2022T2;.
Melilla;Corea;2022T1;.
Melilla;Corea;2021T4;.
Melilla;Corea;2021T3;.
Melilla;Corea;2021T2;.
Melilla;Corea;2021T1;.
Melilla;Corea;2020T4;.
Melilla;Corea;2020T3;.
Melilla;Corea;2020T2;.
Melilla;Corea;2020T1;.
Melilla;Corea;2019T4;.
Melilla;Corea;2019T3;.
Melilla;Corea;2019T2;.
Melilla;Corea;2019T1;.
Melilla;Corea;2018T4;.
Melilla;Corea;2018T3;.
Melilla;Corea;2018T2;.
Melilla;Corea;2018T1;.
Melilla;Emiratos Árabes Unidos;2025T2;.
Melilla;Emiratos Árabes Unidos;2025T1;.
Melilla;Emiratos Árabes Unidos;2024T4;.
Melilla;Emiratos Árabes Unidos;2024T3;.
Melilla;Emiratos Árabes Unidos;2024T2;.
Melilla;Emiratos Árabes Unidos;2024T1;.
Melilla;Emiratos Árabes Unidos;2023T4;.
Melilla;Emiratos Árabes Unidos;2023T3;.
Melilla;Emiratos Árabes Unidos;2023T2;.
Melilla;Emiratos Árabes Unidos;2023T1;.
Melilla;Emiratos Árabes Unidos;2022T4;.
Melilla;Emiratos Árabes Unidos;2022T3;.
Melilla;Emiratos Árabes Unidos;2022T2;.
Melilla;Emiratos Árabes Unidos;2022T1;.
Melilla;Emiratos Árabes Unidos;2021T4;.
Melilla;Emiratos Árabes Unidos;2021T3;.
Melilla;Emiratos Árabes Unidos;2021T2;.
Melilla;Emiratos Árabes Unidos;2021T1;.
Melilla;Emiratos Árabes Unidos;2020T4;.
Melilla;Emiratos Árabes Unidos;2020T3;.
Melilla;Emiratos Árabes Unidos;2020T2;.
Melilla;Emiratos Árabes Unidos;2020T1;.
Melilla;Emiratos Árabes Unidos;2019T4;.
Melilla;Emiratos Árabes Unidos;2019T3;.
Melilla;Emiratos Árabes Unidos;2019T2;.
Melilla;Emiratos Árabes Unidos;2019T1;.
Melilla;Emiratos Árabes Unidos;2018T4;.
Melilla;Emiratos Árabes Unidos;2018T3;.
Melilla;Emiratos Árabes Unidos;2018T2;.
Melilla;Emiratos Árabes Unidos;2018T1;.
Melilla;Japón;2025T2;.
Melilla;Japón;2025T1;.
Melilla;Japón;2024T4;.
Melilla;Japón;2024T3;.
Melilla;Japón;2024T2;.
Melilla;Japón;2024T1;.
Melilla;Japón;2023T4;.
Melilla;Japón;2023T3;.
Melilla;Japón;2023T2;.
Melilla;Japón;2023T1;.
Melilla;Japón;2022T4;.
Melilla;Japón;2022T3;.
Melilla;Japón;2022T2;.
Melilla;Japón;2022T1;.
Melilla;Japón;2021T4;.
Melilla;Japón;2021T3;.
Melilla;Japón;2021T2;.
Melilla;Japón;2021T1;.
Melilla;Japón;2020T4;.
Melilla;Japón;2020T3;.
Melilla;Japón;2020T2;.
Melilla;Japón;2020T1;.
Melilla;Japón;2019T4;.
Melilla;Japón;2019T3;.
Melilla;Japón;2019T2;.
Melilla;Japón;2019T1;.
Melilla;Japón;2018T4;.
Melilla;Japón;2018T3;.
Melilla;Japón;2018T2;.
Melilla;Japón;2018T1;.
Melilla;Turquía;2025T2;.
Melilla;Turquía;2025T1;.
Melilla;Turquía;2024T4;.
Melilla;Turquía;2024T3;.
Melilla;Turquía;2024T2;.
Melilla;Turquía;2024T1;.
Melilla;Turquía;2023T4;.
Melilla;Turquía;2023T3;.
Melilla;Turquía;2023T2;.
Melilla;Turquía;2023T1;.
Melilla;Turquía;2022T4;.
Melilla;Turquía;2022T3;.
Melilla;Turquía;2022T2;.
Melilla;Turquía;2022T1;.
Melilla;Turquía;2021T4;.
Melilla;Turquía;2021T3;.
Melilla;Turquía;2021T2;.
Melilla;Turquía;2021T1;.
Melilla;Turquía;2020T4;.
Melilla;Turquía;2020T3;.
Melilla;Turquía;2020T2;.
Melilla;Turquía;2020T1;.
Melilla;Turquía;2019T4;.
Melilla;Turquía;2019T3;.
Melilla;Turquía;2019T2;.
Melilla;Turquía;2019T1;.
Melilla;Turquía;2018T4;.
Melilla;Turquía;2018T3;.
Melilla;Turquía;2018T2;.
Melilla;Turquía;2018T1;.
Melilla;Resto del mundo;2025T2;.
Melilla;Resto del mundo;2025T1;.
Melilla;Resto del mundo;2024T4;.
Melilla;Resto del mundo;2024T3;.
Melilla;Resto del mundo;2024T2;.
Melilla;Resto del mundo;2024T1;.
Melilla;Resto del mundo;2023T4;.
Melilla;Resto del mundo;2023T3;.
Melilla;Resto del mundo;2023T2;.
Melilla;Resto del mundo;2023T1;.
Melilla;Resto del mundo;2022T4;.
Melilla;Resto del mundo;2022T3;.
Melilla;Resto del mundo;2022T2;.
Melilla;Resto del mundo;2022T1;.
Melilla;Resto del mundo;2021T4;.
Melilla;Resto del mundo;2021T3;.
Melilla;Resto del mundo;2021T2;.
Melilla;Resto del mundo;2021T1;.
Melilla;Resto del mundo;2020T4;.
Melilla;Resto del mundo;2020T3;.
Melilla;Resto del mundo;2020T2;.
Melilla;Resto del mundo;2020T1;.
Melilla;Resto del mundo;2019T4;.
Melilla;Resto del mundo;2019T3;.
Melilla;Resto del mundo;2019T2;.
Melilla;Resto del mundo;2019T1;.
Melilla;Resto del mundo;2018T4;.
Melilla;Resto del mundo;2018T3;.
Melilla;Resto del mundo;2018T2;.
Melilla;Resto del mundo;2018T1;.
